Order_ID,Order_Date,Order_Month,Category,Region,Gross_Amount,Final_Status,Delivery_Days,Customer_Rating,Net_Revenue
ORD00001,2023-04-13,2023-04,Điện thoại & Phụ kiện,Hà Nội,1680000.0,Canceled,11,0.0,0.0
ORD00002,2023-12-15,2023-12,Điện thoại & Phụ kiện,TP.HCM,4560000.0,Delivered,4,4.0,4560000.0
ORD00003,2023-09-28,2023-09,Điện thoại & Phụ kiện,Cần Thơ,1630000.0,Delivered,11,1.0,1630000.0
ORD00004,2023-04-17,2023-04,Điện thoại & Phụ kiện,Hải Phòng,4110000.0,Delivered,1,1.0,4110000.0
ORD00005,2023-03-13,2023-03,Thời trang,Cần Thơ,910000.0,Delivered,13,4.0,910000.0
ORD00006,2023-07-08,2023-07,Điện thoại & Phụ kiện,Hải Phòng,660000.0,Delivered,10,1.0,660000.0
ORD00007,2023-01-21,2023-01,Điện thoại & Phụ kiện,Cần Thơ,160000.0,Delivered,5,1.0,160000.0
ORD00008,2023-04-13,2023-04,Mỹ phẩm,TP.HCM,1210000.0,Returned,8,0.0,0.0
ORD00009,2023-05-02,2023-05,Điện thoại & Phụ kiện,Cần Thơ,4950000.0,Delivered,10,1.0,4950000.0
ORD00010,2023-08-03,2023-08,Điện thoại & Phụ kiện,Hà Nội,570000.0,Delivered,4,1.0,570000.0
ORD00011,2023-11-27,2023-11,Mỹ phẩm,Cần Thơ,0.0,Delivered,10,4.0,
ORD00012,2023-03-29,2023-03,Điện thoại & Phụ kiện,Hải Phòng,0.0,Delivered,10,1.0,
ORD00013,2023-04-10,2023-04,Điện thoại & Phụ kiện,Đà Nẵng,0.0,Delivered,4,3.0,
ORD00014,2023-12-26,2023-12,Thời trang,Cần Thơ,0.0,Delivered,13,3.0,
ORD00015,2023-06-01,2023-06,Điện thoại & Phụ kiện,Cần Thơ,0.0,Canceled,12,0.0,0.0
ORD00016,2023-05-11,2023-05,Thời trang,Cần Thơ,0.0,Delivered,9,3.0,
ORD00017,2023-05-30,2023-05,Mỹ phẩm,Hải Phòng,0.0,Delivered,9,2.0,
ORD00018,2023-11-05,2023-11,Điện thoại & Phụ kiện,Cần Thơ,0.0,Delivered,7,4.0,
ORD00019,2023-09-15,2023-09,Thời trang,Hải Phòng,0.0,Delivered,10,1.0,
ORD00020,2023-12-10,2023-12,Thời trang,Hải Phòng,0.0,Delivered,8,3.0,
ORD00021,2023-10-21,2023-10,Điện thoại & Phụ kiện,Đà Nẵng,0.0,Delivered,12,2.0,
ORD00022,2023-07-11,2023-07,Thời trang,Hà Nội,0.0,Delivered,12,4.0,
ORD00023,2023-10-04,2023-10,Điện thoại & Phụ kiện,Hải Phòng,0.0,Returned,4,0.0,0.0
ORD00024,2023-06-10,2023-06,Thời trang,TP.HCM,0.0,Delivered,8,1.0,
ORD00025,2023-11-10,2023-11,Điện thoại & Phụ kiện,Cần Thơ,0.0,Delivered,6,5.0,
ORD00026,2023-01-22,2023-01,Thời trang,TP.HCM,0.0,Delivered,13,3.0,
ORD00027,2023-09-10,2023-09,Điện thoại & Phụ kiện,Cần Thơ,0.0,Delivered,3,2.0,
ORD00028,2023-08-24,2023-08,Mỹ phẩm,Đà Nẵng,0.0,Delivered,7,4.0,
ORD00029,2023-12-11,2023-12,Điện thoại & Phụ kiện,Hải Phòng,0.0,Canceled,3,0.0,0.0
ORD00030,2023-02-18,2023-02,Thời trang,Hà Nội,0.0,Delivered,11,2.0,
ORD00031,2023-02-28,2023-02,Thời trang,Hải Phòng,0.0,Delivered,7,2.0,
ORD00032,2023-06-19,2023-06,Mỹ phẩm,Cần Thơ,0.0,Delivered,5,4.0,
ORD00033,2023-07-07,2023-07,Thời trang,Hà Nội,0.0,Delivered,4,3.0,
ORD00034,2023-09-28,2023-09,Thời trang,Hải Phòng,0.0,Delivered,3,2.0,
ORD00035,2023-07-09,2023-07,Mỹ phẩm,Hà Nội,0.0,Canceled,8,0.0,0.0
ORD00036,2023-06-24,2023-06,Mỹ phẩm,Cần Thơ,0.0,Delivered,4,3.0,
ORD00037,2023-02-20,2023-02,Điện thoại & Phụ kiện,Đà Nẵng,0.0,Delivered,8,3.0,
ORD00038,2023-12-30,2023-12,Thời trang,Đà Nẵng,0.0,Delivered,10,4.0,
ORD00039,2023-02-24,2023-02,Mỹ phẩm,Hải Phòng,0.0,Delivered,3,3.0,
ORD00040,2023-09-01,2023-09,Nhà cửa & Đời sống,TP.HCM,0.0,Delivered,10,5.0,
ORD00041,2023-11-16,2023-11,Mỹ phẩm,Cần Thơ,0.0,Delivered,13,2.0,
ORD00042,2023-05-11,2023-05,Điện thoại & Phụ kiện,Hải Phòng,0.0,Delivered,9,2.0,
ORD00043,2023-11-03,2023-11,Điện thoại & Phụ kiện,Hải Phòng,0.0,Canceled,6,0.0,0.0
ORD00044,2023-05-15,2023-05,Thời trang,Đà Nẵng,0.0,Delivered,5,4.0,
ORD00045,2023-01-21,2023-01,Mỹ phẩm,Hà Nội,0.0,Delivered,5,1.0,
ORD00046,2023-11-25,2023-11,Thời trang,Cần Thơ,0.0,Canceled,13,0.0,0.0
ORD00047,2023-06-16,2023-06,Thời trang,Hà Nội,0.0,Delivered,3,1.0,
ORD00048,2023-10-01,2023-10,Mỹ phẩm,Cần Thơ,0.0,Canceled,2,0.0,0.0
ORD00049,2023-03-30,2023-03,Điện thoại & Phụ kiện,TP.HCM,0.0,Delivered,6,1.0,
ORD00050,2023-11-12,2023-11,Mỹ phẩm,Đà Nẵng,0.0,Delivered,11,3.0,
ORD00051,2023-01-14,2023-01,Thời trang,TP.HCM,0.0,Delivered,1,4.0,
ORD00052,2023-08-30,2023-08,Điện thoại & Phụ kiện,Hải Phòng,4530000.0,Delivered,7,1.0,4530000.0
ORD00053,2023-09-22,2023-09,Thời trang,Đà Nẵng,4190000.0,Delivered,5,5.0,4190000.0
ORD00054,2023-12-12,2023-12,Mỹ phẩm,Hải Phòng,2740000.0,Canceled,4,0.0,0.0
ORD00055,2023-02-22,2023-02,Điện thoại & Phụ kiện,TP.HCM,1570000.0,Delivered,9,3.0,1570000.0
ORD00056,2023-12-06,2023-12,Điện thoại & Phụ kiện,Cần Thơ,1930000.0,Delivered,10,1.0,1930000.0
ORD00057,2023-04-02,2023-04,Nhà cửa & Đời sống,Hải Phòng,2360000.0,Delivered,1,2.0,2360000.0
ORD00058,2023-09-21,2023-09,Điện thoại & Phụ kiện,Hà Nội,3010000.0,Delivered,11,4.0,3010000.0
ORD00059,2023-02-04,2023-02,Thời trang,Cần Thơ,4990000.0,Delivered,4,1.0,4990000.0
ORD00060,2023-07-25,2023-07,Thời trang,Cần Thơ,450000.0,Delivered,3,4.0,450000.0
ORD00061,2023-03-22,2023-03,Thời trang,TP.HCM,2550000.0,Delivered,6,1.0,2550000.0
ORD00062,2023-02-19,2023-02,Thời trang,TP.HCM,820000.0,Delivered,5,2.0,820000.0
ORD00063,2023-12-26,2023-12,Điện thoại & Phụ kiện,Đà Nẵng,1590000.0,Returned,7,0.0,0.0
ORD00064,2023-01-02,2023-01,Thời trang,Đà Nẵng,100000.0,Delivered,13,2.0,100000.0
ORD00065,2023-02-23,2023-02,Điện thoại & Phụ kiện,Hà Nội,780000.0,Returned,1,0.0,0.0
ORD00066,2023-04-16,2023-04,Thời trang,Cần Thơ,4660000.0,Delivered,13,4.0,4660000.0
ORD00067,2023-09-17,2023-09,Điện thoại & Phụ kiện,Hà Nội,3020000.0,Delivered,5,5.0,3020000.0
ORD00068,2023-11-06,2023-11,Thời trang,Hà Nội,2390000.0,Canceled,2,0.0,0.0
ORD00069,2023-07-10,2023-07,Điện thoại & Phụ kiện,TP.HCM,2200000.0,Delivered,2,1.0,2200000.0
ORD00070,2023-08-06,2023-08,Điện thoại & Phụ kiện,Hà Nội,810000.0,Canceled,11,0.0,0.0
ORD00071,2023-02-13,2023-02,Điện thoại & Phụ kiện,Hà Nội,4990000.0,Delivered,11,3.0,4990000.0
ORD00072,2023-06-11,2023-06,Điện thoại & Phụ kiện,Hải Phòng,3720000.0,Returned,2,0.0,0.0
ORD00073,2023-07-21,2023-07,Mỹ phẩm,Đà Nẵng,1050000.0,Delivered,9,3.0,1050000.0
ORD00074,2023-09-27,2023-09,Điện thoại & Phụ kiện,Đà Nẵng,4060000.0,Delivered,10,4.0,4060000.0
ORD00075,2023-12-17,2023-12,Nhà cửa & Đời sống,Cần Thơ,930000.0,Delivered,3,1.0,930000.0
ORD00076,2023-10-31,2023-10,Nhà cửa & Đời sống,Đà Nẵng,2370000.0,Canceled,4,0.0,0.0
ORD00077,2023-09-28,2023-09,Thời trang,Cần Thơ,3080000.0,Delivered,5,4.0,3080000.0
ORD00078,2023-08-03,2023-08,Điện thoại & Phụ kiện,Hải Phòng,2450000.0,Delivered,4,2.0,2450000.0
ORD00079,2023-09-09,2023-09,Điện thoại & Phụ kiện,Đà Nẵng,3020000.0,Delivered,4,2.0,3020000.0
ORD00080,2023-07-09,2023-07,Mỹ phẩm,Hải Phòng,2310000.0,Delivered,5,1.0,2310000.0
ORD00081,2023-10-23,2023-10,Điện thoại & Phụ kiện,Đà Nẵng,4670000.0,Delivered,10,5.0,4670000.0
ORD00082,2023-08-01,2023-08,Điện thoại & Phụ kiện,Đà Nẵng,2320000.0,Delivered,9,2.0,2320000.0
ORD00083,2023-07-27,2023-07,Thời trang,Hải Phòng,2900000.0,Delivered,12,4.0,2900000.0
ORD00084,2023-08-25,2023-08,Mỹ phẩm,Hà Nội,2300000.0,Delivered,9,1.0,2300000.0
ORD00085,2023-12-04,2023-12,Mỹ phẩm,Hà Nội,2250000.0,Returned,6,0.0,0.0
ORD00086,2023-02-22,2023-02,Điện thoại & Phụ kiện,Hà Nội,2400000.0,Delivered,11,3.0,2400000.0
ORD00087,2023-10-07,2023-10,Thời trang,Hà Nội,4140000.0,Delivered,12,2.0,4140000.0
ORD00088,2023-08-05,2023-08,Điện thoại & Phụ kiện,Đà Nẵng,1780000.0,Delivered,3,5.0,1780000.0
ORD00089,2023-09-09,2023-09,Điện thoại & Phụ kiện,TP.HCM,3380000.0,Delivered,6,2.0,3380000.0
ORD00090,2023-07-07,2023-07,Mỹ phẩm,Hải Phòng,4350000.0,Delivered,10,5.0,4350000.0
ORD00091,2023-02-10,2023-02,Điện thoại & Phụ kiện,TP.HCM,510000.0,Returned,4,0.0,0.0
ORD00092,2023-06-06,2023-06,Điện thoại & Phụ kiện,TP.HCM,2670000.0,Delivered,3,3.0,2670000.0
ORD00093,2023-01-15,2023-01,Điện thoại & Phụ kiện,Cần Thơ,2050000.0,Delivered,6,5.0,2050000.0
ORD00094,2023-10-28,2023-10,Mỹ phẩm,Hà Nội,4010000.0,Delivered,11,3.0,4010000.0
ORD00095,2023-03-06,2023-03,Mỹ phẩm,Đà Nẵng,1050000.0,Canceled,6,0.0,0.0
ORD00096,2023-12-11,2023-12,Thời trang,Hà Nội,3260000.0,Delivered,2,4.0,3260000.0
ORD00097,2023-11-23,2023-11,Mỹ phẩm,Hà Nội,230000.0,Delivered,9,1.0,230000.0
ORD00098,2023-01-09,2023-01,Điện thoại & Phụ kiện,TP.HCM,1220000.0,Delivered,8,3.0,1220000.0
ORD00099,2023-12-10,2023-12,Thời trang,Cần Thơ,860000.0,Delivered,6,3.0,860000.0
ORD00100,2023-05-09,2023-05,Điện thoại & Phụ kiện,Hà Nội,2860000.0,Delivered,1,1.0,2860000.0
ORD00101,2023-05-16,2023-05,Điện thoại & Phụ kiện,Hải Phòng,4170000.0,Delivered,12,0.0,0.0
ORD00102,2023-03-04,2023-03,Thời trang,Hải Phòng,4430000.0,Delivered,2,0.0,0.0
ORD00103,2023-05-19,2023-05,Nhà cửa & Đời sống,Hà Nội,4750000.0,Delivered,4,0.0,0.0
ORD00104,2023-03-22,2023-03,Điện thoại & Phụ kiện,TP.HCM,4380000.0,Delivered,7,0.0,0.0
ORD00105,2023-06-12,2023-06,Điện thoại & Phụ kiện,TP.HCM,4570000.0,Delivered,9,0.0,0.0
ORD00106,2023-10-16,2023-10,Điện thoại & Phụ kiện,Đà Nẵng,3290000.0,Delivered,10,0.0,0.0
ORD00107,2023-09-18,2023-09,Điện thoại & Phụ kiện,Cần Thơ,4970000.0,Delivered,5,0.0,0.0
ORD00108,2023-08-19,2023-08,Nhà cửa & Đời sống,TP.HCM,4190000.0,Delivered,10,0.0,0.0
ORD00109,2023-02-10,2023-02,Thời trang,Đà Nẵng,1690000.0,Delivered,2,0.0,0.0
ORD00110,2023-01-28,2023-01,Thời trang,Hải Phòng,3220000.0,Delivered,13,0.0,0.0
ORD00111,2023-05-15,2023-05,Mỹ phẩm,Hải Phòng,1280000.0,Delivered,11,0.0,0.0
ORD00112,2023-07-20,2023-07,Điện thoại & Phụ kiện,Hải Phòng,4460000.0,Delivered,11,0.0,0.0
ORD00113,2023-11-24,2023-11,Thời trang,Hà Nội,1700000.0,Delivered,11,0.0,0.0
ORD00114,2023-09-25,2023-09,Thời trang,Cần Thơ,3170000.0,Delivered,1,0.0,0.0
ORD00115,2023-02-02,2023-02,Thời trang,Đà Nẵng,3600000.0,Delivered,10,0.0,0.0
ORD00116,2023-02-17,2023-02,Nhà cửa & Đời sống,Cần Thơ,1550000.0,Delivered,13,0.0,0.0
ORD00117,2023-03-03,2023-03,Mỹ phẩm,Hà Nội,1720000.0,Delivered,1,0.0,0.0
ORD00118,2023-08-04,2023-08,Điện thoại & Phụ kiện,Đà Nẵng,4050000.0,Delivered,5,0.0,0.0
ORD00119,2023-10-20,2023-10,Mỹ phẩm,Đà Nẵng,1880000.0,Delivered,7,0.0,0.0
ORD00120,2023-04-09,2023-04,Điện thoại & Phụ kiện,TP.HCM,980000.0,Delivered,9,0.0,0.0
ORD00121,2023-06-21,2023-06,Điện thoại & Phụ kiện,Cần Thơ,2320000.0,Delivered,9,0.0,0.0
ORD00122,2023-12-26,2023-12,Điện thoại & Phụ kiện,Cần Thơ,2750000.0,Delivered,8,0.0,0.0
ORD00123,2023-08-02,2023-08,Điện thoại & Phụ kiện,TP.HCM,2480000.0,Delivered,1,0.0,0.0
ORD00124,2023-02-04,2023-02,Thời trang,Hải Phòng,3170000.0,Delivered,5,0.0,0.0
ORD00125,2023-08-15,2023-08,Thời trang,Hà Nội,430000.0,Delivered,6,0.0,0.0
ORD00126,2023-04-11,2023-04,Nhà cửa & Đời sống,Cần Thơ,3800000.0,Delivered,6,0.0,0.0
ORD00127,2023-05-11,2023-05,Thời trang,TP.HCM,4600000.0,Delivered,4,0.0,0.0
ORD00128,2023-09-14,2023-09,Thời trang,Đà Nẵng,1760000.0,Delivered,1,0.0,0.0
ORD00129,2023-01-05,2023-01,Điện thoại & Phụ kiện,TP.HCM,4010000.0,Delivered,3,0.0,0.0
ORD00130,2023-08-06,2023-08,Điện thoại & Phụ kiện,Hải Phòng,1340000.0,Delivered,10,0.0,0.0
ORD00131,2023-09-12,2023-09,Thời trang,Hà Nội,2330000.0,Delivered,4,0.0,0.0
ORD00132,2023-12-25,2023-12,Thời trang,Hải Phòng,4220000.0,Delivered,4,0.0,0.0
ORD00133,2023-10-10,2023-10,Mỹ phẩm,Đà Nẵng,1590000.0,Delivered,13,0.0,0.0
ORD00134,2023-07-26,2023-07,Điện thoại & Phụ kiện,Đà Nẵng,4770000.0,Delivered,4,0.0,0.0
ORD00135,2023-01-15,2023-01,Điện thoại & Phụ kiện,Đà Nẵng,4630000.0,Delivered,5,0.0,0.0
ORD00136,2023-12-12,2023-12,Thời trang,Đà Nẵng,1980000.0,Delivered,13,0.0,0.0
ORD00137,2023-02-11,2023-02,Điện thoại & Phụ kiện,TP.HCM,520000.0,Delivered,11,0.0,0.0
ORD00138,2023-06-28,2023-06,Điện thoại & Phụ kiện,Đà Nẵng,4420000.0,Delivered,9,0.0,0.0
ORD00139,2023-03-04,2023-03,Mỹ phẩm,Đà Nẵng,380000.0,Delivered,4,0.0,0.0
ORD00140,2023-12-18,2023-12,Điện thoại & Phụ kiện,TP.HCM,3710000.0,Delivered,9,0.0,0.0
ORD00141,2023-08-19,2023-08,Thời trang,Đà Nẵng,1290000.0,Delivered,9,0.0,0.0
ORD00142,2023-08-29,2023-08,Điện thoại & Phụ kiện,Hải Phòng,3460000.0,Delivered,1,0.0,0.0
ORD00143,2023-02-21,2023-02,Điện thoại & Phụ kiện,Hải Phòng,400000.0,Delivered,5,0.0,0.0
ORD00144,2023-04-06,2023-04,Điện thoại & Phụ kiện,Cần Thơ,1900000.0,Delivered,9,0.0,0.0
ORD00145,2023-08-10,2023-08,Mỹ phẩm,Hải Phòng,1710000.0,Delivered,4,0.0,0.0
ORD00146,2023-08-19,2023-08,Điện thoại & Phụ kiện,Hà Nội,1370000.0,Delivered,5,0.0,0.0
ORD00147,2023-08-25,2023-08,Mỹ phẩm,Hà Nội,2640000.0,Delivered,4,0.0,0.0
ORD00148,2023-05-23,2023-05,Điện thoại & Phụ kiện,Hà Nội,3030000.0,Delivered,13,0.0,0.0
ORD00149,2023-06-20,2023-06,Mỹ phẩm,TP.HCM,4500000.0,Delivered,2,0.0,0.0
ORD00150,2023-01-29,2023-01,Điện thoại & Phụ kiện,Hải Phòng,3660000.0,Delivered,10,0.0,0.0
ORD00151,2023-02-05,2023-02,Thời trang,Hà Nội,3970000.0,Delivered,2,0.0,0.0
ORD00152,2023-01-13,2023-01,Thời trang,Cần Thơ,2630000.0,Delivered,2,4.0,2630000.0
ORD00153,2023-06-09,2023-06,Nhà cửa & Đời sống,TP.HCM,1390000.0,Returned,13,0.0,0.0
ORD00154,2023-11-23,2023-11,Điện thoại & Phụ kiện,Cần Thơ,210000.0,Returned,1,0.0,0.0
ORD00155,2023-07-06,2023-07,Điện thoại & Phụ kiện,Hải Phòng,440000.0,Delivered,3,4.0,440000.0
ORD00156,2023-08-31,2023-08,Điện thoại & Phụ kiện,Đà Nẵng,2070000.0,Delivered,11,1.0,2070000.0
ORD00157,2023-03-27,2023-03,Mỹ phẩm,Cần Thơ,2570000.0,Delivered,10,5.0,2570000.0
ORD00158,2023-10-11,2023-10,Thời trang,Đà Nẵng,1190000.0,Delivered,1,1.0,1190000.0
ORD00159,2023-03-07,2023-03,Mỹ phẩm,TP.HCM,3370000.0,Canceled,4,0.0,0.0
ORD00160,2023-06-19,2023-06,Điện thoại & Phụ kiện,Cần Thơ,4140000.0,Delivered,1,4.0,4140000.0
ORD00161,2023-02-14,2023-02,Điện thoại & Phụ kiện,Cần Thơ,2540000.0,Delivered,4,3.0,2540000.0
ORD00162,2023-03-03,2023-03,Điện thoại & Phụ kiện,TP.HCM,2590000.0,Delivered,3,4.0,2590000.0
ORD00163,2023-05-14,2023-05,Nhà cửa & Đời sống,TP.HCM,3750000.0,Delivered,9,2.0,3750000.0
ORD00164,2023-10-11,2023-10,Thời trang,Hà Nội,3260000.0,Delivered,1,2.0,3260000.0
ORD00165,2023-01-28,2023-01,Nhà cửa & Đời sống,Hải Phòng,1720000.0,Delivered,8,2.0,1720000.0
ORD00166,2023-04-18,2023-04,Điện thoại & Phụ kiện,Cần Thơ,570000.0,Delivered,11,2.0,570000.0
ORD00167,2023-02-13,2023-02,Thời trang,Cần Thơ,4080000.0,Canceled,9,0.0,0.0
ORD00168,2023-12-06,2023-12,Thời trang,TP.HCM,800000.0,Delivered,12,1.0,800000.0
ORD00169,2023-10-13,2023-10,Điện thoại & Phụ kiện,TP.HCM,4080000.0,Canceled,7,0.0,0.0
ORD00170,2023-11-27,2023-11,Mỹ phẩm,Hải Phòng,1430000.0,Delivered,1,3.0,1430000.0
ORD00171,2023-05-08,2023-05,Nhà cửa & Đời sống,TP.HCM,2480000.0,Delivered,4,5.0,2480000.0
ORD00172,2023-12-14,2023-12,Mỹ phẩm,Đà Nẵng,4740000.0,Returned,10,0.0,0.0
ORD00173,2023-08-19,2023-08,Mỹ phẩm,Đà Nẵng,770000.0,Delivered,1,2.0,770000.0
ORD00174,2023-07-09,2023-07,Điện thoại & Phụ kiện,Đà Nẵng,2870000.0,Returned,4,0.0,0.0
ORD00175,2023-08-13,2023-08,Điện thoại & Phụ kiện,Đà Nẵng,410000.0,Delivered,3,1.0,410000.0
ORD00176,2023-10-10,2023-10,Nhà cửa & Đời sống,Hải Phòng,1320000.0,Delivered,2,2.0,1320000.0
ORD00177,2023-05-01,2023-05,Điện thoại & Phụ kiện,Cần Thơ,310000.0,Canceled,1,0.0,0.0
ORD00178,2023-04-26,2023-04,Mỹ phẩm,Đà Nẵng,1640000.0,Delivered,6,5.0,1640000.0
ORD00179,2023-08-21,2023-08,Mỹ phẩm,TP.HCM,1190000.0,Delivered,12,1.0,1190000.0
ORD00180,2023-09-16,2023-09,Thời trang,Đà Nẵng,2800000.0,Delivered,7,2.0,2800000.0
ORD00181,2023-12-25,2023-12,Nhà cửa & Đời sống,Hải Phòng,3890000.0,Canceled,6,0.0,0.0
ORD00182,2023-07-17,2023-07,Điện thoại & Phụ kiện,TP.HCM,3090000.0,Canceled,9,0.0,0.0
ORD00183,2023-05-17,2023-05,Điện thoại & Phụ kiện,Đà Nẵng,1240000.0,Delivered,12,3.0,1240000.0
ORD00184,2023-11-14,2023-11,Điện thoại & Phụ kiện,Cần Thơ,4790000.0,Returned,9,0.0,0.0
ORD00185,2023-06-14,2023-06,Thời trang,TP.HCM,2290000.0,Delivered,2,4.0,2290000.0
ORD00186,2023-08-13,2023-08,Điện thoại & Phụ kiện,TP.HCM,4990000.0,Returned,2,0.0,0.0
ORD00187,2023-11-03,2023-11,Điện thoại & Phụ kiện,Cần Thơ,2390000.0,Delivered,9,5.0,2390000.0
ORD00188,2023-08-22,2023-08,Mỹ phẩm,TP.HCM,2610000.0,Delivered,1,3.0,2610000.0
ORD00189,2023-06-21,2023-06,Nhà cửa & Đời sống,Đà Nẵng,2580000.0,Canceled,5,0.0,0.0
ORD00190,2023-06-01,2023-06,Điện thoại & Phụ kiện,TP.HCM,180000.0,Delivered,1,2.0,180000.0
ORD00191,2023-11-11,2023-11,Điện thoại & Phụ kiện,Đà Nẵng,430000.0,Returned,7,0.0,0.0
ORD00192,2023-06-09,2023-06,Nhà cửa & Đời sống,Cần Thơ,2370000.0,Delivered,9,1.0,2370000.0
ORD00193,2023-04-06,2023-04,Điện thoại & Phụ kiện,Hà Nội,820000.0,Delivered,6,2.0,820000.0
ORD00194,2023-08-21,2023-08,Điện thoại & Phụ kiện,Cần Thơ,4080000.0,Returned,2,0.0,0.0
ORD00195,2023-06-29,2023-06,Điện thoại & Phụ kiện,Đà Nẵng,4550000.0,Returned,6,0.0,0.0
ORD00196,2023-04-23,2023-04,Thời trang,Hải Phòng,3100000.0,Delivered,9,3.0,3100000.0
ORD00197,2023-11-14,2023-11,Điện thoại & Phụ kiện,Cần Thơ,2210000.0,Delivered,3,3.0,2210000.0
ORD00198,2023-02-21,2023-02,Nhà cửa & Đời sống,Hải Phòng,810000.0,Canceled,9,0.0,0.0
ORD00199,2023-09-25,2023-09,Thời trang,Hải Phòng,670000.0,Returned,8,0.0,0.0
ORD00200,2023-10-22,2023-10,Thời trang,Đà Nẵng,2290000.0,Delivered,13,1.0,2290000.0
ORD00201,2023-04-23,2023-04,Điện thoại & Phụ kiện,Đà Nẵng,3800000.0,Delivered,12,3.0,3800000.0
ORD00202,2023-04-11,2023-04,Thời trang,Hà Nội,2840000.0,Canceled,7,0.0,0.0
ORD00203,2023-04-23,2023-04,Thời trang,TP.HCM,2580000.0,Delivered,8,3.0,2580000.0
ORD00204,2023-03-22,2023-03,Mỹ phẩm,Cần Thơ,250000.0,Returned,10,0.0,0.0
ORD00205,2023-07-06,2023-07,Mỹ phẩm,Đà Nẵng,840000.0,Delivered,6,1.0,840000.0
ORD00206,2023-04-23,2023-04,Thời trang,Cần Thơ,1150000.0,Delivered,3,4.0,1150000.0
ORD00207,2023-01-02,2023-01,Nhà cửa & Đời sống,Hải Phòng,1450000.0,Delivered,7,3.0,1450000.0
ORD00208,2023-05-10,2023-05,Mỹ phẩm,TP.HCM,4260000.0,Delivered,4,5.0,4260000.0
ORD00209,2023-08-08,2023-08,Mỹ phẩm,Hà Nội,830000.0,Delivered,11,2.0,830000.0
ORD00210,2023-02-23,2023-02,Điện thoại & Phụ kiện,Cần Thơ,2630000.0,Returned,10,0.0,0.0
ORD00211,2023-12-09,2023-12,Điện thoại & Phụ kiện,TP.HCM,270000.0,Delivered,5,1.0,270000.0
ORD00212,2023-08-12,2023-08,Điện thoại & Phụ kiện,Hà Nội,4280000.0,Canceled,8,0.0,0.0
ORD00213,2023-08-13,2023-08,Thời trang,Cần Thơ,520000.0,Delivered,7,2.0,520000.0
ORD00214,2023-05-06,2023-05,Thời trang,TP.HCM,590000.0,Canceled,7,0.0,0.0
ORD00215,2023-05-10,2023-05,Thời trang,Đà Nẵng,120000.0,Delivered,8,5.0,120000.0
ORD00216,2023-02-22,2023-02,Mỹ phẩm,Cần Thơ,2410000.0,Delivered,10,5.0,2410000.0
ORD00217,2023-06-21,2023-06,Mỹ phẩm,TP.HCM,2280000.0,Delivered,3,2.0,2280000.0
ORD00218,2023-08-06,2023-08,Nhà cửa & Đời sống,Hà Nội,680000.0,Delivered,3,3.0,680000.0
ORD00219,2023-06-09,2023-06,Điện thoại & Phụ kiện,TP.HCM,2930000.0,Returned,2,0.0,0.0
ORD00220,2023-07-17,2023-07,Thời trang,Đà Nẵng,3110000.0,Delivered,1,2.0,3110000.0
ORD00221,2023-09-04,2023-09,Điện thoại & Phụ kiện,Cần Thơ,730000.0,Delivered,10,3.0,730000.0
ORD00222,2023-11-20,2023-11,Điện thoại & Phụ kiện,Cần Thơ,790000.0,Delivered,6,4.0,790000.0
ORD00223,2023-07-22,2023-07,Điện thoại & Phụ kiện,Cần Thơ,3120000.0,Delivered,6,5.0,3120000.0
ORD00224,2023-07-03,2023-07,Điện thoại & Phụ kiện,Đà Nẵng,1510000.0,Delivered,13,1.0,1510000.0
ORD00225,2023-05-03,2023-05,Thời trang,Hà Nội,4000000.0,Delivered,10,1.0,4000000.0
ORD00226,2023-09-12,2023-09,Mỹ phẩm,Cần Thơ,2110000.0,Delivered,12,3.0,2110000.0
ORD00227,2023-10-21,2023-10,Điện thoại & Phụ kiện,Hà Nội,2160000.0,Returned,8,0.0,0.0
ORD00228,2023-10-07,2023-10,Mỹ phẩm,TP.HCM,4240000.0,Delivered,6,4.0,4240000.0
ORD00229,2023-11-21,2023-11,Thời trang,Hà Nội,2300000.0,Delivered,6,2.0,2300000.0
ORD00230,2023-04-08,2023-04,Điện thoại & Phụ kiện,Hà Nội,3710000.0,Canceled,1,0.0,0.0
ORD00231,2023-07-17,2023-07,Thời trang,Cần Thơ,2550000.0,Delivered,12,1.0,2550000.0
ORD00232,2023-08-28,2023-08,Điện thoại & Phụ kiện,Hải Phòng,900000.0,Canceled,7,0.0,0.0
ORD00233,2023-05-24,2023-05,Thời trang,Hải Phòng,2600000.0,Delivered,7,3.0,2600000.0
ORD00234,2023-04-07,2023-04,Thời trang,Đà Nẵng,600000.0,Delivered,10,3.0,600000.0
ORD00235,2023-07-20,2023-07,Điện thoại & Phụ kiện,Đà Nẵng,2940000.0,Returned,9,0.0,0.0
ORD00236,2023-05-04,2023-05,Điện thoại & Phụ kiện,Hải Phòng,3780000.0,Delivered,12,5.0,3780000.0
ORD00237,2023-07-06,2023-07,Thời trang,TP.HCM,4080000.0,Delivered,7,1.0,4080000.0
ORD00238,2023-11-22,2023-11,Nhà cửa & Đời sống,Cần Thơ,3930000.0,Delivered,8,2.0,3930000.0
ORD00239,2023-12-15,2023-12,Điện thoại & Phụ kiện,Cần Thơ,3550000.0,Delivered,4,5.0,3550000.0
ORD00240,2023-09-16,2023-09,Mỹ phẩm,TP.HCM,2130000.0,Canceled,9,0.0,0.0
ORD00241,2023-05-28,2023-05,Thời trang,TP.HCM,340000.0,Delivered,1,1.0,340000.0
ORD00242,2023-09-09,2023-09,Nhà cửa & Đời sống,Hải Phòng,4540000.0,Canceled,8,0.0,0.0
ORD00243,2023-12-12,2023-12,Mỹ phẩm,Đà Nẵng,500000.0,Delivered,3,3.0,500000.0
ORD00244,2023-05-27,2023-05,Thời trang,TP.HCM,780000.0,Returned,1,0.0,0.0
ORD00245,2023-05-28,2023-05,Thời trang,Đà Nẵng,130000.0,Delivered,2,4.0,130000.0
ORD00246,2023-12-18,2023-12,Mỹ phẩm,Hà Nội,2490000.0,Delivered,6,2.0,2490000.0
ORD00247,2023-07-18,2023-07,Điện thoại & Phụ kiện,Cần Thơ,3700000.0,Delivered,5,1.0,3700000.0
ORD00248,2023-11-04,2023-11,Điện thoại & Phụ kiện,Hải Phòng,4500000.0,Delivered,3,2.0,4500000.0
ORD00249,2023-05-08,2023-05,Điện thoại & Phụ kiện,Cần Thơ,400000.0,Canceled,9,0.0,0.0
ORD00250,2023-02-08,2023-02,Mỹ phẩm,Hải Phòng,3960000.0,Delivered,8,2.0,3960000.0
ORD00251,2023-12-04,2023-12,Mỹ phẩm,Hà Nội,1260000.0,Delivered,13,5.0,1260000.0
ORD00252,2023-12-26,2023-12,Điện thoại & Phụ kiện,Cần Thơ,2040000.0,Canceled,3,0.0,0.0
ORD00253,2023-05-09,2023-05,Thời trang,Hà Nội,990000.0,Canceled,2,0.0,0.0
ORD00254,2023-09-24,2023-09,Thời trang,Hải Phòng,1870000.0,Delivered,8,4.0,1870000.0
ORD00255,2023-05-31,2023-05,Điện thoại & Phụ kiện,TP.HCM,1540000.0,Canceled,5,0.0,0.0
ORD00256,2023-10-25,2023-10,Nhà cửa & Đời sống,Cần Thơ,4530000.0,Delivered,9,1.0,4530000.0
ORD00257,2023-04-09,2023-04,Điện thoại & Phụ kiện,Hà Nội,2110000.0,Delivered,1,5.0,2110000.0
ORD00258,2023-09-20,2023-09,Điện thoại & Phụ kiện,Cần Thơ,3310000.0,Delivered,10,1.0,3310000.0
ORD00259,2023-09-09,2023-09,Thời trang,Cần Thơ,3530000.0,Returned,3,0.0,0.0
ORD00260,2023-05-24,2023-05,Mỹ phẩm,Cần Thơ,2120000.0,Delivered,5,5.0,2120000.0
ORD00261,2023-12-12,2023-12,Điện thoại & Phụ kiện,Đà Nẵng,330000.0,Delivered,2,4.0,330000.0
ORD00262,2023-04-22,2023-04,Thời trang,Hà Nội,3640000.0,Returned,3,0.0,0.0
ORD00263,2023-03-01,2023-03,Thời trang,Hà Nội,4800000.0,Delivered,4,2.0,4800000.0
ORD00264,2023-01-02,2023-01,Điện thoại & Phụ kiện,Cần Thơ,4250000.0,Canceled,4,0.0,0.0
ORD00265,2023-10-31,2023-10,Điện thoại & Phụ kiện,TP.HCM,4800000.0,Canceled,11,0.0,0.0
ORD00266,2023-09-11,2023-09,Thời trang,Cần Thơ,4910000.0,Returned,9,0.0,0.0
ORD00267,2023-05-20,2023-05,Điện thoại & Phụ kiện,Đà Nẵng,1140000.0,Delivered,1,5.0,1140000.0
ORD00268,2023-02-06,2023-02,Nhà cửa & Đời sống,Hải Phòng,2840000.0,Delivered,12,1.0,2840000.0
ORD00269,2023-06-09,2023-06,Mỹ phẩm,Đà Nẵng,3310000.0,Returned,9,0.0,0.0
ORD00270,2023-01-09,2023-01,Nhà cửa & Đời sống,TP.HCM,690000.0,Delivered,9,2.0,690000.0
ORD00271,2023-08-21,2023-08,Điện thoại & Phụ kiện,Cần Thơ,3800000.0,Delivered,11,5.0,3800000.0
ORD00272,2023-04-09,2023-04,Nhà cửa & Đời sống,Hà Nội,4590000.0,Delivered,6,1.0,4590000.0
ORD00273,2023-05-27,2023-05,Thời trang,Cần Thơ,240000.0,Delivered,11,4.0,240000.0
ORD00274,2023-10-31,2023-10,Điện thoại & Phụ kiện,TP.HCM,940000.0,Returned,1,0.0,0.0
ORD00275,2023-07-27,2023-07,Điện thoại & Phụ kiện,Hà Nội,4280000.0,Delivered,11,2.0,4280000.0
ORD00276,2023-05-11,2023-05,Điện thoại & Phụ kiện,Đà Nẵng,2060000.0,Delivered,13,4.0,2060000.0
ORD00277,2023-06-01,2023-06,Thời trang,Hải Phòng,2440000.0,Delivered,12,3.0,2440000.0
ORD00278,2023-02-23,2023-02,Thời trang,Hải Phòng,4200000.0,Delivered,6,1.0,4200000.0
ORD00279,2023-04-30,2023-04,Điện thoại & Phụ kiện,Cần Thơ,3530000.0,Delivered,8,5.0,3530000.0
ORD00280,2023-06-10,2023-06,Thời trang,Đà Nẵng,2720000.0,Delivered,5,4.0,2720000.0
ORD00281,2023-04-26,2023-04,Điện thoại & Phụ kiện,TP.HCM,150000.0,Delivered,5,3.0,150000.0
ORD00282,2023-03-16,2023-03,Thời trang,Hải Phòng,3900000.0,Delivered,1,3.0,3900000.0
ORD00283,2023-04-23,2023-04,Điện thoại & Phụ kiện,Đà Nẵng,2980000.0,Returned,1,0.0,0.0
ORD00284,2023-04-14,2023-04,Mỹ phẩm,Cần Thơ,670000.0,Delivered,8,4.0,670000.0
ORD00285,2023-12-06,2023-12,Mỹ phẩm,Hà Nội,4420000.0,Delivered,13,4.0,4420000.0
ORD00286,2023-09-11,2023-09,Thời trang,Cần Thơ,1540000.0,Returned,5,0.0,0.0
ORD00287,2023-08-15,2023-08,Điện thoại & Phụ kiện,Cần Thơ,3750000.0,Delivered,8,4.0,3750000.0
ORD00288,2023-04-22,2023-04,Điện thoại & Phụ kiện,Đà Nẵng,510000.0,Returned,10,0.0,0.0
ORD00289,2023-04-09,2023-04,Mỹ phẩm,Hải Phòng,3590000.0,Delivered,2,4.0,3590000.0
ORD00290,2023-06-02,2023-06,Điện thoại & Phụ kiện,Đà Nẵng,2090000.0,Delivered,4,1.0,2090000.0
ORD00291,2023-12-15,2023-12,Điện thoại & Phụ kiện,Hà Nội,4330000.0,Canceled,13,0.0,0.0
ORD00292,2023-12-04,2023-12,Điện thoại & Phụ kiện,Đà Nẵng,1830000.0,Delivered,11,4.0,1830000.0
ORD00293,2023-07-13,2023-07,Thời trang,TP.HCM,4640000.0,Canceled,10,0.0,0.0
ORD00294,2023-11-06,2023-11,Thời trang,Cần Thơ,4630000.0,Canceled,9,0.0,0.0
ORD00295,2023-06-12,2023-06,Mỹ phẩm,Hải Phòng,4610000.0,Delivered,13,2.0,4610000.0
ORD00296,2023-07-27,2023-07,Điện thoại & Phụ kiện,Hà Nội,3940000.0,Delivered,3,1.0,3940000.0
ORD00297,2023-06-18,2023-06,Điện thoại & Phụ kiện,Cần Thơ,3440000.0,Canceled,6,0.0,0.0
ORD00298,2023-06-10,2023-06,Mỹ phẩm,Đà Nẵng,1040000.0,Delivered,11,2.0,1040000.0
ORD00299,2023-03-09,2023-03,Mỹ phẩm,TP.HCM,2260000.0,Canceled,7,0.0,0.0
ORD00300,2023-10-16,2023-10,Điện thoại & Phụ kiện,Đà Nẵng,1200000.0,Delivered,3,4.0,1200000.0
ORD00301,2023-10-04,2023-10,Thời trang,Cần Thơ,3620000.0,Delivered,1,1.0,3620000.0
ORD00302,2023-10-31,2023-10,Điện thoại & Phụ kiện,Hà Nội,1890000.0,Delivered,2,4.0,1890000.0
ORD00303,2023-05-15,2023-05,Nhà cửa & Đời sống,Hải Phòng,1720000.0,Delivered,11,4.0,1720000.0
ORD00304,2023-07-14,2023-07,Điện thoại & Phụ kiện,Cần Thơ,1280000.0,Delivered,10,4.0,1280000.0
ORD00305,2023-05-08,2023-05,Nhà cửa & Đời sống,Hà Nội,3340000.0,Delivered,7,4.0,3340000.0
ORD00306,2023-02-02,2023-02,Thời trang,Cần Thơ,3980000.0,Delivered,7,1.0,3980000.0
ORD00307,2023-06-25,2023-06,Thời trang,TP.HCM,2370000.0,Delivered,12,2.0,2370000.0
ORD00308,2023-01-22,2023-01,Điện thoại & Phụ kiện,Đà Nẵng,1540000.0,Delivered,1,5.0,1540000.0
ORD00309,2023-08-26,2023-08,Thời trang,Hải Phòng,4460000.0,Canceled,10,0.0,0.0
ORD00310,2023-06-07,2023-06,Thời trang,Hà Nội,3170000.0,Delivered,7,1.0,3170000.0
ORD00311,2023-02-07,2023-02,Điện thoại & Phụ kiện,Hải Phòng,1510000.0,Delivered,10,5.0,1510000.0
ORD00312,2023-08-18,2023-08,Thời trang,Hải Phòng,1310000.0,Delivered,11,3.0,1310000.0
ORD00313,2023-12-31,2023-12,Nhà cửa & Đời sống,Hải Phòng,2940000.0,Delivered,6,2.0,2940000.0
ORD00314,2023-02-20,2023-02,Thời trang,Hà Nội,4010000.0,Delivered,11,1.0,4010000.0
ORD00315,2023-09-21,2023-09,Mỹ phẩm,Hà Nội,2350000.0,Delivered,6,1.0,2350000.0
ORD00316,2023-10-10,2023-10,Điện thoại & Phụ kiện,Hải Phòng,3690000.0,Delivered,7,1.0,3690000.0
ORD00317,2023-01-27,2023-01,Thời trang,Đà Nẵng,2660000.0,Delivered,7,5.0,2660000.0
ORD00318,2023-08-14,2023-08,Điện thoại & Phụ kiện,Cần Thơ,2940000.0,Delivered,1,4.0,2940000.0
ORD00319,2023-10-04,2023-10,Thời trang,Hải Phòng,4290000.0,Returned,10,0.0,0.0
ORD00320,2023-10-13,2023-10,Nhà cửa & Đời sống,TP.HCM,4440000.0,Delivered,5,5.0,4440000.0
ORD00321,2023-04-07,2023-04,Thời trang,Hải Phòng,1740000.0,Delivered,8,5.0,1740000.0
ORD00322,2023-10-11,2023-10,Điện thoại & Phụ kiện,Hà Nội,2300000.0,Delivered,8,2.0,2300000.0
ORD00323,2023-11-13,2023-11,Điện thoại & Phụ kiện,Cần Thơ,780000.0,Delivered,3,3.0,780000.0
ORD00324,2023-10-31,2023-10,Thời trang,TP.HCM,3180000.0,Delivered,3,1.0,3180000.0
ORD00325,2023-05-27,2023-05,Thời trang,Cần Thơ,2330000.0,Delivered,7,5.0,2330000.0
ORD00326,2023-01-04,2023-01,Mỹ phẩm,Cần Thơ,1330000.0,Canceled,4,0.0,0.0
ORD00327,2023-02-04,2023-02,Mỹ phẩm,TP.HCM,4450000.0,Delivered,6,2.0,4450000.0
ORD00328,2023-07-11,2023-07,Thời trang,Hải Phòng,3530000.0,Delivered,9,4.0,3530000.0
ORD00329,2023-02-18,2023-02,Điện thoại & Phụ kiện,Hải Phòng,3480000.0,Delivered,10,3.0,3480000.0
ORD00330,2023-01-17,2023-01,Điện thoại & Phụ kiện,Hải Phòng,210000.0,Delivered,2,1.0,210000.0
ORD00331,2023-06-21,2023-06,Điện thoại & Phụ kiện,Đà Nẵng,610000.0,Delivered,2,5.0,610000.0
ORD00332,2023-08-08,2023-08,Điện thoại & Phụ kiện,Hải Phòng,1380000.0,Delivered,6,4.0,1380000.0
ORD00333,2023-06-07,2023-06,Thời trang,TP.HCM,1440000.0,Delivered,3,2.0,1440000.0
ORD00334,2023-02-15,2023-02,Thời trang,Đà Nẵng,1540000.0,Delivered,1,1.0,1540000.0
ORD00335,2023-01-06,2023-01,Thời trang,Hải Phòng,1360000.0,Delivered,2,4.0,1360000.0
ORD00336,2023-04-09,2023-04,Điện thoại & Phụ kiện,Đà Nẵng,2350000.0,Delivered,13,2.0,2350000.0
ORD00337,2023-08-21,2023-08,Điện thoại & Phụ kiện,TP.HCM,4360000.0,Delivered,7,1.0,4360000.0
ORD00338,2023-02-06,2023-02,Điện thoại & Phụ kiện,Hải Phòng,800000.0,Delivered,4,5.0,800000.0
ORD00339,2023-10-07,2023-10,Điện thoại & Phụ kiện,Hà Nội,2820000.0,Delivered,12,2.0,2820000.0
ORD00340,2023-12-15,2023-12,Mỹ phẩm,TP.HCM,1960000.0,Delivered,2,4.0,1960000.0
ORD00341,2023-10-29,2023-10,Điện thoại & Phụ kiện,Cần Thơ,120000.0,Delivered,11,1.0,120000.0
ORD00342,2023-06-30,2023-06,Thời trang,Cần Thơ,2940000.0,Delivered,12,3.0,2940000.0
ORD00343,2023-04-05,2023-04,Điện thoại & Phụ kiện,TP.HCM,310000.0,Delivered,12,1.0,310000.0
ORD00344,2023-04-09,2023-04,Mỹ phẩm,Cần Thơ,1750000.0,Delivered,8,4.0,1750000.0
ORD00345,2023-07-07,2023-07,Thời trang,TP.HCM,3190000.0,Delivered,4,4.0,3190000.0
ORD00346,2023-04-26,2023-04,Điện thoại & Phụ kiện,Hà Nội,3720000.0,Returned,4,0.0,0.0
ORD00347,2023-07-10,2023-07,Thời trang,TP.HCM,4860000.0,Delivered,2,4.0,4860000.0
ORD00348,2023-09-10,2023-09,Mỹ phẩm,Hải Phòng,4430000.0,Delivered,1,1.0,4430000.0
ORD00349,2023-06-10,2023-06,Nhà cửa & Đời sống,Hải Phòng,2550000.0,Delivered,1,2.0,2550000.0
ORD00350,2023-09-13,2023-09,Điện thoại & Phụ kiện,Đà Nẵng,2430000.0,Delivered,3,1.0,2430000.0
ORD00351,2023-11-19,2023-11,Mỹ phẩm,Cần Thơ,3340000.0,Delivered,6,4.0,3340000.0
ORD00352,2023-05-08,2023-05,Nhà cửa & Đời sống,Cần Thơ,1670000.0,Delivered,7,3.0,1670000.0
ORD00353,2023-01-18,2023-01,Nhà cửa & Đời sống,TP.HCM,1600000.0,Delivered,13,3.0,1600000.0
ORD00354,2023-10-08,2023-10,Thời trang,Cần Thơ,2220000.0,Canceled,9,0.0,0.0
ORD00355,2023-08-11,2023-08,Thời trang,Hải Phòng,3850000.0,Canceled,5,0.0,0.0
ORD00356,2023-02-23,2023-02,Thời trang,Hà Nội,2270000.0,Delivered,9,3.0,2270000.0
ORD00357,2023-02-27,2023-02,Mỹ phẩm,TP.HCM,2550000.0,Delivered,8,4.0,2550000.0
ORD00358,2023-11-19,2023-11,Thời trang,Cần Thơ,3120000.0,Delivered,1,2.0,3120000.0
ORD00359,2023-12-26,2023-12,Thời trang,Hải Phòng,4140000.0,Canceled,11,0.0,0.0
ORD00360,2023-06-23,2023-06,Thời trang,Đà Nẵng,2850000.0,Delivered,12,4.0,2850000.0
ORD00361,2023-10-07,2023-10,Mỹ phẩm,Cần Thơ,1600000.0,Delivered,3,3.0,1600000.0
ORD00362,2023-04-24,2023-04,Mỹ phẩm,Hà Nội,2050000.0,Delivered,8,1.0,2050000.0
ORD00363,2023-10-15,2023-10,Điện thoại & Phụ kiện,Hà Nội,4140000.0,Delivered,9,2.0,4140000.0
ORD00364,2023-12-08,2023-12,Mỹ phẩm,Cần Thơ,300000.0,Delivered,4,4.0,300000.0
ORD00365,2023-05-31,2023-05,Thời trang,Cần Thơ,2660000.0,Delivered,12,1.0,2660000.0
ORD00366,2023-05-07,2023-05,Mỹ phẩm,Hải Phòng,4080000.0,Delivered,6,3.0,4080000.0
ORD00367,2023-06-04,2023-06,Thời trang,Cần Thơ,260000.0,Delivered,4,4.0,260000.0
ORD00368,2023-09-30,2023-09,Điện thoại & Phụ kiện,Đà Nẵng,600000.0,Delivered,13,2.0,600000.0
ORD00369,2023-04-14,2023-04,Nhà cửa & Đời sống,Hải Phòng,4560000.0,Delivered,9,1.0,4560000.0
ORD00370,2023-10-26,2023-10,Điện thoại & Phụ kiện,TP.HCM,2790000.0,Delivered,2,1.0,2790000.0
ORD00371,2023-09-03,2023-09,Mỹ phẩm,Đà Nẵng,3240000.0,Delivered,6,2.0,3240000.0
ORD00372,2023-06-25,2023-06,Thời trang,Hải Phòng,920000.0,Delivered,11,1.0,920000.0
ORD00373,2023-02-08,2023-02,Thời trang,Hải Phòng,3150000.0,Returned,13,0.0,0.0
ORD00374,2023-06-19,2023-06,Điện thoại & Phụ kiện,Hà Nội,1330000.0,Delivered,3,4.0,1330000.0
ORD00375,2023-09-04,2023-09,Thời trang,Hải Phòng,2990000.0,Delivered,10,5.0,2990000.0
ORD00376,2023-01-26,2023-01,Điện thoại & Phụ kiện,Đà Nẵng,2710000.0,Delivered,4,3.0,2710000.0
ORD00377,2023-12-21,2023-12,Điện thoại & Phụ kiện,Cần Thơ,3740000.0,Canceled,2,0.0,0.0
ORD00378,2023-11-02,2023-11,Điện thoại & Phụ kiện,Đà Nẵng,580000.0,Canceled,11,0.0,0.0
ORD00379,2023-01-13,2023-01,Điện thoại & Phụ kiện,TP.HCM,150000.0,Delivered,8,3.0,150000.0
ORD00380,2023-11-12,2023-11,Nhà cửa & Đời sống,Hải Phòng,1260000.0,Delivered,10,2.0,1260000.0
ORD00381,2023-11-09,2023-11,Nhà cửa & Đời sống,Hải Phòng,1270000.0,Delivered,8,5.0,1270000.0
ORD00382,2023-02-05,2023-02,Điện thoại & Phụ kiện,Hải Phòng,4620000.0,Delivered,1,3.0,4620000.0
ORD00383,2023-06-22,2023-06,Mỹ phẩm,Hải Phòng,2720000.0,Delivered,10,3.0,2720000.0
ORD00384,2023-01-20,2023-01,Điện thoại & Phụ kiện,Hà Nội,3620000.0,Delivered,6,4.0,3620000.0
ORD00385,2023-11-17,2023-11,Thời trang,Hà Nội,4700000.0,Delivered,1,5.0,4700000.0
ORD00386,2023-09-21,2023-09,Mỹ phẩm,Cần Thơ,4440000.0,Delivered,6,5.0,4440000.0
ORD00387,2023-05-22,2023-05,Nhà cửa & Đời sống,Hải Phòng,3830000.0,Delivered,7,3.0,3830000.0
ORD00388,2023-05-23,2023-05,Thời trang,TP.HCM,1380000.0,Delivered,2,5.0,1380000.0
ORD00389,2023-04-02,2023-04,Mỹ phẩm,Cần Thơ,4060000.0,Canceled,9,0.0,0.0
ORD00390,2023-12-20,2023-12,Điện thoại & Phụ kiện,Hải Phòng,1800000.0,Delivered,8,2.0,1800000.0
ORD00391,2023-11-18,2023-11,Nhà cửa & Đời sống,Hà Nội,360000.0,Delivered,9,3.0,360000.0
ORD00392,2023-10-15,2023-10,Điện thoại & Phụ kiện,TP.HCM,2080000.0,Delivered,10,1.0,2080000.0
ORD00393,2023-08-03,2023-08,Thời trang,Cần Thơ,3810000.0,Delivered,13,3.0,3810000.0
ORD00394,2023-12-08,2023-12,Thời trang,TP.HCM,3960000.0,Delivered,4,3.0,3960000.0
ORD00395,2023-02-20,2023-02,Thời trang,Hải Phòng,3230000.0,Delivered,4,2.0,3230000.0
ORD00396,2023-06-02,2023-06,Điện thoại & Phụ kiện,Đà Nẵng,3540000.0,Delivered,12,1.0,3540000.0
ORD00397,2023-07-05,2023-07,Nhà cửa & Đời sống,TP.HCM,1060000.0,Canceled,8,0.0,0.0
ORD00398,2023-03-04,2023-03,Điện thoại & Phụ kiện,TP.HCM,4970000.0,Canceled,1,0.0,0.0
ORD00399,2023-07-09,2023-07,Thời trang,Hà Nội,260000.0,Canceled,8,0.0,0.0
ORD00400,2023-05-05,2023-05,Điện thoại & Phụ kiện,Hải Phòng,1820000.0,Delivered,7,5.0,1820000.0
ORD00401,2023-05-30,2023-05,Điện thoại & Phụ kiện,TP.HCM,4710000.0,Delivered,12,1.0,4710000.0
ORD00402,2023-11-10,2023-11,Thời trang,Hải Phòng,1100000.0,Delivered,7,5.0,1100000.0
ORD00403,2023-02-27,2023-02,Thời trang,Hà Nội,1950000.0,Canceled,9,0.0,0.0
ORD00404,2023-12-08,2023-12,Điện thoại & Phụ kiện,Hải Phòng,1930000.0,Delivered,13,2.0,1930000.0
ORD00405,2023-11-01,2023-11,Điện thoại & Phụ kiện,Hà Nội,4470000.0,Canceled,10,0.0,0.0
ORD00406,2023-06-29,2023-06,Thời trang,Hà Nội,2240000.0,Delivered,7,1.0,2240000.0
ORD00407,2023-06-19,2023-06,Mỹ phẩm,Cần Thơ,2600000.0,Canceled,2,0.0,0.0
ORD00408,2023-11-22,2023-11,Mỹ phẩm,Hải Phòng,2250000.0,Delivered,1,5.0,2250000.0
ORD00409,2023-09-28,2023-09,Điện thoại & Phụ kiện,Đà Nẵng,380000.0,Delivered,1,5.0,380000.0
ORD00410,2023-02-23,2023-02,Điện thoại & Phụ kiện,Cần Thơ,1110000.0,Returned,7,0.0,0.0
ORD00411,2023-04-11,2023-04,Điện thoại & Phụ kiện,Hà Nội,1320000.0,Delivered,5,2.0,1320000.0
ORD00412,2023-09-21,2023-09,Điện thoại & Phụ kiện,Đà Nẵng,630000.0,Returned,4,0.0,0.0
ORD00413,2023-02-22,2023-02,Thời trang,TP.HCM,2920000.0,Canceled,5,0.0,0.0
ORD00414,2023-03-01,2023-03,Thời trang,TP.HCM,1110000.0,Returned,10,0.0,0.0
ORD00415,2023-04-18,2023-04,Điện thoại & Phụ kiện,Cần Thơ,1260000.0,Delivered,10,4.0,1260000.0
ORD00416,2023-01-05,2023-01,Điện thoại & Phụ kiện,Đà Nẵng,1130000.0,Delivered,6,1.0,1130000.0
ORD00417,2023-04-13,2023-04,Điện thoại & Phụ kiện,Hải Phòng,540000.0,Delivered,12,5.0,540000.0
ORD00418,2023-07-15,2023-07,Mỹ phẩm,Đà Nẵng,1230000.0,Returned,10,0.0,0.0
ORD00419,2023-09-19,2023-09,Nhà cửa & Đời sống,Cần Thơ,3520000.0,Delivered,6,1.0,3520000.0
ORD00420,2023-12-31,2023-12,Điện thoại & Phụ kiện,Hải Phòng,400000.0,Delivered,1,4.0,400000.0
ORD00421,2023-12-16,2023-12,Điện thoại & Phụ kiện,Hải Phòng,1730000.0,Delivered,2,2.0,1730000.0
ORD00422,2023-02-16,2023-02,Mỹ phẩm,TP.HCM,4740000.0,Canceled,3,0.0,0.0
ORD00423,2023-12-21,2023-12,Nhà cửa & Đời sống,Đà Nẵng,1980000.0,Canceled,4,0.0,0.0
ORD00424,2023-11-07,2023-11,Thời trang,Hải Phòng,3020000.0,Delivered,6,4.0,3020000.0
ORD00425,2023-11-04,2023-11,Điện thoại & Phụ kiện,Cần Thơ,2040000.0,Delivered,12,1.0,2040000.0
ORD00426,2023-05-24,2023-05,Điện thoại & Phụ kiện,TP.HCM,3010000.0,Delivered,12,1.0,3010000.0
ORD00427,2023-09-26,2023-09,Thời trang,Hải Phòng,3840000.0,Delivered,11,4.0,3840000.0
ORD00428,2023-05-04,2023-05,Điện thoại & Phụ kiện,Đà Nẵng,2700000.0,Delivered,13,3.0,2700000.0
ORD00429,2023-04-16,2023-04,Điện thoại & Phụ kiện,TP.HCM,4390000.0,Delivered,9,5.0,4390000.0
ORD00430,2023-06-07,2023-06,Thời trang,Đà Nẵng,2160000.0,Delivered,12,3.0,2160000.0
ORD00431,2023-05-27,2023-05,Điện thoại & Phụ kiện,Đà Nẵng,610000.0,Canceled,2,0.0,0.0
ORD00432,2023-05-25,2023-05,Mỹ phẩm,Đà Nẵng,580000.0,Delivered,8,5.0,580000.0
ORD00433,2023-04-30,2023-04,Điện thoại & Phụ kiện,TP.HCM,150000.0,Delivered,9,1.0,150000.0
ORD00434,2023-11-15,2023-11,Điện thoại & Phụ kiện,Hải Phòng,3880000.0,Canceled,2,0.0,0.0
ORD00435,2023-10-02,2023-10,Thời trang,Hà Nội,4030000.0,Delivered,9,3.0,4030000.0
ORD00436,2023-04-02,2023-04,Điện thoại & Phụ kiện,Hải Phòng,3830000.0,Canceled,7,0.0,0.0
ORD00437,2023-02-27,2023-02,Nhà cửa & Đời sống,TP.HCM,2330000.0,Delivered,9,1.0,2330000.0
ORD00438,2023-12-12,2023-12,Thời trang,Hà Nội,320000.0,Canceled,6,0.0,0.0
ORD00439,2023-08-17,2023-08,Điện thoại & Phụ kiện,Hà Nội,1540000.0,Delivered,2,5.0,1540000.0
ORD00440,2023-04-27,2023-04,Mỹ phẩm,Hà Nội,1190000.0,Delivered,8,3.0,1190000.0
ORD00441,2023-11-14,2023-11,Điện thoại & Phụ kiện,Cần Thơ,2210000.0,Delivered,10,1.0,2210000.0
ORD00442,2023-10-06,2023-10,Nhà cửa & Đời sống,TP.HCM,3090000.0,Returned,9,0.0,0.0
ORD00443,2023-05-07,2023-05,Điện thoại & Phụ kiện,Cần Thơ,500000.0,Returned,12,0.0,0.0
ORD00444,2023-05-09,2023-05,Thời trang,Hà Nội,4080000.0,Delivered,8,5.0,4080000.0
ORD00445,2023-02-27,2023-02,Điện thoại & Phụ kiện,Cần Thơ,1810000.0,Delivered,2,4.0,1810000.0
ORD00446,2023-05-02,2023-05,Thời trang,Cần Thơ,1950000.0,Delivered,8,3.0,1950000.0
ORD00447,2023-01-01,2023-01,Mỹ phẩm,TP.HCM,2230000.0,Delivered,3,1.0,2230000.0
ORD00448,2023-08-27,2023-08,Mỹ phẩm,Đà Nẵng,3150000.0,Canceled,3,0.0,0.0
ORD00449,2023-10-17,2023-10,Điện thoại & Phụ kiện,Cần Thơ,610000.0,Delivered,9,3.0,610000.0
ORD00450,2023-04-06,2023-04,Điện thoại & Phụ kiện,Cần Thơ,790000.0,Canceled,13,0.0,0.0
ORD00451,2023-05-06,2023-05,Mỹ phẩm,Hà Nội,2050000.0,Delivered,9,1.0,2050000.0
ORD00452,2023-04-28,2023-04,Nhà cửa & Đời sống,Hà Nội,4560000.0,Delivered,9,2.0,4560000.0
ORD00453,2023-02-17,2023-02,Điện thoại & Phụ kiện,Hà Nội,4510000.0,Canceled,4,0.0,0.0
ORD00454,2023-03-30,2023-03,Thời trang,Hải Phòng,1600000.0,Delivered,12,3.0,1600000.0
ORD00455,2023-08-25,2023-08,Điện thoại & Phụ kiện,Cần Thơ,4370000.0,Delivered,7,4.0,4370000.0
ORD00456,2023-09-29,2023-09,Mỹ phẩm,Hà Nội,1180000.0,Canceled,13,0.0,0.0
ORD00457,2023-07-08,2023-07,Điện thoại & Phụ kiện,TP.HCM,4760000.0,Delivered,8,5.0,4760000.0
ORD00458,2023-07-11,2023-07,Điện thoại & Phụ kiện,Hải Phòng,1270000.0,Delivered,13,5.0,1270000.0
ORD00459,2023-03-10,2023-03,Mỹ phẩm,Đà Nẵng,3740000.0,Returned,13,0.0,0.0
ORD00460,2023-10-05,2023-10,Điện thoại & Phụ kiện,Cần Thơ,1040000.0,Delivered,5,3.0,1040000.0
ORD00461,2023-12-15,2023-12,Thời trang,Cần Thơ,2650000.0,Delivered,13,3.0,2650000.0
ORD00462,2023-09-04,2023-09,Thời trang,TP.HCM,530000.0,Delivered,1,5.0,530000.0
ORD00463,2023-03-17,2023-03,Điện thoại & Phụ kiện,Đà Nẵng,4450000.0,Delivered,9,2.0,4450000.0
ORD00464,2023-06-03,2023-06,Điện thoại & Phụ kiện,Đà Nẵng,760000.0,Returned,6,0.0,0.0
ORD00465,2023-05-24,2023-05,Thời trang,Hải Phòng,1650000.0,Delivered,3,4.0,1650000.0
ORD00466,2023-03-27,2023-03,Điện thoại & Phụ kiện,Cần Thơ,3320000.0,Delivered,3,5.0,3320000.0
ORD00467,2023-07-04,2023-07,Thời trang,Hà Nội,2150000.0,Canceled,10,0.0,0.0
ORD00468,2023-10-12,2023-10,Mỹ phẩm,TP.HCM,2830000.0,Delivered,1,1.0,2830000.0
ORD00469,2023-08-08,2023-08,Mỹ phẩm,TP.HCM,1640000.0,Canceled,13,0.0,0.0
ORD00470,2023-03-10,2023-03,Điện thoại & Phụ kiện,TP.HCM,1880000.0,Returned,8,0.0,0.0
ORD00471,2023-02-16,2023-02,Điện thoại & Phụ kiện,TP.HCM,690000.0,Delivered,2,1.0,690000.0
ORD00472,2023-04-04,2023-04,Điện thoại & Phụ kiện,Hà Nội,830000.0,Delivered,12,5.0,830000.0
ORD00473,2023-08-26,2023-08,Điện thoại & Phụ kiện,Hà Nội,580000.0,Delivered,1,5.0,580000.0
ORD00474,2023-07-23,2023-07,Thời trang,Hải Phòng,2800000.0,Returned,7,0.0,0.0
ORD00475,2023-08-06,2023-08,Thời trang,Cần Thơ,4760000.0,Delivered,11,1.0,4760000.0
ORD00476,2023-12-07,2023-12,Điện thoại & Phụ kiện,Hà Nội,820000.0,Delivered,9,5.0,820000.0
ORD00477,2023-02-08,2023-02,Điện thoại & Phụ kiện,Hải Phòng,2050000.0,Delivered,6,4.0,2050000.0
ORD00478,2023-04-10,2023-04,Điện thoại & Phụ kiện,Đà Nẵng,4080000.0,Delivered,8,1.0,4080000.0
ORD00479,2023-10-16,2023-10,Thời trang,Cần Thơ,1880000.0,Delivered,8,3.0,1880000.0
ORD00480,2023-09-11,2023-09,Điện thoại & Phụ kiện,Hà Nội,570000.0,Returned,9,0.0,0.0
ORD00481,2023-08-10,2023-08,Thời trang,Đà Nẵng,810000.0,Delivered,7,5.0,810000.0
ORD00482,2023-12-23,2023-12,Điện thoại & Phụ kiện,Hải Phòng,1220000.0,Delivered,9,2.0,1220000.0
ORD00483,2023-01-23,2023-01,Mỹ phẩm,Hà Nội,2540000.0,Canceled,9,0.0,0.0
ORD00484,2023-09-07,2023-09,Mỹ phẩm,Hà Nội,3940000.0,Delivered,12,3.0,3940000.0
ORD00485,2023-01-10,2023-01,Điện thoại & Phụ kiện,Đà Nẵng,4000000.0,Canceled,11,0.0,0.0
ORD00486,2023-09-03,2023-09,Điện thoại & Phụ kiện,Hà Nội,3180000.0,Delivered,1,3.0,3180000.0
ORD00487,2023-11-21,2023-11,Thời trang,TP.HCM,1680000.0,Returned,6,0.0,0.0
ORD00488,2023-04-10,2023-04,Điện thoại & Phụ kiện,Hà Nội,2830000.0,Delivered,12,1.0,2830000.0
ORD00489,2023-10-17,2023-10,Thời trang,Cần Thơ,2770000.0,Delivered,8,1.0,2770000.0
ORD00490,2023-06-29,2023-06,Mỹ phẩm,Đà Nẵng,3130000.0,Delivered,10,5.0,3130000.0
ORD00491,2023-08-11,2023-08,Thời trang,Cần Thơ,390000.0,Delivered,9,1.0,390000.0
ORD00492,2023-09-07,2023-09,Mỹ phẩm,Hải Phòng,1060000.0,Delivered,4,5.0,1060000.0
ORD00493,2023-05-27,2023-05,Điện thoại & Phụ kiện,Cần Thơ,2600000.0,Returned,13,0.0,0.0
ORD00494,2023-04-06,2023-04,Điện thoại & Phụ kiện,TP.HCM,160000.0,Delivered,2,1.0,160000.0
ORD00495,2023-09-14,2023-09,Mỹ phẩm,TP.HCM,1010000.0,Delivered,11,1.0,1010000.0
ORD00496,2023-11-21,2023-11,Điện thoại & Phụ kiện,Cần Thơ,1220000.0,Delivered,9,4.0,1220000.0
ORD00497,2023-01-04,2023-01,Thời trang,Hải Phòng,2680000.0,Delivered,9,3.0,2680000.0
ORD00498,2023-01-16,2023-01,Điện thoại & Phụ kiện,Hà Nội,1160000.0,Delivered,12,4.0,1160000.0
ORD00499,2023-10-07,2023-10,Điện thoại & Phụ kiện,TP.HCM,720000.0,Canceled,8,0.0,0.0
ORD00500,2023-12-02,2023-12,Nhà cửa & Đời sống,Cần Thơ,3990000.0,Canceled,3,0.0,0.0
ORD00501,2023-09-04,2023-09,Điện thoại & Phụ kiện,Cần Thơ,4880000.0,Returned,5,0.0,0.0
ORD00502,2023-09-15,2023-09,Nhà cửa & Đời sống,Cần Thơ,3670000.0,Returned,2,0.0,0.0
ORD00503,2023-06-09,2023-06,Nhà cửa & Đời sống,Hà Nội,2800000.0,Delivered,3,3.0,2800000.0
ORD00504,2023-12-06,2023-12,Mỹ phẩm,Đà Nẵng,2080000.0,Canceled,1,0.0,0.0
ORD00505,2023-06-01,2023-06,Thời trang,Hải Phòng,4360000.0,Delivered,4,3.0,4360000.0
ORD00506,2023-06-27,2023-06,Thời trang,Đà Nẵng,4870000.0,Canceled,5,0.0,0.0
ORD00507,2023-06-12,2023-06,Mỹ phẩm,Hải Phòng,3560000.0,Delivered,12,3.0,3560000.0
ORD00508,2023-02-02,2023-02,Điện thoại & Phụ kiện,Hải Phòng,3460000.0,Canceled,2,0.0,0.0
ORD00509,2023-06-28,2023-06,Thời trang,Cần Thơ,1550000.0,Delivered,3,3.0,1550000.0
ORD00510,2023-04-11,2023-04,Thời trang,TP.HCM,4150000.0,Delivered,12,2.0,4150000.0
ORD00511,2023-09-25,2023-09,Thời trang,Cần Thơ,700000.0,Delivered,6,2.0,700000.0
ORD00512,2023-11-19,2023-11,Thời trang,Hà Nội,1290000.0,Delivered,6,1.0,1290000.0
ORD00513,2023-03-06,2023-03,Điện thoại & Phụ kiện,Hải Phòng,700000.0,Delivered,7,2.0,700000.0
ORD00514,2023-06-17,2023-06,Thời trang,TP.HCM,3180000.0,Canceled,12,0.0,0.0
ORD00515,2023-11-26,2023-11,Mỹ phẩm,Hải Phòng,350000.0,Canceled,9,0.0,0.0
ORD00516,2023-02-12,2023-02,Điện thoại & Phụ kiện,Hải Phòng,1240000.0,Delivered,4,4.0,1240000.0
ORD00517,2023-02-13,2023-02,Nhà cửa & Đời sống,Cần Thơ,4840000.0,Delivered,5,4.0,4840000.0
ORD00518,2023-10-12,2023-10,Thời trang,TP.HCM,490000.0,Delivered,11,5.0,490000.0
ORD00519,2023-01-12,2023-01,Mỹ phẩm,TP.HCM,3530000.0,Canceled,2,0.0,0.0
ORD00520,2023-04-05,2023-04,Thời trang,Hải Phòng,1250000.0,Delivered,6,4.0,1250000.0
ORD00521,2023-10-29,2023-10,Mỹ phẩm,TP.HCM,1450000.0,Delivered,4,4.0,1450000.0
ORD00522,2023-09-10,2023-09,Điện thoại & Phụ kiện,TP.HCM,2860000.0,Delivered,5,2.0,2860000.0
ORD00523,2023-08-30,2023-08,Mỹ phẩm,Cần Thơ,4860000.0,Delivered,7,5.0,4860000.0
ORD00524,2023-02-04,2023-02,Điện thoại & Phụ kiện,Đà Nẵng,3080000.0,Delivered,6,5.0,3080000.0
ORD00525,2023-08-03,2023-08,Mỹ phẩm,Hà Nội,300000.0,Delivered,8,5.0,300000.0
ORD00526,2023-12-03,2023-12,Nhà cửa & Đời sống,Đà Nẵng,3960000.0,Delivered,6,4.0,3960000.0
ORD00527,2023-03-31,2023-03,Điện thoại & Phụ kiện,TP.HCM,400000.0,Delivered,10,2.0,400000.0
ORD00528,2023-09-21,2023-09,Điện thoại & Phụ kiện,Hải Phòng,2560000.0,Delivered,8,5.0,2560000.0
ORD00529,2023-04-03,2023-04,Mỹ phẩm,Hà Nội,4200000.0,Delivered,13,3.0,4200000.0
ORD00530,2023-03-31,2023-03,Điện thoại & Phụ kiện,Hà Nội,360000.0,Delivered,4,5.0,360000.0
ORD00531,2023-04-25,2023-04,Mỹ phẩm,Hải Phòng,820000.0,Delivered,12,1.0,820000.0
ORD00532,2023-04-15,2023-04,Điện thoại & Phụ kiện,Hà Nội,4500000.0,Delivered,7,3.0,4500000.0
ORD00533,2023-07-15,2023-07,Điện thoại & Phụ kiện,Hải Phòng,1060000.0,Canceled,3,0.0,0.0
ORD00534,2023-11-10,2023-11,Nhà cửa & Đời sống,Hà Nội,1700000.0,Delivered,1,4.0,1700000.0
ORD00535,2023-04-24,2023-04,Thời trang,Đà Nẵng,3550000.0,Delivered,13,5.0,3550000.0
ORD00536,2023-03-16,2023-03,Mỹ phẩm,Hà Nội,4850000.0,Delivered,9,2.0,4850000.0
ORD00537,2023-08-05,2023-08,Điện thoại & Phụ kiện,Cần Thơ,3090000.0,Delivered,9,2.0,3090000.0
ORD00538,2023-10-04,2023-10,Thời trang,Hải Phòng,3080000.0,Delivered,6,5.0,3080000.0
ORD00539,2023-09-06,2023-09,Thời trang,Hà Nội,2960000.0,Delivered,2,4.0,2960000.0
ORD00540,2023-06-13,2023-06,Thời trang,Hải Phòng,3820000.0,Delivered,8,4.0,3820000.0
ORD00541,2023-12-23,2023-12,Thời trang,Cần Thơ,4580000.0,Canceled,10,0.0,0.0
ORD00542,2023-07-11,2023-07,Thời trang,Hà Nội,2210000.0,Canceled,6,0.0,0.0
ORD00543,2023-08-15,2023-08,Thời trang,Hà Nội,850000.0,Delivered,7,5.0,850000.0
ORD00544,2023-06-26,2023-06,Điện thoại & Phụ kiện,Cần Thơ,4100000.0,Delivered,13,1.0,4100000.0
ORD00545,2023-04-09,2023-04,Mỹ phẩm,Cần Thơ,1520000.0,Delivered,1,2.0,1520000.0
ORD00546,2023-02-05,2023-02,Điện thoại & Phụ kiện,Cần Thơ,430000.0,Delivered,3,3.0,430000.0
ORD00547,2023-04-06,2023-04,Thời trang,Hải Phòng,3450000.0,Returned,1,0.0,0.0
ORD00548,2023-06-01,2023-06,Điện thoại & Phụ kiện,Cần Thơ,130000.0,Delivered,10,2.0,130000.0
ORD00549,2023-05-31,2023-05,Thời trang,Hải Phòng,3370000.0,Returned,1,0.0,0.0
ORD00550,2023-07-09,2023-07,Mỹ phẩm,Đà Nẵng,1070000.0,Delivered,12,2.0,1070000.0
ORD00551,2023-08-12,2023-08,Điện thoại & Phụ kiện,Hà Nội,3750000.0,Delivered,12,1.0,3750000.0
ORD00552,2023-02-06,2023-02,Điện thoại & Phụ kiện,Hà Nội,2260000.0,Delivered,11,1.0,2260000.0
ORD00553,2023-09-25,2023-09,Điện thoại & Phụ kiện,TP.HCM,4720000.0,Delivered,13,4.0,4720000.0
ORD00554,2023-07-02,2023-07,Thời trang,Đà Nẵng,370000.0,Delivered,1,2.0,370000.0
ORD00555,2023-01-13,2023-01,Mỹ phẩm,Cần Thơ,2100000.0,Delivered,4,3.0,2100000.0
ORD00556,2023-10-06,2023-10,Điện thoại & Phụ kiện,Cần Thơ,3950000.0,Delivered,13,5.0,3950000.0
ORD00557,2023-08-05,2023-08,Mỹ phẩm,Đà Nẵng,2820000.0,Delivered,7,5.0,2820000.0
ORD00558,2023-12-21,2023-12,Điện thoại & Phụ kiện,Cần Thơ,3230000.0,Delivered,7,2.0,3230000.0
ORD00559,2023-12-27,2023-12,Thời trang,TP.HCM,1360000.0,Delivered,12,5.0,1360000.0
ORD00560,2023-10-13,2023-10,Nhà cửa & Đời sống,Hải Phòng,2110000.0,Delivered,13,1.0,2110000.0
ORD00561,2023-09-30,2023-09,Điện thoại & Phụ kiện,Hà Nội,180000.0,Delivered,5,5.0,180000.0
ORD00562,2023-03-03,2023-03,Thời trang,Đà Nẵng,2960000.0,Delivered,12,1.0,2960000.0
ORD00563,2023-03-25,2023-03,Điện thoại & Phụ kiện,Hà Nội,4590000.0,Delivered,6,1.0,4590000.0
ORD00564,2023-08-05,2023-08,Điện thoại & Phụ kiện,Hải Phòng,970000.0,Delivered,2,3.0,970000.0
ORD00565,2023-12-08,2023-12,Điện thoại & Phụ kiện,Đà Nẵng,3270000.0,Delivered,5,5.0,3270000.0
ORD00566,2023-07-06,2023-07,Điện thoại & Phụ kiện,Hải Phòng,280000.0,Delivered,7,3.0,280000.0
ORD00567,2023-01-19,2023-01,Thời trang,Cần Thơ,900000.0,Delivered,9,5.0,900000.0
ORD00568,2023-06-26,2023-06,Thời trang,Cần Thơ,1160000.0,Delivered,6,1.0,1160000.0
ORD00569,2023-04-10,2023-04,Thời trang,Cần Thơ,4670000.0,Canceled,12,0.0,0.0
ORD00570,2023-08-21,2023-08,Điện thoại & Phụ kiện,Hải Phòng,3200000.0,Delivered,10,3.0,3200000.0
ORD00571,2023-03-17,2023-03,Điện thoại & Phụ kiện,Hải Phòng,4210000.0,Delivered,4,4.0,4210000.0
ORD00572,2023-09-22,2023-09,Thời trang,Hải Phòng,2390000.0,Delivered,3,3.0,2390000.0
ORD00573,2023-10-11,2023-10,Nhà cửa & Đời sống,Hà Nội,1210000.0,Delivered,9,4.0,1210000.0
ORD00574,2023-07-25,2023-07,Điện thoại & Phụ kiện,Hải Phòng,2290000.0,Canceled,7,0.0,0.0
ORD00575,2023-08-11,2023-08,Mỹ phẩm,Cần Thơ,1320000.0,Delivered,11,3.0,1320000.0
ORD00576,2023-02-21,2023-02,Thời trang,TP.HCM,2530000.0,Returned,13,0.0,0.0
ORD00577,2023-12-05,2023-12,Thời trang,Hải Phòng,1870000.0,Delivered,6,4.0,1870000.0
ORD00578,2023-05-24,2023-05,Thời trang,TP.HCM,740000.0,Delivered,7,5.0,740000.0
ORD00579,2023-03-10,2023-03,Điện thoại & Phụ kiện,Cần Thơ,3890000.0,Delivered,8,4.0,3890000.0
ORD00580,2023-04-09,2023-04,Điện thoại & Phụ kiện,Hải Phòng,120000.0,Delivered,5,3.0,120000.0
ORD00581,2023-01-25,2023-01,Thời trang,Hà Nội,2160000.0,Delivered,3,3.0,2160000.0
ORD00582,2023-02-22,2023-02,Điện thoại & Phụ kiện,Hà Nội,4450000.0,Delivered,3,5.0,4450000.0
ORD00583,2023-05-31,2023-05,Nhà cửa & Đời sống,TP.HCM,4030000.0,Canceled,13,0.0,0.0
ORD00584,2023-05-24,2023-05,Thời trang,Hà Nội,300000.0,Delivered,2,5.0,300000.0
ORD00585,2023-02-26,2023-02,Điện thoại & Phụ kiện,Hà Nội,3020000.0,Delivered,8,1.0,3020000.0
ORD00586,2023-02-08,2023-02,Mỹ phẩm,Hà Nội,240000.0,Delivered,1,4.0,240000.0
ORD00587,2023-04-19,2023-04,Điện thoại & Phụ kiện,Cần Thơ,3520000.0,Returned,12,0.0,0.0
ORD00588,2023-06-30,2023-06,Thời trang,Hà Nội,2150000.0,Delivered,8,4.0,2150000.0
ORD00589,2023-02-11,2023-02,Thời trang,Đà Nẵng,4720000.0,Delivered,3,1.0,4720000.0
ORD00590,2023-07-05,2023-07,Nhà cửa & Đời sống,Hải Phòng,2110000.0,Delivered,9,4.0,2110000.0
ORD00591,2023-08-11,2023-08,Mỹ phẩm,Hà Nội,1290000.0,Returned,12,0.0,0.0
ORD00592,2023-05-02,2023-05,Thời trang,Hà Nội,1460000.0,Delivered,12,3.0,1460000.0
ORD00593,2023-05-13,2023-05,Thời trang,Hà Nội,3090000.0,Delivered,11,4.0,3090000.0
ORD00594,2023-06-12,2023-06,Nhà cửa & Đời sống,Đà Nẵng,3040000.0,Delivered,2,4.0,3040000.0
ORD00595,2023-08-03,2023-08,Điện thoại & Phụ kiện,Hà Nội,3980000.0,Delivered,10,1.0,3980000.0
ORD00596,2023-08-09,2023-08,Điện thoại & Phụ kiện,Hà Nội,340000.0,Delivered,9,2.0,340000.0
ORD00597,2023-08-23,2023-08,Điện thoại & Phụ kiện,Hải Phòng,3210000.0,Delivered,6,3.0,3210000.0
ORD00598,2023-11-27,2023-11,Điện thoại & Phụ kiện,Đà Nẵng,2430000.0,Delivered,1,5.0,2430000.0
ORD00599,2023-05-26,2023-05,Thời trang,Đà Nẵng,1300000.0,Delivered,5,1.0,1300000.0
ORD00600,2023-08-27,2023-08,Thời trang,Hà Nội,990000.0,Delivered,10,5.0,990000.0
ORD00601,2023-03-17,2023-03,Thời trang,Đà Nẵng,3290000.0,Canceled,9,0.0,0.0
ORD00602,2023-01-09,2023-01,Điện thoại & Phụ kiện,TP.HCM,2090000.0,Delivered,13,4.0,2090000.0
ORD00603,2023-03-15,2023-03,Mỹ phẩm,Đà Nẵng,4790000.0,Delivered,6,1.0,4790000.0
ORD00604,2023-09-10,2023-09,Điện thoại & Phụ kiện,Đà Nẵng,1890000.0,Delivered,7,1.0,1890000.0
ORD00605,2023-08-18,2023-08,Thời trang,Đà Nẵng,3540000.0,Delivered,4,3.0,3540000.0
ORD00606,2023-01-07,2023-01,Thời trang,Cần Thơ,3770000.0,Delivered,1,2.0,3770000.0
ORD00607,2023-06-23,2023-06,Điện thoại & Phụ kiện,Cần Thơ,850000.0,Delivered,5,5.0,850000.0
ORD00608,2023-05-21,2023-05,Điện thoại & Phụ kiện,Cần Thơ,1460000.0,Delivered,2,3.0,1460000.0
ORD00609,2023-06-17,2023-06,Điện thoại & Phụ kiện,Đà Nẵng,1470000.0,Delivered,8,3.0,1470000.0
ORD00610,2023-06-19,2023-06,Mỹ phẩm,TP.HCM,190000.0,Returned,4,0.0,0.0
ORD00611,2023-10-10,2023-10,Nhà cửa & Đời sống,Đà Nẵng,2100000.0,Delivered,1,4.0,2100000.0
ORD00612,2023-05-02,2023-05,Thời trang,Hà Nội,3270000.0,Delivered,10,4.0,3270000.0
ORD00613,2023-07-13,2023-07,Điện thoại & Phụ kiện,TP.HCM,3550000.0,Canceled,7,0.0,0.0
ORD00614,2023-01-05,2023-01,Thời trang,Cần Thơ,4920000.0,Delivered,12,1.0,4920000.0
ORD00615,2023-01-29,2023-01,Mỹ phẩm,Hải Phòng,2280000.0,Delivered,11,2.0,2280000.0
ORD00616,2023-06-14,2023-06,Mỹ phẩm,TP.HCM,690000.0,Delivered,2,4.0,690000.0
ORD00617,2023-12-05,2023-12,Điện thoại & Phụ kiện,Cần Thơ,4880000.0,Delivered,3,2.0,4880000.0
ORD00618,2023-05-16,2023-05,Điện thoại & Phụ kiện,TP.HCM,1560000.0,Delivered,9,3.0,1560000.0
ORD00619,2023-12-31,2023-12,Mỹ phẩm,TP.HCM,1160000.0,Delivered,13,3.0,1160000.0
ORD00620,2023-11-17,2023-11,Điện thoại & Phụ kiện,Đà Nẵng,470000.0,Canceled,9,0.0,0.0
ORD00621,2023-12-08,2023-12,Điện thoại & Phụ kiện,Hà Nội,1430000.0,Delivered,2,5.0,1430000.0
ORD00622,2023-05-25,2023-05,Điện thoại & Phụ kiện,Hải Phòng,4080000.0,Delivered,3,5.0,4080000.0
ORD00623,2023-11-23,2023-11,Thời trang,Cần Thơ,2300000.0,Delivered,11,4.0,2300000.0
ORD00624,2023-08-05,2023-08,Mỹ phẩm,TP.HCM,3120000.0,Delivered,12,2.0,3120000.0
ORD00625,2023-10-28,2023-10,Nhà cửa & Đời sống,Hải Phòng,4380000.0,Delivered,9,3.0,4380000.0
ORD00626,2023-05-12,2023-05,Thời trang,TP.HCM,1420000.0,Canceled,1,0.0,0.0
ORD00627,2023-10-19,2023-10,Thời trang,Hà Nội,3430000.0,Canceled,2,0.0,0.0
ORD00628,2023-03-11,2023-03,Điện thoại & Phụ kiện,Hải Phòng,620000.0,Delivered,11,2.0,620000.0
ORD00629,2023-09-09,2023-09,Thời trang,Cần Thơ,4590000.0,Delivered,2,2.0,4590000.0
ORD00630,2023-10-02,2023-10,Điện thoại & Phụ kiện,TP.HCM,710000.0,Canceled,10,0.0,0.0
ORD00631,2023-12-30,2023-12,Thời trang,Hà Nội,320000.0,Delivered,3,2.0,320000.0
ORD00632,2023-07-01,2023-07,Điện thoại & Phụ kiện,Hải Phòng,530000.0,Delivered,10,2.0,530000.0
ORD00633,2023-06-16,2023-06,Điện thoại & Phụ kiện,TP.HCM,3170000.0,Delivered,3,2.0,3170000.0
ORD00634,2023-04-01,2023-04,Điện thoại & Phụ kiện,TP.HCM,550000.0,Returned,10,0.0,0.0
ORD00635,2023-07-21,2023-07,Điện thoại & Phụ kiện,Cần Thơ,1560000.0,Delivered,13,3.0,1560000.0
ORD00636,2023-12-12,2023-12,Điện thoại & Phụ kiện,Hà Nội,2250000.0,Canceled,2,0.0,0.0
ORD00637,2023-01-19,2023-01,Điện thoại & Phụ kiện,Đà Nẵng,3490000.0,Delivered,8,2.0,3490000.0
ORD00638,2023-02-08,2023-02,Nhà cửa & Đời sống,TP.HCM,560000.0,Delivered,8,5.0,560000.0
ORD00639,2023-05-06,2023-05,Thời trang,Hải Phòng,3560000.0,Delivered,8,5.0,3560000.0
ORD00640,2023-06-22,2023-06,Thời trang,Cần Thơ,3170000.0,Delivered,2,5.0,3170000.0
ORD00641,2023-05-21,2023-05,Mỹ phẩm,Cần Thơ,330000.0,Delivered,13,3.0,330000.0
ORD00642,2023-08-30,2023-08,Nhà cửa & Đời sống,TP.HCM,1540000.0,Delivered,9,4.0,1540000.0
ORD00643,2023-08-08,2023-08,Thời trang,TP.HCM,980000.0,Delivered,11,2.0,980000.0
ORD00644,2023-05-06,2023-05,Mỹ phẩm,TP.HCM,1830000.0,Delivered,7,3.0,1830000.0
ORD00645,2023-02-27,2023-02,Điện thoại & Phụ kiện,Đà Nẵng,730000.0,Delivered,12,5.0,730000.0
ORD00646,2023-05-28,2023-05,Điện thoại & Phụ kiện,TP.HCM,1280000.0,Delivered,5,3.0,1280000.0
ORD00647,2023-11-13,2023-11,Thời trang,Hà Nội,2320000.0,Delivered,7,3.0,2320000.0
ORD00648,2023-12-27,2023-12,Thời trang,Hải Phòng,1650000.0,Delivered,8,3.0,1650000.0
ORD00649,2023-01-01,2023-01,Thời trang,TP.HCM,1870000.0,Returned,9,0.0,0.0
ORD00650,2023-12-14,2023-12,Điện thoại & Phụ kiện,Đà Nẵng,3290000.0,Delivered,2,4.0,3290000.0
ORD00651,2023-07-09,2023-07,Điện thoại & Phụ kiện,Hải Phòng,4210000.0,Delivered,6,1.0,4210000.0
ORD00652,2023-07-10,2023-07,Thời trang,Cần Thơ,3510000.0,Delivered,9,2.0,3510000.0
ORD00653,2023-11-08,2023-11,Điện thoại & Phụ kiện,TP.HCM,650000.0,Delivered,13,2.0,650000.0
ORD00654,2023-04-27,2023-04,Thời trang,Hải Phòng,680000.0,Delivered,6,3.0,680000.0
ORD00655,2023-05-14,2023-05,Thời trang,Cần Thơ,3980000.0,Canceled,2,0.0,0.0
ORD00656,2023-02-27,2023-02,Mỹ phẩm,Đà Nẵng,4470000.0,Delivered,1,5.0,4470000.0
ORD00657,2023-02-13,2023-02,Mỹ phẩm,Hà Nội,4370000.0,Canceled,12,0.0,0.0
ORD00658,2023-06-22,2023-06,Mỹ phẩm,TP.HCM,4350000.0,Delivered,3,1.0,4350000.0
ORD00659,2023-06-09,2023-06,Thời trang,Hà Nội,4650000.0,Delivered,11,3.0,4650000.0
ORD00660,2023-06-22,2023-06,Mỹ phẩm,Đà Nẵng,3900000.0,Delivered,5,3.0,3900000.0
ORD00661,2023-11-13,2023-11,Thời trang,Hải Phòng,4950000.0,Delivered,7,5.0,4950000.0
ORD00662,2023-10-30,2023-10,Điện thoại & Phụ kiện,Hải Phòng,2290000.0,Delivered,10,5.0,2290000.0
ORD00663,2023-05-29,2023-05,Điện thoại & Phụ kiện,Đà Nẵng,1940000.0,Canceled,10,0.0,0.0
ORD00664,2023-03-21,2023-03,Điện thoại & Phụ kiện,Đà Nẵng,560000.0,Canceled,3,0.0,0.0
ORD00665,2023-08-01,2023-08,Thời trang,TP.HCM,4690000.0,Canceled,9,0.0,0.0
ORD00666,2023-07-22,2023-07,Thời trang,Cần Thơ,3860000.0,Canceled,10,0.0,0.0
ORD00667,2023-09-09,2023-09,Mỹ phẩm,Hà Nội,4180000.0,Returned,12,0.0,0.0
ORD00668,2023-08-17,2023-08,Điện thoại & Phụ kiện,Hà Nội,1110000.0,Returned,4,0.0,0.0
ORD00669,2023-06-13,2023-06,Điện thoại & Phụ kiện,Hải Phòng,530000.0,Delivered,10,5.0,530000.0
ORD00670,2023-08-15,2023-08,Nhà cửa & Đời sống,Hải Phòng,240000.0,Delivered,2,2.0,240000.0
ORD00671,2023-05-27,2023-05,Điện thoại & Phụ kiện,TP.HCM,2450000.0,Delivered,3,5.0,2450000.0
ORD00672,2023-01-20,2023-01,Thời trang,Đà Nẵng,3700000.0,Delivered,5,4.0,3700000.0
ORD00673,2023-02-16,2023-02,Thời trang,Hà Nội,600000.0,Returned,3,0.0,0.0
ORD00674,2023-08-21,2023-08,Thời trang,TP.HCM,3180000.0,Delivered,5,5.0,3180000.0
ORD00675,2023-11-01,2023-11,Điện thoại & Phụ kiện,Hải Phòng,430000.0,Delivered,4,5.0,430000.0
ORD00676,2023-01-14,2023-01,Điện thoại & Phụ kiện,Hải Phòng,1330000.0,Delivered,13,3.0,1330000.0
ORD00677,2023-05-23,2023-05,Điện thoại & Phụ kiện,Hà Nội,860000.0,Delivered,11,2.0,860000.0
ORD00678,2023-01-01,2023-01,Thời trang,Hải Phòng,4010000.0,Delivered,10,3.0,4010000.0
ORD00679,2023-02-23,2023-02,Thời trang,Hải Phòng,1320000.0,Delivered,13,1.0,1320000.0
ORD00680,2023-09-16,2023-09,Điện thoại & Phụ kiện,Cần Thơ,2140000.0,Delivered,3,1.0,2140000.0
ORD00681,2023-05-24,2023-05,Thời trang,Đà Nẵng,2370000.0,Delivered,12,4.0,2370000.0
ORD00682,2023-01-12,2023-01,Mỹ phẩm,Hải Phòng,790000.0,Delivered,6,4.0,790000.0
ORD00683,2023-11-26,2023-11,Điện thoại & Phụ kiện,Cần Thơ,2390000.0,Delivered,8,2.0,2390000.0
ORD00684,2023-08-12,2023-08,Thời trang,TP.HCM,4890000.0,Delivered,13,4.0,4890000.0
ORD00685,2023-09-29,2023-09,Thời trang,Hải Phòng,300000.0,Delivered,12,1.0,300000.0
ORD00686,2023-12-24,2023-12,Điện thoại & Phụ kiện,TP.HCM,1170000.0,Delivered,4,2.0,1170000.0
ORD00687,2023-06-05,2023-06,Điện thoại & Phụ kiện,Hải Phòng,3730000.0,Canceled,9,0.0,0.0
ORD00688,2023-01-08,2023-01,Thời trang,Hà Nội,2500000.0,Delivered,6,5.0,2500000.0
ORD00689,2023-05-02,2023-05,Mỹ phẩm,Cần Thơ,2600000.0,Canceled,5,0.0,0.0
ORD00690,2023-12-14,2023-12,Mỹ phẩm,Cần Thơ,1440000.0,Delivered,3,2.0,1440000.0
ORD00691,2023-06-13,2023-06,Thời trang,Hà Nội,990000.0,Canceled,5,0.0,0.0
ORD00692,2023-03-31,2023-03,Mỹ phẩm,Đà Nẵng,880000.0,Delivered,5,4.0,880000.0
ORD00693,2023-05-16,2023-05,Điện thoại & Phụ kiện,Cần Thơ,4490000.0,Delivered,12,2.0,4490000.0
ORD00694,2023-07-05,2023-07,Thời trang,TP.HCM,1860000.0,Delivered,12,4.0,1860000.0
ORD00695,2023-11-12,2023-11,Thời trang,Cần Thơ,3070000.0,Delivered,4,1.0,3070000.0
ORD00696,2023-06-27,2023-06,Điện thoại & Phụ kiện,Đà Nẵng,4160000.0,Returned,12,0.0,0.0
ORD00697,2023-01-28,2023-01,Mỹ phẩm,TP.HCM,3170000.0,Delivered,6,4.0,3170000.0
ORD00698,2023-08-08,2023-08,Thời trang,TP.HCM,1110000.0,Returned,3,0.0,0.0
ORD00699,2023-12-23,2023-12,Điện thoại & Phụ kiện,Hà Nội,3700000.0,Canceled,10,0.0,0.0
ORD00700,2023-02-10,2023-02,Nhà cửa & Đời sống,Hải Phòng,3440000.0,Delivered,1,1.0,3440000.0
ORD00701,2023-08-16,2023-08,Điện thoại & Phụ kiện,Hà Nội,1210000.0,Delivered,7,2.0,1210000.0
ORD00702,2023-07-11,2023-07,Điện thoại & Phụ kiện,Hải Phòng,1900000.0,Delivered,7,4.0,1900000.0
ORD00703,2023-05-25,2023-05,Điện thoại & Phụ kiện,Hà Nội,1130000.0,Delivered,12,1.0,1130000.0
ORD00704,2023-07-20,2023-07,Mỹ phẩm,Hải Phòng,250000.0,Delivered,4,5.0,250000.0
ORD00705,2023-07-31,2023-07,Mỹ phẩm,Cần Thơ,1050000.0,Returned,9,0.0,0.0
ORD00706,2023-08-08,2023-08,Điện thoại & Phụ kiện,TP.HCM,3020000.0,Delivered,12,5.0,3020000.0
ORD00707,2023-08-28,2023-08,Thời trang,Hải Phòng,1550000.0,Delivered,2,3.0,1550000.0
ORD00708,2023-02-15,2023-02,Điện thoại & Phụ kiện,Cần Thơ,4130000.0,Delivered,13,3.0,4130000.0
ORD00709,2023-02-04,2023-02,Mỹ phẩm,Đà Nẵng,3110000.0,Delivered,1,5.0,3110000.0
ORD00710,2023-09-10,2023-09,Thời trang,Hà Nội,110000.0,Delivered,3,2.0,110000.0
ORD00711,2023-03-23,2023-03,Thời trang,Đà Nẵng,1280000.0,Delivered,7,3.0,1280000.0
ORD00712,2023-09-13,2023-09,Nhà cửa & Đời sống,Cần Thơ,3520000.0,Delivered,9,4.0,3520000.0
ORD00713,2023-07-16,2023-07,Điện thoại & Phụ kiện,Đà Nẵng,1030000.0,Delivered,2,3.0,1030000.0
ORD00714,2023-10-30,2023-10,Điện thoại & Phụ kiện,Đà Nẵng,2000000.0,Delivered,6,4.0,2000000.0
ORD00715,2023-01-10,2023-01,Thời trang,Cần Thơ,120000.0,Delivered,3,3.0,120000.0
ORD00716,2023-11-08,2023-11,Nhà cửa & Đời sống,TP.HCM,4390000.0,Returned,5,0.0,0.0
ORD00717,2023-10-13,2023-10,Điện thoại & Phụ kiện,Hải Phòng,4960000.0,Delivered,12,4.0,4960000.0
ORD00718,2023-08-30,2023-08,Điện thoại & Phụ kiện,Hà Nội,1200000.0,Delivered,9,2.0,1200000.0
ORD00719,2023-09-08,2023-09,Điện thoại & Phụ kiện,Hải Phòng,1860000.0,Delivered,3,3.0,1860000.0
ORD00720,2023-12-31,2023-12,Thời trang,Hà Nội,2660000.0,Delivered,1,3.0,2660000.0
ORD00721,2023-01-05,2023-01,Điện thoại & Phụ kiện,Hải Phòng,3700000.0,Returned,5,0.0,0.0
ORD00722,2023-04-29,2023-04,Thời trang,Đà Nẵng,310000.0,Canceled,1,0.0,0.0
ORD00723,2023-10-16,2023-10,Nhà cửa & Đời sống,TP.HCM,4860000.0,Delivered,8,5.0,4860000.0
ORD00724,2023-03-06,2023-03,Thời trang,Đà Nẵng,4070000.0,Canceled,7,0.0,0.0
ORD00725,2023-05-26,2023-05,Điện thoại & Phụ kiện,TP.HCM,2290000.0,Canceled,11,0.0,0.0
ORD00726,2023-08-12,2023-08,Thời trang,Cần Thơ,4780000.0,Delivered,2,3.0,4780000.0
ORD00727,2023-08-27,2023-08,Điện thoại & Phụ kiện,Hà Nội,1820000.0,Canceled,11,0.0,0.0
ORD00728,2023-06-26,2023-06,Mỹ phẩm,Hà Nội,2330000.0,Delivered,9,3.0,2330000.0
ORD00729,2023-09-24,2023-09,Thời trang,Cần Thơ,3990000.0,Delivered,5,1.0,3990000.0
ORD00730,2023-12-07,2023-12,Điện thoại & Phụ kiện,Hải Phòng,740000.0,Canceled,7,0.0,0.0
ORD00731,2023-10-09,2023-10,Thời trang,Cần Thơ,2860000.0,Delivered,4,3.0,2860000.0
ORD00732,2023-03-04,2023-03,Thời trang,Cần Thơ,2580000.0,Canceled,12,0.0,0.0
ORD00733,2023-08-05,2023-08,Thời trang,TP.HCM,2690000.0,Delivered,13,3.0,2690000.0
ORD00734,2023-12-08,2023-12,Điện thoại & Phụ kiện,Cần Thơ,1400000.0,Canceled,1,0.0,0.0
ORD00735,2023-11-11,2023-11,Mỹ phẩm,Hà Nội,1220000.0,Delivered,8,4.0,1220000.0
ORD00736,2023-10-10,2023-10,Nhà cửa & Đời sống,Đà Nẵng,2950000.0,Delivered,13,3.0,2950000.0
ORD00737,2023-06-26,2023-06,Thời trang,TP.HCM,2960000.0,Delivered,1,3.0,2960000.0
ORD00738,2023-04-08,2023-04,Nhà cửa & Đời sống,TP.HCM,4270000.0,Canceled,3,0.0,0.0
ORD00739,2023-04-15,2023-04,Điện thoại & Phụ kiện,Hải Phòng,2200000.0,Delivered,6,1.0,2200000.0
ORD00740,2023-04-09,2023-04,Thời trang,Đà Nẵng,290000.0,Delivered,8,4.0,290000.0
ORD00741,2023-11-07,2023-11,Thời trang,TP.HCM,2240000.0,Delivered,8,5.0,2240000.0
ORD00742,2023-01-06,2023-01,Thời trang,Cần Thơ,3190000.0,Delivered,2,2.0,3190000.0
ORD00743,2023-07-16,2023-07,Thời trang,TP.HCM,2600000.0,Returned,9,0.0,0.0
ORD00744,2023-12-17,2023-12,Điện thoại & Phụ kiện,TP.HCM,4970000.0,Delivered,4,1.0,4970000.0
ORD00745,2023-05-13,2023-05,Điện thoại & Phụ kiện,TP.HCM,3910000.0,Delivered,4,2.0,3910000.0
ORD00746,2023-12-24,2023-12,Điện thoại & Phụ kiện,Hải Phòng,4180000.0,Delivered,2,1.0,4180000.0
ORD00747,2023-09-16,2023-09,Điện thoại & Phụ kiện,TP.HCM,2800000.0,Delivered,1,2.0,2800000.0
ORD00748,2023-01-23,2023-01,Mỹ phẩm,TP.HCM,4310000.0,Delivered,10,2.0,4310000.0
ORD00749,2023-02-22,2023-02,Điện thoại & Phụ kiện,Hải Phòng,4160000.0,Delivered,7,5.0,4160000.0
ORD00750,2023-06-14,2023-06,Điện thoại & Phụ kiện,Đà Nẵng,1890000.0,Returned,11,0.0,0.0
ORD00751,2023-07-21,2023-07,Thời trang,Hà Nội,2030000.0,Delivered,10,1.0,2030000.0
ORD00752,2023-03-24,2023-03,Thời trang,Hải Phòng,4500000.0,Delivered,3,3.0,4500000.0
ORD00753,2023-05-25,2023-05,Mỹ phẩm,Hải Phòng,3220000.0,Returned,4,0.0,0.0
ORD00754,2023-03-26,2023-03,Thời trang,TP.HCM,880000.0,Delivered,11,3.0,880000.0
ORD00755,2023-03-19,2023-03,Điện thoại & Phụ kiện,TP.HCM,1890000.0,Delivered,9,1.0,1890000.0
ORD00756,2023-01-01,2023-01,Mỹ phẩm,Hà Nội,1720000.0,Delivered,6,1.0,1720000.0
ORD00757,2023-02-20,2023-02,Thời trang,TP.HCM,2110000.0,Delivered,1,3.0,2110000.0
ORD00758,2023-06-22,2023-06,Điện thoại & Phụ kiện,Cần Thơ,230000.0,Delivered,9,2.0,230000.0
ORD00759,2023-07-24,2023-07,Thời trang,TP.HCM,3560000.0,Returned,9,0.0,0.0
ORD00760,2023-09-17,2023-09,Nhà cửa & Đời sống,TP.HCM,2550000.0,Delivered,5,4.0,2550000.0
ORD00761,2023-10-15,2023-10,Điện thoại & Phụ kiện,Cần Thơ,230000.0,Delivered,8,1.0,230000.0
ORD00762,2023-02-03,2023-02,Điện thoại & Phụ kiện,Hà Nội,1080000.0,Delivered,7,4.0,1080000.0
ORD00763,2023-12-14,2023-12,Điện thoại & Phụ kiện,Cần Thơ,420000.0,Delivered,11,4.0,420000.0
ORD00764,2023-04-05,2023-04,Điện thoại & Phụ kiện,Hải Phòng,4450000.0,Delivered,8,1.0,4450000.0
ORD00765,2023-03-13,2023-03,Thời trang,Cần Thơ,2660000.0,Delivered,9,3.0,2660000.0
ORD00766,2023-02-08,2023-02,Thời trang,Đà Nẵng,430000.0,Delivered,2,5.0,430000.0
ORD00767,2023-06-03,2023-06,Điện thoại & Phụ kiện,Hải Phòng,280000.0,Delivered,10,4.0,280000.0
ORD00768,2023-09-07,2023-09,Nhà cửa & Đời sống,TP.HCM,1610000.0,Returned,5,0.0,0.0
ORD00769,2023-06-11,2023-06,Mỹ phẩm,Hải Phòng,4990000.0,Canceled,8,0.0,0.0
ORD00770,2023-04-28,2023-04,Thời trang,Hà Nội,2690000.0,Returned,3,0.0,0.0
ORD00771,2023-09-16,2023-09,Mỹ phẩm,Hà Nội,1730000.0,Delivered,11,3.0,1730000.0
ORD00772,2023-11-02,2023-11,Điện thoại & Phụ kiện,Cần Thơ,860000.0,Canceled,11,0.0,0.0
ORD00773,2023-09-25,2023-09,Thời trang,Hải Phòng,3230000.0,Delivered,6,3.0,3230000.0
ORD00774,2023-02-23,2023-02,Thời trang,TP.HCM,4250000.0,Returned,6,0.0,0.0
ORD00775,2023-08-24,2023-08,Mỹ phẩm,Hà Nội,1460000.0,Returned,7,0.0,0.0
ORD00776,2023-08-10,2023-08,Mỹ phẩm,TP.HCM,3680000.0,Returned,13,0.0,0.0
ORD00777,2023-09-08,2023-09,Điện thoại & Phụ kiện,Đà Nẵng,2170000.0,Returned,11,0.0,0.0
ORD00778,2023-11-09,2023-11,Nhà cửa & Đời sống,Hà Nội,2510000.0,Delivered,3,4.0,2510000.0
ORD00779,2023-04-22,2023-04,Điện thoại & Phụ kiện,Cần Thơ,760000.0,Delivered,8,4.0,760000.0
ORD00780,2023-09-12,2023-09,Mỹ phẩm,Đà Nẵng,1250000.0,Delivered,8,3.0,1250000.0
ORD00781,2023-10-30,2023-10,Nhà cửa & Đời sống,Hải Phòng,4130000.0,Delivered,9,5.0,4130000.0
ORD00782,2023-07-26,2023-07,Điện thoại & Phụ kiện,TP.HCM,2110000.0,Returned,8,0.0,0.0
ORD00783,2023-08-17,2023-08,Mỹ phẩm,Hà Nội,3850000.0,Delivered,3,5.0,3850000.0
ORD00784,2023-12-07,2023-12,Điện thoại & Phụ kiện,Đà Nẵng,2590000.0,Delivered,6,5.0,2590000.0
ORD00785,2023-03-07,2023-03,Thời trang,Đà Nẵng,4550000.0,Delivered,9,2.0,4550000.0
ORD00786,2023-03-16,2023-03,Thời trang,Hà Nội,4510000.0,Delivered,1,4.0,4510000.0
ORD00787,2023-04-13,2023-04,Thời trang,Hải Phòng,2870000.0,Delivered,3,4.0,2870000.0
ORD00788,2023-07-11,2023-07,Nhà cửa & Đời sống,Hải Phòng,1210000.0,Delivered,2,1.0,1210000.0
ORD00789,2023-09-09,2023-09,Thời trang,Cần Thơ,4600000.0,Delivered,12,5.0,4600000.0
ORD00790,2023-08-14,2023-08,Thời trang,Hải Phòng,3400000.0,Delivered,8,3.0,3400000.0
ORD00791,2023-10-21,2023-10,Mỹ phẩm,Cần Thơ,4820000.0,Delivered,6,2.0,4820000.0
ORD00792,2023-11-02,2023-11,Nhà cửa & Đời sống,Đà Nẵng,2430000.0,Delivered,10,1.0,2430000.0
ORD00793,2023-04-08,2023-04,Điện thoại & Phụ kiện,Hà Nội,1850000.0,Returned,11,0.0,0.0
ORD00794,2023-12-04,2023-12,Nhà cửa & Đời sống,Hải Phòng,4010000.0,Delivered,11,3.0,4010000.0
ORD00795,2023-10-13,2023-10,Điện thoại & Phụ kiện,Cần Thơ,4660000.0,Delivered,8,1.0,4660000.0
ORD00796,2023-12-01,2023-12,Mỹ phẩm,Đà Nẵng,1520000.0,Delivered,2,2.0,1520000.0
ORD00797,2023-12-13,2023-12,Điện thoại & Phụ kiện,Hải Phòng,410000.0,Delivered,11,3.0,410000.0
ORD00798,2023-11-04,2023-11,Điện thoại & Phụ kiện,TP.HCM,1900000.0,Delivered,6,1.0,1900000.0
ORD00799,2023-09-06,2023-09,Thời trang,Đà Nẵng,760000.0,Delivered,7,3.0,760000.0
ORD00800,2023-06-15,2023-06,Thời trang,Hải Phòng,130000.0,Delivered,8,1.0,130000.0
ORD00801,2023-12-01,2023-12,Điện thoại & Phụ kiện,Đà Nẵng,2950000.0,Delivered,9,4.0,2950000.0
ORD00802,2023-01-30,2023-01,Điện thoại & Phụ kiện,Hà Nội,2780000.0,Returned,5,0.0,0.0
ORD00803,2023-09-04,2023-09,Thời trang,Hà Nội,2450000.0,Delivered,11,2.0,2450000.0
ORD00804,2023-04-16,2023-04,Nhà cửa & Đời sống,Hà Nội,2860000.0,Delivered,3,5.0,2860000.0
ORD00805,2023-02-20,2023-02,Điện thoại & Phụ kiện,TP.HCM,500000.0,Returned,2,0.0,0.0
ORD00806,2023-03-22,2023-03,Điện thoại & Phụ kiện,Hà Nội,1300000.0,Delivered,8,3.0,1300000.0
ORD00807,2023-05-13,2023-05,Thời trang,TP.HCM,2840000.0,Delivered,1,1.0,2840000.0
ORD00808,2023-10-12,2023-10,Điện thoại & Phụ kiện,Hà Nội,2400000.0,Delivered,10,4.0,2400000.0
ORD00809,2023-05-18,2023-05,Mỹ phẩm,Đà Nẵng,3130000.0,Delivered,6,5.0,3130000.0
ORD00810,2023-07-03,2023-07,Mỹ phẩm,Hải Phòng,950000.0,Returned,2,0.0,0.0
ORD00811,2023-11-26,2023-11,Thời trang,Hải Phòng,720000.0,Delivered,3,3.0,720000.0
ORD00812,2023-09-30,2023-09,Điện thoại & Phụ kiện,Hà Nội,4130000.0,Delivered,8,3.0,4130000.0
ORD00813,2023-12-06,2023-12,Mỹ phẩm,Hải Phòng,2010000.0,Returned,1,0.0,0.0
ORD00814,2023-03-10,2023-03,Thời trang,Hà Nội,3020000.0,Delivered,6,5.0,3020000.0
ORD00815,2023-02-03,2023-02,Mỹ phẩm,Hà Nội,400000.0,Delivered,3,3.0,400000.0
ORD00816,2023-09-19,2023-09,Thời trang,Cần Thơ,3390000.0,Canceled,6,0.0,0.0
ORD00817,2023-02-22,2023-02,Mỹ phẩm,Cần Thơ,1550000.0,Delivered,3,4.0,1550000.0
ORD00818,2023-07-24,2023-07,Thời trang,Cần Thơ,1160000.0,Delivered,11,2.0,1160000.0
ORD00819,2023-05-06,2023-05,Thời trang,TP.HCM,3680000.0,Delivered,11,5.0,3680000.0
ORD00820,2023-08-23,2023-08,Nhà cửa & Đời sống,Cần Thơ,1190000.0,Canceled,8,0.0,0.0
ORD00821,2023-02-12,2023-02,Thời trang,Hà Nội,2850000.0,Delivered,5,1.0,2850000.0
ORD00822,2023-08-28,2023-08,Thời trang,Đà Nẵng,2190000.0,Delivered,4,4.0,2190000.0
ORD00823,2023-04-21,2023-04,Điện thoại & Phụ kiện,Cần Thơ,1480000.0,Delivered,9,1.0,1480000.0
ORD00824,2023-09-06,2023-09,Thời trang,Cần Thơ,950000.0,Delivered,5,3.0,950000.0
ORD00825,2023-05-31,2023-05,Thời trang,Đà Nẵng,530000.0,Delivered,12,5.0,530000.0
ORD00826,2023-07-02,2023-07,Điện thoại & Phụ kiện,Hà Nội,910000.0,Returned,4,0.0,0.0
ORD00827,2023-12-02,2023-12,Điện thoại & Phụ kiện,TP.HCM,730000.0,Delivered,8,5.0,730000.0
ORD00828,2023-04-05,2023-04,Thời trang,Cần Thơ,3870000.0,Delivered,8,1.0,3870000.0
ORD00829,2023-01-08,2023-01,Mỹ phẩm,Đà Nẵng,4270000.0,Canceled,8,0.0,0.0
ORD00830,2023-12-26,2023-12,Thời trang,Hà Nội,3520000.0,Delivered,4,2.0,3520000.0
ORD00831,2023-07-03,2023-07,Điện thoại & Phụ kiện,Hải Phòng,3300000.0,Returned,13,0.0,0.0
ORD00832,2023-10-08,2023-10,Thời trang,TP.HCM,640000.0,Delivered,1,2.0,640000.0
ORD00833,2023-07-14,2023-07,Điện thoại & Phụ kiện,Đà Nẵng,830000.0,Delivered,2,2.0,830000.0
ORD00834,2023-12-18,2023-12,Thời trang,Đà Nẵng,3820000.0,Returned,4,0.0,0.0
ORD00835,2023-07-14,2023-07,Điện thoại & Phụ kiện,Đà Nẵng,1380000.0,Delivered,10,1.0,1380000.0
ORD00836,2023-06-04,2023-06,Điện thoại & Phụ kiện,Cần Thơ,2650000.0,Delivered,2,2.0,2650000.0
ORD00837,2023-04-03,2023-04,Điện thoại & Phụ kiện,Hải Phòng,4310000.0,Delivered,11,5.0,4310000.0
ORD00838,2023-06-09,2023-06,Điện thoại & Phụ kiện,TP.HCM,2400000.0,Returned,10,0.0,0.0
ORD00839,2023-03-02,2023-03,Điện thoại & Phụ kiện,Hà Nội,1460000.0,Canceled,3,0.0,0.0
ORD00840,2023-05-02,2023-05,Điện thoại & Phụ kiện,Hà Nội,3600000.0,Delivered,9,5.0,3600000.0
ORD00841,2023-02-20,2023-02,Thời trang,Hải Phòng,4640000.0,Canceled,9,0.0,0.0
ORD00842,2023-10-04,2023-10,Thời trang,Đà Nẵng,4100000.0,Delivered,11,2.0,4100000.0
ORD00843,2023-01-05,2023-01,Điện thoại & Phụ kiện,Đà Nẵng,3640000.0,Delivered,9,5.0,3640000.0
ORD00844,2023-04-02,2023-04,Mỹ phẩm,Đà Nẵng,1210000.0,Delivered,7,5.0,1210000.0
ORD00845,2023-06-19,2023-06,Điện thoại & Phụ kiện,Đà Nẵng,4940000.0,Delivered,4,4.0,4940000.0
ORD00846,2023-11-13,2023-11,Thời trang,Đà Nẵng,3170000.0,Delivered,1,5.0,3170000.0
ORD00847,2023-01-22,2023-01,Điện thoại & Phụ kiện,Hải Phòng,1550000.0,Delivered,3,4.0,1550000.0
ORD00848,2023-11-22,2023-11,Điện thoại & Phụ kiện,Cần Thơ,4560000.0,Delivered,8,1.0,4560000.0
ORD00849,2023-01-01,2023-01,Thời trang,TP.HCM,420000.0,Canceled,4,0.0,0.0
ORD00850,2023-05-13,2023-05,Thời trang,Đà Nẵng,2690000.0,Canceled,10,0.0,0.0
ORD00851,2023-08-21,2023-08,Mỹ phẩm,Cần Thơ,960000.0,Delivered,10,4.0,960000.0
ORD00852,2023-01-12,2023-01,Thời trang,Hà Nội,3400000.0,Canceled,2,0.0,0.0
ORD00853,2023-12-12,2023-12,Nhà cửa & Đời sống,Hải Phòng,4450000.0,Delivered,8,3.0,4450000.0
ORD00854,2023-02-15,2023-02,Điện thoại & Phụ kiện,Cần Thơ,2740000.0,Canceled,7,0.0,0.0
ORD00855,2023-02-03,2023-02,Điện thoại & Phụ kiện,Đà Nẵng,3290000.0,Delivered,11,1.0,3290000.0
ORD00856,2023-03-19,2023-03,Điện thoại & Phụ kiện,Đà Nẵng,390000.0,Delivered,10,5.0,390000.0
ORD00857,2023-08-06,2023-08,Điện thoại & Phụ kiện,Đà Nẵng,4010000.0,Delivered,9,4.0,4010000.0
ORD00858,2023-10-28,2023-10,Thời trang,Cần Thơ,2410000.0,Delivered,2,1.0,2410000.0
ORD00859,2023-03-14,2023-03,Thời trang,Đà Nẵng,3980000.0,Delivered,5,3.0,3980000.0
ORD00860,2023-10-09,2023-10,Điện thoại & Phụ kiện,Cần Thơ,850000.0,Returned,6,0.0,0.0
ORD00861,2023-09-06,2023-09,Nhà cửa & Đời sống,Đà Nẵng,4560000.0,Delivered,13,3.0,4560000.0
ORD00862,2023-02-16,2023-02,Mỹ phẩm,Hà Nội,1380000.0,Returned,2,0.0,0.0
ORD00863,2023-05-01,2023-05,Điện thoại & Phụ kiện,Hà Nội,2800000.0,Delivered,2,1.0,2800000.0
ORD00864,2023-08-02,2023-08,Điện thoại & Phụ kiện,TP.HCM,980000.0,Delivered,13,4.0,980000.0
ORD00865,2023-08-27,2023-08,Điện thoại & Phụ kiện,Đà Nẵng,4750000.0,Delivered,10,5.0,4750000.0
ORD00866,2023-02-25,2023-02,Điện thoại & Phụ kiện,Đà Nẵng,4310000.0,Delivered,4,2.0,4310000.0
ORD00867,2023-12-16,2023-12,Điện thoại & Phụ kiện,Cần Thơ,1790000.0,Delivered,8,5.0,1790000.0
ORD00868,2023-04-17,2023-04,Thời trang,Cần Thơ,1370000.0,Delivered,13,1.0,1370000.0
ORD00869,2023-11-15,2023-11,Điện thoại & Phụ kiện,Đà Nẵng,1830000.0,Returned,11,0.0,0.0
ORD00870,2023-02-17,2023-02,Điện thoại & Phụ kiện,TP.HCM,4460000.0,Delivered,5,1.0,4460000.0
ORD00871,2023-03-02,2023-03,Nhà cửa & Đời sống,Đà Nẵng,350000.0,Delivered,9,4.0,350000.0
ORD00872,2023-12-03,2023-12,Thời trang,Cần Thơ,700000.0,Delivered,4,2.0,700000.0
ORD00873,2023-01-26,2023-01,Nhà cửa & Đời sống,Đà Nẵng,4970000.0,Returned,3,0.0,0.0
ORD00874,2023-10-19,2023-10,Điện thoại & Phụ kiện,Cần Thơ,3880000.0,Delivered,10,3.0,3880000.0
ORD00875,2023-09-14,2023-09,Điện thoại & Phụ kiện,Đà Nẵng,760000.0,Returned,8,0.0,0.0
ORD00876,2023-01-08,2023-01,Thời trang,Hải Phòng,4470000.0,Delivered,1,5.0,4470000.0
ORD00877,2023-04-23,2023-04,Điện thoại & Phụ kiện,Cần Thơ,4150000.0,Delivered,9,5.0,4150000.0
ORD00878,2023-12-21,2023-12,Điện thoại & Phụ kiện,TP.HCM,350000.0,Delivered,4,4.0,350000.0
ORD00879,2023-09-10,2023-09,Thời trang,Hải Phòng,920000.0,Delivered,11,2.0,920000.0
ORD00880,2023-06-29,2023-06,Thời trang,Đà Nẵng,3730000.0,Delivered,9,4.0,3730000.0
ORD00881,2023-07-26,2023-07,Thời trang,Cần Thơ,3760000.0,Delivered,8,4.0,3760000.0
ORD00882,2023-10-30,2023-10,Thời trang,Hải Phòng,690000.0,Delivered,3,5.0,690000.0
ORD00883,2023-05-07,2023-05,Thời trang,TP.HCM,480000.0,Canceled,3,0.0,0.0
ORD00884,2023-02-25,2023-02,Điện thoại & Phụ kiện,Cần Thơ,1320000.0,Delivered,9,2.0,1320000.0
ORD00885,2023-08-02,2023-08,Điện thoại & Phụ kiện,Hải Phòng,3010000.0,Delivered,3,2.0,3010000.0
ORD00886,2023-01-14,2023-01,Điện thoại & Phụ kiện,Hải Phòng,2860000.0,Delivered,4,1.0,2860000.0
ORD00887,2023-01-28,2023-01,Điện thoại & Phụ kiện,Hải Phòng,4340000.0,Delivered,9,2.0,4340000.0
ORD00888,2023-03-19,2023-03,Nhà cửa & Đời sống,Hà Nội,3830000.0,Delivered,12,5.0,3830000.0
ORD00889,2023-08-04,2023-08,Thời trang,Đà Nẵng,3130000.0,Delivered,4,1.0,3130000.0
ORD00890,2023-12-31,2023-12,Mỹ phẩm,Cần Thơ,2910000.0,Delivered,11,3.0,2910000.0
ORD00891,2023-06-03,2023-06,Điện thoại & Phụ kiện,Cần Thơ,2000000.0,Delivered,3,4.0,2000000.0
ORD00892,2023-01-14,2023-01,Điện thoại & Phụ kiện,Cần Thơ,4700000.0,Delivered,7,2.0,4700000.0
ORD00893,2023-07-06,2023-07,Điện thoại & Phụ kiện,Hải Phòng,3010000.0,Delivered,6,3.0,3010000.0
ORD00894,2023-11-08,2023-11,Điện thoại & Phụ kiện,Đà Nẵng,1610000.0,Delivered,1,2.0,1610000.0
ORD00895,2023-01-07,2023-01,Điện thoại & Phụ kiện,TP.HCM,3930000.0,Canceled,10,0.0,0.0
ORD00896,2023-01-03,2023-01,Mỹ phẩm,Cần Thơ,2420000.0,Delivered,8,5.0,2420000.0
ORD00897,2023-04-21,2023-04,Thời trang,Đà Nẵng,4830000.0,Returned,1,0.0,0.0
ORD00898,2023-08-26,2023-08,Thời trang,Đà Nẵng,4140000.0,Delivered,4,4.0,4140000.0
ORD00899,2023-12-29,2023-12,Thời trang,Hà Nội,1550000.0,Canceled,6,0.0,0.0
ORD00900,2023-08-27,2023-08,Nhà cửa & Đời sống,Cần Thơ,2800000.0,Delivered,6,1.0,2800000.0
ORD00901,2023-10-01,2023-10,Điện thoại & Phụ kiện,Hải Phòng,3440000.0,Delivered,7,1.0,3440000.0
ORD00902,2023-10-21,2023-10,Điện thoại & Phụ kiện,Đà Nẵng,1430000.0,Delivered,11,2.0,1430000.0
ORD00903,2023-08-15,2023-08,Điện thoại & Phụ kiện,Đà Nẵng,1800000.0,Delivered,12,4.0,1800000.0
ORD00904,2023-01-15,2023-01,Mỹ phẩm,TP.HCM,4240000.0,Delivered,5,4.0,4240000.0
ORD00905,2023-07-11,2023-07,Nhà cửa & Đời sống,Hà Nội,370000.0,Delivered,5,1.0,370000.0
ORD00906,2023-04-29,2023-04,Điện thoại & Phụ kiện,Đà Nẵng,1450000.0,Delivered,4,3.0,1450000.0
ORD00907,2023-01-28,2023-01,Mỹ phẩm,Đà Nẵng,4220000.0,Delivered,6,4.0,4220000.0
ORD00908,2023-07-21,2023-07,Mỹ phẩm,Hải Phòng,4140000.0,Delivered,7,5.0,4140000.0
ORD00909,2023-02-08,2023-02,Điện thoại & Phụ kiện,Hải Phòng,4740000.0,Canceled,10,0.0,0.0
ORD00910,2023-09-30,2023-09,Điện thoại & Phụ kiện,TP.HCM,3850000.0,Delivered,10,4.0,3850000.0
ORD00911,2023-08-19,2023-08,Thời trang,TP.HCM,2500000.0,Delivered,1,3.0,2500000.0
ORD00912,2023-03-27,2023-03,Nhà cửa & Đời sống,TP.HCM,3530000.0,Delivered,9,5.0,3530000.0
ORD00913,2023-05-06,2023-05,Điện thoại & Phụ kiện,Hải Phòng,4510000.0,Canceled,8,0.0,0.0
ORD00914,2023-10-27,2023-10,Mỹ phẩm,Hải Phòng,4530000.0,Delivered,7,1.0,4530000.0
ORD00915,2023-01-25,2023-01,Điện thoại & Phụ kiện,Hà Nội,4430000.0,Delivered,9,2.0,4430000.0
ORD00916,2023-05-25,2023-05,Mỹ phẩm,Cần Thơ,2370000.0,Delivered,3,1.0,2370000.0
ORD00917,2023-01-13,2023-01,Thời trang,Cần Thơ,2960000.0,Delivered,10,2.0,2960000.0
ORD00918,2023-07-31,2023-07,Thời trang,Hà Nội,3120000.0,Delivered,4,5.0,3120000.0
ORD00919,2023-01-25,2023-01,Mỹ phẩm,Cần Thơ,430000.0,Delivered,7,2.0,430000.0
ORD00920,2023-03-09,2023-03,Mỹ phẩm,Hải Phòng,110000.0,Delivered,6,2.0,110000.0
ORD00921,2023-03-08,2023-03,Mỹ phẩm,Cần Thơ,3710000.0,Canceled,13,0.0,0.0
ORD00922,2023-08-21,2023-08,Điện thoại & Phụ kiện,Hải Phòng,2040000.0,Delivered,2,2.0,2040000.0
ORD00923,2023-04-19,2023-04,Thời trang,Hà Nội,1030000.0,Delivered,2,4.0,1030000.0
ORD00924,2023-05-26,2023-05,Điện thoại & Phụ kiện,TP.HCM,3370000.0,Delivered,10,2.0,3370000.0
ORD00925,2023-04-21,2023-04,Thời trang,Hà Nội,3170000.0,Delivered,7,4.0,3170000.0
ORD00926,2023-08-16,2023-08,Thời trang,Cần Thơ,1440000.0,Returned,9,0.0,0.0
ORD00927,2023-04-21,2023-04,Thời trang,Hải Phòng,2130000.0,Delivered,11,5.0,2130000.0
ORD00928,2023-02-03,2023-02,Thời trang,Cần Thơ,2590000.0,Delivered,12,2.0,2590000.0
ORD00929,2023-04-21,2023-04,Nhà cửa & Đời sống,Cần Thơ,1560000.0,Canceled,9,0.0,0.0
ORD00930,2023-09-21,2023-09,Điện thoại & Phụ kiện,TP.HCM,3550000.0,Delivered,7,5.0,3550000.0
ORD00931,2023-08-24,2023-08,Thời trang,Cần Thơ,3570000.0,Canceled,11,0.0,0.0
ORD00932,2023-03-24,2023-03,Điện thoại & Phụ kiện,TP.HCM,2630000.0,Canceled,8,0.0,0.0
ORD00933,2023-02-11,2023-02,Điện thoại & Phụ kiện,Hải Phòng,4080000.0,Canceled,10,0.0,0.0
ORD00934,2023-04-11,2023-04,Điện thoại & Phụ kiện,Hải Phòng,3430000.0,Delivered,3,3.0,3430000.0
ORD00935,2023-01-06,2023-01,Nhà cửa & Đời sống,TP.HCM,1850000.0,Delivered,1,4.0,1850000.0
ORD00936,2023-06-29,2023-06,Mỹ phẩm,Hà Nội,1340000.0,Delivered,7,2.0,1340000.0
ORD00937,2023-10-09,2023-10,Nhà cửa & Đời sống,Hải Phòng,2600000.0,Delivered,8,5.0,2600000.0
ORD00938,2023-11-16,2023-11,Nhà cửa & Đời sống,Hà Nội,4070000.0,Delivered,2,3.0,4070000.0
ORD00939,2023-08-14,2023-08,Điện thoại & Phụ kiện,Hải Phòng,1400000.0,Delivered,9,4.0,1400000.0
ORD00940,2023-11-11,2023-11,Điện thoại & Phụ kiện,Hải Phòng,590000.0,Delivered,4,4.0,590000.0
ORD00941,2023-12-31,2023-12,Thời trang,Đà Nẵng,1020000.0,Delivered,10,1.0,1020000.0
ORD00942,2023-08-17,2023-08,Thời trang,Cần Thơ,3890000.0,Canceled,11,0.0,0.0
ORD00943,2023-10-16,2023-10,Thời trang,Cần Thơ,3190000.0,Delivered,9,4.0,3190000.0
ORD00944,2023-05-30,2023-05,Điện thoại & Phụ kiện,Hà Nội,3990000.0,Delivered,13,1.0,3990000.0
ORD00945,2023-10-04,2023-10,Thời trang,Cần Thơ,4420000.0,Delivered,3,3.0,4420000.0
ORD00946,2023-07-17,2023-07,Thời trang,Hà Nội,4160000.0,Canceled,8,0.0,0.0
ORD00947,2023-03-11,2023-03,Điện thoại & Phụ kiện,Hải Phòng,2290000.0,Delivered,11,1.0,2290000.0
ORD00948,2023-04-22,2023-04,Thời trang,Đà Nẵng,3430000.0,Delivered,2,2.0,3430000.0
ORD00949,2023-01-04,2023-01,Thời trang,Đà Nẵng,3430000.0,Delivered,3,5.0,3430000.0
ORD00950,2023-12-16,2023-12,Thời trang,Hải Phòng,290000.0,Delivered,1,3.0,290000.0
ORD00951,2023-11-27,2023-11,Điện thoại & Phụ kiện,TP.HCM,2140000.0,Canceled,5,0.0,0.0
ORD00952,2023-11-14,2023-11,Mỹ phẩm,TP.HCM,1000000.0,Canceled,4,0.0,0.0
ORD00953,2023-12-16,2023-12,Điện thoại & Phụ kiện,Cần Thơ,4530000.0,Delivered,13,4.0,4530000.0
ORD00954,2023-04-05,2023-04,Điện thoại & Phụ kiện,Hà Nội,3640000.0,Delivered,1,5.0,3640000.0
ORD00955,2023-06-01,2023-06,Mỹ phẩm,Đà Nẵng,1820000.0,Delivered,10,4.0,1820000.0
ORD00956,2023-11-07,2023-11,Thời trang,Cần Thơ,1980000.0,Returned,9,0.0,0.0
ORD00957,2023-05-17,2023-05,Điện thoại & Phụ kiện,Hải Phòng,3210000.0,Delivered,6,1.0,3210000.0
ORD00958,2023-09-04,2023-09,Thời trang,Đà Nẵng,110000.0,Canceled,6,0.0,0.0
ORD00959,2023-08-31,2023-08,Thời trang,Hà Nội,3700000.0,Delivered,11,3.0,3700000.0
ORD00960,2023-01-31,2023-01,Mỹ phẩm,Hà Nội,4380000.0,Canceled,2,0.0,0.0
ORD00961,2023-02-09,2023-02,Mỹ phẩm,TP.HCM,1770000.0,Returned,7,0.0,0.0
ORD00962,2023-08-17,2023-08,Thời trang,Cần Thơ,3770000.0,Delivered,12,5.0,3770000.0
ORD00963,2023-02-05,2023-02,Thời trang,Hải Phòng,330000.0,Returned,12,0.0,0.0
ORD00964,2023-08-11,2023-08,Điện thoại & Phụ kiện,Đà Nẵng,4220000.0,Canceled,9,0.0,0.0
ORD00965,2023-01-06,2023-01,Điện thoại & Phụ kiện,Hà Nội,4600000.0,Delivered,6,2.0,4600000.0
ORD00966,2023-11-18,2023-11,Thời trang,Đà Nẵng,3740000.0,Canceled,11,0.0,0.0
ORD00967,2023-08-08,2023-08,Thời trang,Hải Phòng,770000.0,Delivered,8,4.0,770000.0
ORD00968,2023-03-16,2023-03,Thời trang,Đà Nẵng,3790000.0,Canceled,12,0.0,0.0
ORD00969,2023-01-04,2023-01,Điện thoại & Phụ kiện,Cần Thơ,2030000.0,Delivered,5,1.0,2030000.0
ORD00970,2023-12-01,2023-12,Điện thoại & Phụ kiện,TP.HCM,930000.0,Delivered,2,3.0,930000.0
ORD00971,2023-05-14,2023-05,Thời trang,Đà Nẵng,4470000.0,Delivered,13,4.0,4470000.0
ORD00972,2023-04-28,2023-04,Điện thoại & Phụ kiện,TP.HCM,4460000.0,Canceled,4,0.0,0.0
ORD00973,2023-04-04,2023-04,Mỹ phẩm,Hải Phòng,2160000.0,Returned,12,0.0,0.0
ORD00974,2023-03-03,2023-03,Điện thoại & Phụ kiện,TP.HCM,580000.0,Delivered,1,2.0,580000.0
ORD00975,2023-07-13,2023-07,Thời trang,Đà Nẵng,410000.0,Delivered,1,2.0,410000.0
ORD00976,2023-12-01,2023-12,Nhà cửa & Đời sống,Đà Nẵng,3260000.0,Delivered,6,2.0,3260000.0
ORD00977,2023-07-22,2023-07,Điện thoại & Phụ kiện,Hà Nội,1790000.0,Delivered,2,5.0,1790000.0
ORD00978,2023-01-26,2023-01,Thời trang,Đà Nẵng,1380000.0,Delivered,6,3.0,1380000.0
ORD00979,2023-06-22,2023-06,Điện thoại & Phụ kiện,TP.HCM,4560000.0,Delivered,1,3.0,4560000.0
ORD00980,2023-10-27,2023-10,Thời trang,Hà Nội,1110000.0,Delivered,11,2.0,1110000.0
ORD00981,2023-05-13,2023-05,Thời trang,Đà Nẵng,440000.0,Delivered,10,3.0,440000.0
ORD00982,2023-11-22,2023-11,Thời trang,Đà Nẵng,3160000.0,Delivered,3,1.0,3160000.0
ORD00983,2023-04-28,2023-04,Thời trang,Hải Phòng,2080000.0,Delivered,9,1.0,2080000.0
ORD00984,2023-11-20,2023-11,Mỹ phẩm,Hà Nội,3100000.0,Canceled,2,0.0,0.0
ORD00985,2023-10-02,2023-10,Điện thoại & Phụ kiện,Hải Phòng,860000.0,Delivered,8,2.0,860000.0
ORD00986,2023-07-31,2023-07,Điện thoại & Phụ kiện,Hải Phòng,3780000.0,Delivered,6,4.0,3780000.0
ORD00987,2023-08-13,2023-08,Mỹ phẩm,Hải Phòng,3300000.0,Delivered,12,2.0,3300000.0
ORD00988,2023-01-20,2023-01,Thời trang,Cần Thơ,230000.0,Delivered,6,5.0,230000.0
ORD00989,2023-04-23,2023-04,Mỹ phẩm,Hải Phòng,3580000.0,Delivered,7,4.0,3580000.0
ORD00990,2023-05-20,2023-05,Thời trang,TP.HCM,1400000.0,Delivered,5,5.0,1400000.0
ORD00991,2023-02-16,2023-02,Mỹ phẩm,Đà Nẵng,2470000.0,Delivered,12,3.0,2470000.0
ORD00992,2023-01-01,2023-01,Thời trang,Cần Thơ,2890000.0,Delivered,11,5.0,2890000.0
ORD00993,2023-03-31,2023-03,Mỹ phẩm,Hải Phòng,740000.0,Delivered,4,3.0,740000.0
ORD00994,2023-05-22,2023-05,Nhà cửa & Đời sống,Đà Nẵng,4410000.0,Delivered,6,5.0,4410000.0
ORD00995,2023-11-16,2023-11,Thời trang,Hà Nội,1470000.0,Delivered,8,4.0,1470000.0
ORD00996,2023-02-07,2023-02,Điện thoại & Phụ kiện,Hà Nội,2780000.0,Delivered,4,5.0,2780000.0
ORD00997,2023-10-20,2023-10,Điện thoại & Phụ kiện,Đà Nẵng,2370000.0,Delivered,5,2.0,2370000.0
ORD00998,2023-05-19,2023-05,Điện thoại & Phụ kiện,TP.HCM,2100000.0,Delivered,7,3.0,2100000.0
ORD00999,2023-12-22,2023-12,Điện thoại & Phụ kiện,Đà Nẵng,1510000.0,Returned,6,0.0,0.0
ORD01000,2023-11-29,2023-11,Điện thoại & Phụ kiện,Đà Nẵng,1090000.0,Delivered,13,5.0,1090000.0
ORD01001,2023-09-16,2023-09,Thời trang,Cần Thơ,1470000.0,Delivered,4,3.0,1470000.0
ORD01002,2023-06-10,2023-06,Thời trang,Hà Nội,1770000.0,Canceled,13,0.0,0.0
ORD01003,2023-06-27,2023-06,Thời trang,Hà Nội,4160000.0,Delivered,4,3.0,4160000.0
ORD01004,2023-01-10,2023-01,Thời trang,Hải Phòng,1080000.0,Delivered,10,3.0,1080000.0
ORD01005,2023-09-18,2023-09,Điện thoại & Phụ kiện,Đà Nẵng,3200000.0,Delivered,4,1.0,3200000.0
ORD01006,2023-05-18,2023-05,Điện thoại & Phụ kiện,Đà Nẵng,3280000.0,Delivered,1,1.0,3280000.0
ORD01007,2023-06-21,2023-06,Điện thoại & Phụ kiện,TP.HCM,3360000.0,Delivered,5,4.0,3360000.0
ORD01008,2023-01-13,2023-01,Thời trang,Hà Nội,4350000.0,Delivered,8,5.0,4350000.0
ORD01009,2023-06-17,2023-06,Điện thoại & Phụ kiện,TP.HCM,3640000.0,Canceled,7,0.0,0.0
ORD01010,2023-05-10,2023-05,Điện thoại & Phụ kiện,Cần Thơ,750000.0,Delivered,5,3.0,750000.0
ORD01011,2023-03-25,2023-03,Thời trang,Hải Phòng,3440000.0,Delivered,3,2.0,3440000.0
ORD01012,2023-11-17,2023-11,Mỹ phẩm,TP.HCM,3380000.0,Delivered,11,2.0,3380000.0
ORD01013,2023-11-15,2023-11,Điện thoại & Phụ kiện,Hà Nội,560000.0,Delivered,1,3.0,560000.0
ORD01014,2023-04-11,2023-04,Thời trang,Cần Thơ,3460000.0,Delivered,13,4.0,3460000.0
ORD01015,2023-11-25,2023-11,Thời trang,Đà Nẵng,3910000.0,Canceled,7,0.0,0.0
ORD01016,2023-09-30,2023-09,Mỹ phẩm,Cần Thơ,2400000.0,Returned,13,0.0,0.0
ORD01017,2023-09-22,2023-09,Nhà cửa & Đời sống,TP.HCM,3170000.0,Canceled,11,0.0,0.0
ORD01018,2023-02-07,2023-02,Điện thoại & Phụ kiện,Hà Nội,1550000.0,Delivered,3,2.0,1550000.0
ORD01019,2023-04-04,2023-04,Điện thoại & Phụ kiện,TP.HCM,2160000.0,Returned,4,0.0,0.0
ORD01020,2023-04-05,2023-04,Mỹ phẩm,Đà Nẵng,1550000.0,Delivered,5,2.0,1550000.0
ORD01021,2023-11-01,2023-11,Thời trang,Đà Nẵng,1610000.0,Delivered,13,4.0,1610000.0
ORD01022,2023-03-10,2023-03,Thời trang,Hà Nội,2880000.0,Delivered,12,5.0,2880000.0
ORD01023,2023-11-14,2023-11,Thời trang,Hải Phòng,1490000.0,Delivered,8,4.0,1490000.0
ORD01024,2023-08-24,2023-08,Thời trang,Cần Thơ,1600000.0,Delivered,13,1.0,1600000.0
ORD01025,2023-11-30,2023-11,Nhà cửa & Đời sống,Cần Thơ,300000.0,Delivered,7,3.0,300000.0
ORD01026,2023-05-17,2023-05,Nhà cửa & Đời sống,Đà Nẵng,2630000.0,Canceled,9,0.0,0.0
ORD01027,2023-03-17,2023-03,Mỹ phẩm,TP.HCM,730000.0,Delivered,11,2.0,730000.0
ORD01028,2023-02-04,2023-02,Điện thoại & Phụ kiện,TP.HCM,2270000.0,Delivered,3,2.0,2270000.0
ORD01029,2023-01-01,2023-01,Mỹ phẩm,Hải Phòng,810000.0,Delivered,11,1.0,810000.0
ORD01030,2023-10-23,2023-10,Điện thoại & Phụ kiện,TP.HCM,4870000.0,Delivered,10,4.0,4870000.0
ORD01031,2023-11-16,2023-11,Điện thoại & Phụ kiện,Cần Thơ,1710000.0,Delivered,1,5.0,1710000.0
ORD01032,2023-03-01,2023-03,Mỹ phẩm,TP.HCM,1390000.0,Delivered,1,1.0,1390000.0
ORD01033,2023-11-16,2023-11,Điện thoại & Phụ kiện,Hải Phòng,780000.0,Delivered,12,3.0,780000.0
ORD01034,2023-12-15,2023-12,Điện thoại & Phụ kiện,Cần Thơ,4240000.0,Canceled,10,0.0,0.0
ORD01035,2023-11-24,2023-11,Điện thoại & Phụ kiện,TP.HCM,2340000.0,Returned,13,0.0,0.0
ORD01036,2023-09-24,2023-09,Mỹ phẩm,Cần Thơ,2550000.0,Returned,1,0.0,0.0
ORD01037,2023-12-27,2023-12,Thời trang,Đà Nẵng,770000.0,Delivered,2,5.0,770000.0
ORD01038,2023-08-17,2023-08,Thời trang,Đà Nẵng,4630000.0,Delivered,2,1.0,4630000.0
ORD01039,2023-09-27,2023-09,Điện thoại & Phụ kiện,Đà Nẵng,4800000.0,Delivered,7,1.0,4800000.0
ORD01040,2023-11-12,2023-11,Mỹ phẩm,TP.HCM,4120000.0,Delivered,9,4.0,4120000.0
ORD01041,2023-10-13,2023-10,Mỹ phẩm,Hải Phòng,3930000.0,Returned,8,0.0,0.0
ORD01042,2023-10-18,2023-10,Điện thoại & Phụ kiện,Cần Thơ,1160000.0,Canceled,4,0.0,0.0
ORD01043,2023-08-01,2023-08,Thời trang,Hà Nội,1180000.0,Delivered,2,2.0,1180000.0
ORD01044,2023-06-14,2023-06,Điện thoại & Phụ kiện,Đà Nẵng,3370000.0,Delivered,3,5.0,3370000.0
ORD01045,2023-01-05,2023-01,Nhà cửa & Đời sống,Đà Nẵng,1120000.0,Canceled,10,0.0,0.0
ORD01046,2023-12-05,2023-12,Thời trang,Hà Nội,1500000.0,Delivered,5,4.0,1500000.0
ORD01047,2023-03-19,2023-03,Nhà cửa & Đời sống,Hà Nội,740000.0,Delivered,9,5.0,740000.0
ORD01048,2023-03-03,2023-03,Điện thoại & Phụ kiện,TP.HCM,1430000.0,Canceled,8,0.0,0.0
ORD01049,2023-05-12,2023-05,Mỹ phẩm,Cần Thơ,2080000.0,Delivered,13,3.0,2080000.0
ORD01050,2023-03-30,2023-03,Mỹ phẩm,Đà Nẵng,3770000.0,Delivered,12,3.0,3770000.0
ORD01051,2023-08-25,2023-08,Thời trang,Hải Phòng,1640000.0,Delivered,3,1.0,1640000.0
ORD01052,2023-02-11,2023-02,Nhà cửa & Đời sống,TP.HCM,880000.0,Delivered,9,1.0,880000.0
ORD01053,2023-03-30,2023-03,Điện thoại & Phụ kiện,TP.HCM,4450000.0,Delivered,10,5.0,4450000.0
ORD01054,2023-10-23,2023-10,Điện thoại & Phụ kiện,Hải Phòng,3910000.0,Delivered,3,2.0,3910000.0
ORD01055,2023-11-24,2023-11,Thời trang,Hải Phòng,4910000.0,Canceled,10,0.0,0.0
ORD01056,2023-10-22,2023-10,Mỹ phẩm,Hải Phòng,2590000.0,Delivered,12,3.0,2590000.0
ORD01057,2023-04-14,2023-04,Thời trang,Hà Nội,3860000.0,Delivered,8,1.0,3860000.0
ORD01058,2023-01-14,2023-01,Điện thoại & Phụ kiện,Đà Nẵng,960000.0,Delivered,1,4.0,960000.0
ORD01059,2023-10-15,2023-10,Thời trang,Hà Nội,3130000.0,Delivered,4,5.0,3130000.0
ORD01060,2023-06-28,2023-06,Điện thoại & Phụ kiện,Đà Nẵng,2500000.0,Delivered,4,3.0,2500000.0
ORD01061,2023-05-05,2023-05,Thời trang,Hà Nội,970000.0,Delivered,6,3.0,970000.0
ORD01062,2023-12-19,2023-12,Thời trang,Cần Thơ,4720000.0,Delivered,12,1.0,4720000.0
ORD01063,2023-01-23,2023-01,Mỹ phẩm,Đà Nẵng,4920000.0,Delivered,12,2.0,4920000.0
ORD01064,2023-03-04,2023-03,Điện thoại & Phụ kiện,TP.HCM,3330000.0,Canceled,2,0.0,0.0
ORD01065,2023-05-23,2023-05,Thời trang,Đà Nẵng,1810000.0,Delivered,7,2.0,1810000.0
ORD01066,2023-06-02,2023-06,Điện thoại & Phụ kiện,Đà Nẵng,3660000.0,Delivered,5,4.0,3660000.0
ORD01067,2023-05-25,2023-05,Điện thoại & Phụ kiện,Đà Nẵng,260000.0,Delivered,10,3.0,260000.0
ORD01068,2023-08-13,2023-08,Mỹ phẩm,Cần Thơ,2320000.0,Delivered,6,3.0,2320000.0
ORD01069,2023-11-05,2023-11,Nhà cửa & Đời sống,Hà Nội,3030000.0,Delivered,11,2.0,3030000.0
ORD01070,2023-04-14,2023-04,Điện thoại & Phụ kiện,TP.HCM,4030000.0,Delivered,6,1.0,4030000.0
ORD01071,2023-04-14,2023-04,Mỹ phẩm,Hà Nội,3190000.0,Delivered,12,5.0,3190000.0
ORD01072,2023-02-08,2023-02,Mỹ phẩm,Hà Nội,2280000.0,Returned,11,0.0,0.0
ORD01073,2023-07-17,2023-07,Mỹ phẩm,Hải Phòng,2430000.0,Delivered,6,3.0,2430000.0
ORD01074,2023-05-14,2023-05,Điện thoại & Phụ kiện,Cần Thơ,3990000.0,Delivered,10,1.0,3990000.0
ORD01075,2023-03-08,2023-03,Nhà cửa & Đời sống,Hải Phòng,2570000.0,Delivered,12,3.0,2570000.0
ORD01076,2023-06-28,2023-06,Điện thoại & Phụ kiện,Cần Thơ,3990000.0,Delivered,8,4.0,3990000.0
ORD01077,2023-02-11,2023-02,Điện thoại & Phụ kiện,Hà Nội,610000.0,Delivered,10,5.0,610000.0
ORD01078,2023-01-15,2023-01,Điện thoại & Phụ kiện,Hà Nội,240000.0,Delivered,4,3.0,240000.0
ORD01079,2023-04-21,2023-04,Thời trang,Cần Thơ,3330000.0,Returned,10,0.0,0.0
ORD01080,2023-06-06,2023-06,Điện thoại & Phụ kiện,Hà Nội,4500000.0,Canceled,8,0.0,0.0
ORD01081,2023-10-16,2023-10,Điện thoại & Phụ kiện,Hà Nội,1210000.0,Delivered,9,5.0,1210000.0
ORD01082,2023-08-19,2023-08,Điện thoại & Phụ kiện,TP.HCM,1930000.0,Canceled,13,0.0,0.0
ORD01083,2023-06-06,2023-06,Mỹ phẩm,Hải Phòng,3690000.0,Delivered,13,5.0,3690000.0
ORD01084,2023-02-07,2023-02,Mỹ phẩm,Hải Phòng,160000.0,Delivered,4,2.0,160000.0
ORD01085,2023-04-07,2023-04,Điện thoại & Phụ kiện,Hải Phòng,600000.0,Returned,1,0.0,0.0
ORD01086,2023-10-16,2023-10,Mỹ phẩm,Đà Nẵng,3230000.0,Returned,3,0.0,0.0
ORD01087,2023-09-11,2023-09,Mỹ phẩm,TP.HCM,2500000.0,Delivered,1,3.0,2500000.0
ORD01088,2023-07-15,2023-07,Mỹ phẩm,Hải Phòng,2540000.0,Delivered,7,3.0,2540000.0
ORD01089,2023-03-27,2023-03,Điện thoại & Phụ kiện,Hải Phòng,4570000.0,Delivered,12,5.0,4570000.0
ORD01090,2023-11-18,2023-11,Thời trang,TP.HCM,3740000.0,Delivered,1,3.0,3740000.0
ORD01091,2023-01-10,2023-01,Nhà cửa & Đời sống,Hà Nội,3760000.0,Canceled,11,0.0,0.0
ORD01092,2023-01-05,2023-01,Thời trang,Hải Phòng,4190000.0,Delivered,4,5.0,4190000.0
ORD01093,2023-05-03,2023-05,Điện thoại & Phụ kiện,Hà Nội,1950000.0,Delivered,13,5.0,1950000.0
ORD01094,2023-11-26,2023-11,Thời trang,Hải Phòng,2960000.0,Delivered,1,2.0,2960000.0
ORD01095,2023-12-19,2023-12,Thời trang,Cần Thơ,4590000.0,Delivered,13,2.0,4590000.0
ORD01096,2023-04-28,2023-04,Thời trang,Đà Nẵng,1010000.0,Canceled,13,0.0,0.0
ORD01097,2023-10-21,2023-10,Điện thoại & Phụ kiện,Hải Phòng,1150000.0,Canceled,2,0.0,0.0
ORD01098,2023-06-08,2023-06,Điện thoại & Phụ kiện,Cần Thơ,220000.0,Delivered,11,3.0,220000.0
ORD01099,2023-10-30,2023-10,Mỹ phẩm,TP.HCM,1550000.0,Delivered,1,4.0,1550000.0
ORD01100,2023-08-16,2023-08,Mỹ phẩm,Cần Thơ,4870000.0,Delivered,13,3.0,4870000.0
ORD01101,2023-12-31,2023-12,Điện thoại & Phụ kiện,TP.HCM,1280000.0,Delivered,5,2.0,1280000.0
ORD01102,2023-08-04,2023-08,Nhà cửa & Đời sống,Hải Phòng,2120000.0,Delivered,7,4.0,2120000.0
ORD01103,2023-07-03,2023-07,Điện thoại & Phụ kiện,TP.HCM,1500000.0,Delivered,3,2.0,1500000.0
ORD01104,2023-01-15,2023-01,Thời trang,Cần Thơ,1240000.0,Delivered,8,1.0,1240000.0
ORD01105,2023-06-06,2023-06,Mỹ phẩm,Đà Nẵng,1610000.0,Delivered,5,5.0,1610000.0
ORD01106,2023-05-16,2023-05,Mỹ phẩm,Hà Nội,660000.0,Canceled,5,0.0,0.0
ORD01107,2023-09-18,2023-09,Nhà cửa & Đời sống,Hà Nội,3910000.0,Delivered,13,2.0,3910000.0
ORD01108,2023-06-06,2023-06,Điện thoại & Phụ kiện,Đà Nẵng,1660000.0,Canceled,5,0.0,0.0
ORD01109,2023-02-16,2023-02,Mỹ phẩm,Hà Nội,4490000.0,Delivered,8,5.0,4490000.0
ORD01110,2023-11-20,2023-11,Điện thoại & Phụ kiện,Hải Phòng,3190000.0,Canceled,2,0.0,0.0
ORD01111,2023-11-28,2023-11,Mỹ phẩm,Hải Phòng,1420000.0,Delivered,2,3.0,1420000.0
ORD01112,2023-06-22,2023-06,Mỹ phẩm,Cần Thơ,1720000.0,Delivered,12,5.0,1720000.0
ORD01113,2023-05-10,2023-05,Thời trang,Cần Thơ,2840000.0,Delivered,8,5.0,2840000.0
ORD01114,2023-04-05,2023-04,Điện thoại & Phụ kiện,TP.HCM,1920000.0,Returned,9,0.0,0.0
ORD01115,2023-04-25,2023-04,Mỹ phẩm,Cần Thơ,860000.0,Delivered,11,2.0,860000.0
ORD01116,2023-08-31,2023-08,Điện thoại & Phụ kiện,Hải Phòng,3340000.0,Delivered,12,3.0,3340000.0
ORD01117,2023-10-19,2023-10,Điện thoại & Phụ kiện,Cần Thơ,530000.0,Delivered,10,2.0,530000.0
ORD01118,2023-10-09,2023-10,Mỹ phẩm,Hà Nội,2150000.0,Canceled,10,0.0,0.0
ORD01119,2023-10-26,2023-10,Thời trang,TP.HCM,470000.0,Returned,2,0.0,0.0
ORD01120,2023-10-10,2023-10,Mỹ phẩm,TP.HCM,3270000.0,Canceled,4,0.0,0.0
ORD01121,2023-03-10,2023-03,Điện thoại & Phụ kiện,Hải Phòng,310000.0,Canceled,8,0.0,0.0
ORD01122,2023-05-28,2023-05,Điện thoại & Phụ kiện,Cần Thơ,820000.0,Canceled,2,0.0,0.0
ORD01123,2023-01-11,2023-01,Mỹ phẩm,Hà Nội,2500000.0,Delivered,4,5.0,2500000.0
ORD01124,2023-09-11,2023-09,Thời trang,Cần Thơ,4330000.0,Delivered,10,2.0,4330000.0
ORD01125,2023-11-26,2023-11,Điện thoại & Phụ kiện,Đà Nẵng,1630000.0,Delivered,13,1.0,1630000.0
ORD01126,2023-12-26,2023-12,Mỹ phẩm,Cần Thơ,2460000.0,Delivered,13,1.0,2460000.0
ORD01127,2023-02-07,2023-02,Thời trang,Hải Phòng,3900000.0,Delivered,1,3.0,3900000.0
ORD01128,2023-05-14,2023-05,Thời trang,Cần Thơ,140000.0,Delivered,2,3.0,140000.0
ORD01129,2023-07-19,2023-07,Thời trang,TP.HCM,2300000.0,Delivered,7,2.0,2300000.0
ORD01130,2023-01-23,2023-01,Mỹ phẩm,Hà Nội,3190000.0,Delivered,1,2.0,3190000.0
ORD01131,2023-10-30,2023-10,Mỹ phẩm,Hải Phòng,950000.0,Delivered,12,2.0,950000.0
ORD01132,2023-12-12,2023-12,Mỹ phẩm,Đà Nẵng,1860000.0,Delivered,1,4.0,1860000.0
ORD01133,2023-10-29,2023-10,Điện thoại & Phụ kiện,Hà Nội,2680000.0,Delivered,2,1.0,2680000.0
ORD01134,2023-12-29,2023-12,Mỹ phẩm,Hà Nội,2290000.0,Delivered,4,2.0,2290000.0
ORD01135,2023-08-06,2023-08,Thời trang,TP.HCM,470000.0,Canceled,7,0.0,0.0
ORD01136,2023-05-21,2023-05,Thời trang,TP.HCM,1510000.0,Delivered,4,5.0,1510000.0
ORD01137,2023-04-14,2023-04,Điện thoại & Phụ kiện,TP.HCM,4400000.0,Canceled,5,0.0,0.0
ORD01138,2023-07-29,2023-07,Mỹ phẩm,Hải Phòng,4070000.0,Delivered,4,1.0,4070000.0
ORD01139,2023-04-21,2023-04,Mỹ phẩm,Cần Thơ,2440000.0,Delivered,4,5.0,2440000.0
ORD01140,2023-04-14,2023-04,Điện thoại & Phụ kiện,Hà Nội,2120000.0,Delivered,9,5.0,2120000.0
ORD01141,2023-11-12,2023-11,Thời trang,Cần Thơ,3380000.0,Delivered,6,5.0,3380000.0
ORD01142,2023-06-20,2023-06,Mỹ phẩm,Cần Thơ,3030000.0,Delivered,12,3.0,3030000.0
ORD01143,2023-12-22,2023-12,Điện thoại & Phụ kiện,TP.HCM,4570000.0,Delivered,3,3.0,4570000.0
ORD01144,2023-11-20,2023-11,Nhà cửa & Đời sống,Cần Thơ,1810000.0,Canceled,6,0.0,0.0
ORD01145,2023-05-13,2023-05,Thời trang,Hà Nội,1340000.0,Returned,13,0.0,0.0
ORD01146,2023-10-20,2023-10,Thời trang,Hà Nội,3350000.0,Returned,7,0.0,0.0
ORD01147,2023-11-24,2023-11,Điện thoại & Phụ kiện,Đà Nẵng,740000.0,Returned,7,0.0,0.0
ORD01148,2023-05-07,2023-05,Điện thoại & Phụ kiện,Hải Phòng,2900000.0,Delivered,8,1.0,2900000.0
ORD01149,2023-04-16,2023-04,Nhà cửa & Đời sống,Cần Thơ,2810000.0,Delivered,13,3.0,2810000.0
ORD01150,2023-04-02,2023-04,Điện thoại & Phụ kiện,Hải Phòng,2530000.0,Delivered,4,4.0,2530000.0
ORD01151,2023-10-14,2023-10,Mỹ phẩm,Hải Phòng,240000.0,Delivered,1,1.0,240000.0
ORD01152,2023-02-20,2023-02,Điện thoại & Phụ kiện,Hải Phòng,2350000.0,Canceled,6,0.0,0.0
ORD01153,2023-01-29,2023-01,Điện thoại & Phụ kiện,Hải Phòng,4740000.0,Canceled,8,0.0,0.0
ORD01154,2023-10-23,2023-10,Điện thoại & Phụ kiện,Hà Nội,1400000.0,Canceled,5,0.0,0.0
ORD01155,2023-10-24,2023-10,Thời trang,Cần Thơ,2040000.0,Canceled,13,0.0,0.0
ORD01156,2023-08-02,2023-08,Nhà cửa & Đời sống,Đà Nẵng,3020000.0,Delivered,3,3.0,3020000.0
ORD01157,2023-09-24,2023-09,Điện thoại & Phụ kiện,Hải Phòng,2180000.0,Delivered,4,3.0,2180000.0
ORD01158,2023-09-14,2023-09,Điện thoại & Phụ kiện,Đà Nẵng,4480000.0,Delivered,8,3.0,4480000.0
ORD01159,2023-10-29,2023-10,Điện thoại & Phụ kiện,Hà Nội,3900000.0,Returned,6,0.0,0.0
ORD01160,2023-04-11,2023-04,Thời trang,Hà Nội,1220000.0,Returned,13,0.0,0.0
ORD01161,2023-12-12,2023-12,Thời trang,TP.HCM,2530000.0,Delivered,13,3.0,2530000.0
ORD01162,2023-04-20,2023-04,Mỹ phẩm,Hải Phòng,1750000.0,Delivered,5,3.0,1750000.0
ORD01163,2023-07-01,2023-07,Thời trang,TP.HCM,2000000.0,Delivered,13,1.0,2000000.0
ORD01164,2023-11-09,2023-11,Thời trang,Đà Nẵng,2660000.0,Delivered,9,1.0,2660000.0
ORD01165,2023-01-01,2023-01,Điện thoại & Phụ kiện,Cần Thơ,3360000.0,Canceled,10,0.0,0.0
ORD01166,2023-11-15,2023-11,Nhà cửa & Đời sống,TP.HCM,2270000.0,Delivered,3,3.0,2270000.0
ORD01167,2023-02-24,2023-02,Điện thoại & Phụ kiện,Hà Nội,3680000.0,Delivered,7,1.0,3680000.0
ORD01168,2023-05-29,2023-05,Điện thoại & Phụ kiện,Hải Phòng,2840000.0,Delivered,9,3.0,2840000.0
ORD01169,2023-11-05,2023-11,Thời trang,Đà Nẵng,610000.0,Returned,11,0.0,0.0
ORD01170,2023-05-17,2023-05,Thời trang,Hà Nội,3830000.0,Delivered,13,4.0,3830000.0
ORD01171,2023-07-21,2023-07,Thời trang,Cần Thơ,1670000.0,Delivered,11,5.0,1670000.0
ORD01172,2023-11-09,2023-11,Thời trang,Hải Phòng,3720000.0,Delivered,12,2.0,3720000.0
ORD01173,2023-04-27,2023-04,Mỹ phẩm,Cần Thơ,640000.0,Delivered,4,1.0,640000.0
ORD01174,2023-06-03,2023-06,Điện thoại & Phụ kiện,Cần Thơ,230000.0,Delivered,10,1.0,230000.0
ORD01175,2023-10-18,2023-10,Mỹ phẩm,Hải Phòng,2780000.0,Canceled,10,0.0,0.0
ORD01176,2023-03-04,2023-03,Thời trang,Hải Phòng,3490000.0,Canceled,3,0.0,0.0
ORD01177,2023-09-01,2023-09,Thời trang,Cần Thơ,990000.0,Delivered,1,5.0,990000.0
ORD01178,2023-01-25,2023-01,Thời trang,Đà Nẵng,360000.0,Delivered,9,2.0,360000.0
ORD01179,2023-03-31,2023-03,Điện thoại & Phụ kiện,Hải Phòng,980000.0,Canceled,13,0.0,0.0
ORD01180,2023-03-16,2023-03,Mỹ phẩm,Hà Nội,4020000.0,Delivered,1,1.0,4020000.0
ORD01181,2023-10-21,2023-10,Thời trang,TP.HCM,500000.0,Delivered,2,2.0,500000.0
ORD01182,2023-07-29,2023-07,Điện thoại & Phụ kiện,Đà Nẵng,3130000.0,Delivered,9,3.0,3130000.0
ORD01183,2023-12-13,2023-12,Thời trang,Hải Phòng,2770000.0,Delivered,5,2.0,2770000.0
ORD01184,2023-01-17,2023-01,Nhà cửa & Đời sống,Hải Phòng,1470000.0,Delivered,4,3.0,1470000.0
ORD01185,2023-05-08,2023-05,Thời trang,Đà Nẵng,150000.0,Returned,9,0.0,0.0
ORD01186,2023-12-30,2023-12,Nhà cửa & Đời sống,TP.HCM,2510000.0,Canceled,9,0.0,0.0
ORD01187,2023-09-08,2023-09,Điện thoại & Phụ kiện,Cần Thơ,1710000.0,Delivered,2,5.0,1710000.0
ORD01188,2023-06-28,2023-06,Điện thoại & Phụ kiện,Hà Nội,1890000.0,Delivered,3,3.0,1890000.0
ORD01189,2023-07-01,2023-07,Điện thoại & Phụ kiện,Hải Phòng,3060000.0,Delivered,12,2.0,3060000.0
ORD01190,2023-06-01,2023-06,Thời trang,TP.HCM,4760000.0,Delivered,3,4.0,4760000.0
ORD01191,2023-01-25,2023-01,Điện thoại & Phụ kiện,Hà Nội,150000.0,Delivered,5,4.0,150000.0
ORD01192,2023-06-29,2023-06,Điện thoại & Phụ kiện,Đà Nẵng,3950000.0,Delivered,13,3.0,3950000.0
ORD01193,2023-07-17,2023-07,Nhà cửa & Đời sống,Hải Phòng,2800000.0,Canceled,3,0.0,0.0
ORD01194,2023-12-10,2023-12,Mỹ phẩm,Cần Thơ,4100000.0,Delivered,10,4.0,4100000.0
ORD01195,2023-06-10,2023-06,Mỹ phẩm,Đà Nẵng,2810000.0,Canceled,6,0.0,0.0
ORD01196,2023-06-26,2023-06,Điện thoại & Phụ kiện,Hải Phòng,1650000.0,Delivered,2,3.0,1650000.0
ORD01197,2023-10-12,2023-10,Điện thoại & Phụ kiện,TP.HCM,940000.0,Delivered,6,3.0,940000.0
ORD01198,2023-03-04,2023-03,Điện thoại & Phụ kiện,Hà Nội,2090000.0,Delivered,6,4.0,2090000.0
ORD01199,2023-05-30,2023-05,Mỹ phẩm,Hà Nội,190000.0,Returned,2,0.0,0.0
ORD01200,2023-06-03,2023-06,Nhà cửa & Đời sống,Hải Phòng,1470000.0,Delivered,6,2.0,1470000.0
ORD01201,2023-06-05,2023-06,Thời trang,Đà Nẵng,2510000.0,Delivered,6,5.0,2510000.0
ORD01202,2023-02-18,2023-02,Điện thoại & Phụ kiện,Cần Thơ,4030000.0,Delivered,6,5.0,4030000.0
ORD01203,2023-12-03,2023-12,Thời trang,TP.HCM,2100000.0,Delivered,12,2.0,2100000.0
ORD01204,2023-03-25,2023-03,Điện thoại & Phụ kiện,Hải Phòng,1650000.0,Canceled,13,0.0,0.0
ORD01205,2023-12-27,2023-12,Điện thoại & Phụ kiện,TP.HCM,4170000.0,Delivered,5,2.0,4170000.0
ORD01206,2023-06-26,2023-06,Thời trang,Hà Nội,2840000.0,Returned,7,0.0,0.0
ORD01207,2023-05-28,2023-05,Mỹ phẩm,Cần Thơ,2340000.0,Canceled,13,0.0,0.0
ORD01208,2023-04-28,2023-04,Điện thoại & Phụ kiện,TP.HCM,770000.0,Delivered,12,2.0,770000.0
ORD01209,2023-12-08,2023-12,Điện thoại & Phụ kiện,Hải Phòng,1930000.0,Delivered,5,4.0,1930000.0
ORD01210,2023-03-04,2023-03,Nhà cửa & Đời sống,Cần Thơ,2040000.0,Delivered,11,5.0,2040000.0
ORD01211,2023-07-08,2023-07,Điện thoại & Phụ kiện,Đà Nẵng,510000.0,Returned,1,0.0,0.0
ORD01212,2023-12-26,2023-12,Điện thoại & Phụ kiện,Hải Phòng,4050000.0,Delivered,12,3.0,4050000.0
ORD01213,2023-02-18,2023-02,Điện thoại & Phụ kiện,TP.HCM,4110000.0,Delivered,9,3.0,4110000.0
ORD01214,2023-11-23,2023-11,Điện thoại & Phụ kiện,Cần Thơ,1600000.0,Delivered,3,4.0,1600000.0
ORD01215,2023-09-14,2023-09,Điện thoại & Phụ kiện,Hải Phòng,930000.0,Delivered,2,3.0,930000.0
ORD01216,2023-08-12,2023-08,Mỹ phẩm,Cần Thơ,1430000.0,Delivered,10,1.0,1430000.0
ORD01217,2023-05-21,2023-05,Điện thoại & Phụ kiện,Cần Thơ,3180000.0,Delivered,6,4.0,3180000.0
ORD01218,2023-08-03,2023-08,Thời trang,Cần Thơ,3630000.0,Canceled,8,0.0,0.0
ORD01219,2023-07-30,2023-07,Thời trang,TP.HCM,3070000.0,Delivered,2,2.0,3070000.0
ORD01220,2023-11-14,2023-11,Thời trang,Hải Phòng,4590000.0,Delivered,4,2.0,4590000.0
ORD01221,2023-02-01,2023-02,Mỹ phẩm,Hà Nội,390000.0,Returned,2,0.0,0.0
ORD01222,2023-06-07,2023-06,Mỹ phẩm,Hà Nội,180000.0,Delivered,12,4.0,180000.0
ORD01223,2023-10-12,2023-10,Điện thoại & Phụ kiện,TP.HCM,4840000.0,Delivered,12,4.0,4840000.0
ORD01224,2023-11-01,2023-11,Mỹ phẩm,TP.HCM,1790000.0,Delivered,9,2.0,1790000.0
ORD01225,2023-10-13,2023-10,Thời trang,Cần Thơ,2990000.0,Delivered,10,5.0,2990000.0
ORD01226,2023-05-24,2023-05,Nhà cửa & Đời sống,Hải Phòng,1770000.0,Delivered,13,5.0,1770000.0
ORD01227,2023-01-19,2023-01,Thời trang,Hải Phòng,3530000.0,Delivered,2,2.0,3530000.0
ORD01228,2023-01-18,2023-01,Nhà cửa & Đời sống,Đà Nẵng,1540000.0,Returned,10,0.0,0.0
ORD01229,2023-09-14,2023-09,Mỹ phẩm,Đà Nẵng,4220000.0,Delivered,2,4.0,4220000.0
ORD01230,2023-03-19,2023-03,Điện thoại & Phụ kiện,Hà Nội,2370000.0,Delivered,13,1.0,2370000.0
ORD01231,2023-06-24,2023-06,Thời trang,Đà Nẵng,3150000.0,Delivered,5,5.0,3150000.0
ORD01232,2023-07-13,2023-07,Nhà cửa & Đời sống,Đà Nẵng,850000.0,Returned,12,0.0,0.0
ORD01233,2023-04-23,2023-04,Mỹ phẩm,Hà Nội,2320000.0,Canceled,5,0.0,0.0
ORD01234,2023-04-24,2023-04,Điện thoại & Phụ kiện,Hà Nội,1860000.0,Delivered,12,3.0,1860000.0
ORD01235,2023-08-10,2023-08,Mỹ phẩm,Đà Nẵng,4660000.0,Delivered,7,4.0,4660000.0
ORD01236,2023-06-15,2023-06,Điện thoại & Phụ kiện,Hải Phòng,1980000.0,Delivered,1,4.0,1980000.0
ORD01237,2023-11-15,2023-11,Điện thoại & Phụ kiện,Đà Nẵng,4760000.0,Delivered,12,2.0,4760000.0
ORD01238,2023-05-12,2023-05,Thời trang,Cần Thơ,3110000.0,Delivered,2,2.0,3110000.0
ORD01239,2023-09-21,2023-09,Điện thoại & Phụ kiện,Cần Thơ,550000.0,Delivered,11,1.0,550000.0
ORD01240,2023-02-24,2023-02,Mỹ phẩm,Cần Thơ,3910000.0,Delivered,11,1.0,3910000.0
ORD01241,2023-12-25,2023-12,Điện thoại & Phụ kiện,TP.HCM,260000.0,Delivered,6,3.0,260000.0
ORD01242,2023-05-11,2023-05,Mỹ phẩm,Cần Thơ,750000.0,Delivered,2,2.0,750000.0
ORD01243,2023-10-15,2023-10,Điện thoại & Phụ kiện,Hải Phòng,3690000.0,Delivered,4,4.0,3690000.0
ORD01244,2023-09-23,2023-09,Điện thoại & Phụ kiện,TP.HCM,2700000.0,Delivered,10,2.0,2700000.0
ORD01245,2023-06-11,2023-06,Điện thoại & Phụ kiện,TP.HCM,1320000.0,Delivered,6,4.0,1320000.0
ORD01246,2023-03-28,2023-03,Điện thoại & Phụ kiện,Cần Thơ,2400000.0,Delivered,13,2.0,2400000.0
ORD01247,2023-02-24,2023-02,Điện thoại & Phụ kiện,Đà Nẵng,4470000.0,Returned,12,0.0,0.0
ORD01248,2023-10-15,2023-10,Điện thoại & Phụ kiện,Hà Nội,1340000.0,Delivered,7,3.0,1340000.0
ORD01249,2023-06-27,2023-06,Thời trang,Đà Nẵng,1210000.0,Delivered,10,2.0,1210000.0
ORD01250,2023-12-15,2023-12,Điện thoại & Phụ kiện,Đà Nẵng,2810000.0,Delivered,5,5.0,2810000.0
ORD01251,2023-01-08,2023-01,Thời trang,TP.HCM,900000.0,Delivered,8,5.0,900000.0
ORD01252,2023-11-17,2023-11,Điện thoại & Phụ kiện,TP.HCM,2550000.0,Delivered,6,4.0,2550000.0
ORD01253,2023-11-09,2023-11,Mỹ phẩm,TP.HCM,3560000.0,Delivered,5,3.0,3560000.0
ORD01254,2023-09-04,2023-09,Nhà cửa & Đời sống,Hải Phòng,4000000.0,Delivered,4,4.0,4000000.0
ORD01255,2023-11-19,2023-11,Thời trang,Hải Phòng,4010000.0,Delivered,6,3.0,4010000.0
ORD01256,2023-09-12,2023-09,Điện thoại & Phụ kiện,Hà Nội,3370000.0,Canceled,6,0.0,0.0
ORD01257,2023-11-24,2023-11,Điện thoại & Phụ kiện,TP.HCM,2240000.0,Canceled,6,0.0,0.0
ORD01258,2023-02-23,2023-02,Nhà cửa & Đời sống,Cần Thơ,3610000.0,Returned,1,0.0,0.0
ORD01259,2023-09-06,2023-09,Điện thoại & Phụ kiện,TP.HCM,2440000.0,Delivered,6,4.0,2440000.0
ORD01260,2023-08-27,2023-08,Điện thoại & Phụ kiện,Hải Phòng,3760000.0,Delivered,1,1.0,3760000.0
ORD01261,2023-08-17,2023-08,Điện thoại & Phụ kiện,TP.HCM,910000.0,Returned,5,0.0,0.0
ORD01262,2023-03-08,2023-03,Điện thoại & Phụ kiện,Hải Phòng,3030000.0,Delivered,7,5.0,3030000.0
ORD01263,2023-02-20,2023-02,Điện thoại & Phụ kiện,TP.HCM,3190000.0,Delivered,1,5.0,3190000.0
ORD01264,2023-04-07,2023-04,Mỹ phẩm,Cần Thơ,850000.0,Delivered,13,2.0,850000.0
ORD01265,2023-04-02,2023-04,Điện thoại & Phụ kiện,Hà Nội,240000.0,Delivered,1,2.0,240000.0
ORD01266,2023-09-21,2023-09,Thời trang,Cần Thơ,2290000.0,Delivered,13,1.0,2290000.0
ORD01267,2023-10-18,2023-10,Điện thoại & Phụ kiện,Hải Phòng,2390000.0,Delivered,13,5.0,2390000.0
ORD01268,2023-04-06,2023-04,Điện thoại & Phụ kiện,Đà Nẵng,4430000.0,Delivered,6,3.0,4430000.0
ORD01269,2023-03-29,2023-03,Nhà cửa & Đời sống,Cần Thơ,4490000.0,Delivered,7,5.0,4490000.0
ORD01270,2023-03-19,2023-03,Điện thoại & Phụ kiện,TP.HCM,4880000.0,Delivered,6,2.0,4880000.0
ORD01271,2023-10-15,2023-10,Mỹ phẩm,Hà Nội,3810000.0,Delivered,5,4.0,3810000.0
ORD01272,2023-04-30,2023-04,Thời trang,TP.HCM,2740000.0,Delivered,6,1.0,2740000.0
ORD01273,2023-10-29,2023-10,Điện thoại & Phụ kiện,TP.HCM,2730000.0,Delivered,13,5.0,2730000.0
ORD01274,2023-06-14,2023-06,Nhà cửa & Đời sống,Cần Thơ,1190000.0,Delivered,3,3.0,1190000.0
ORD01275,2023-07-01,2023-07,Điện thoại & Phụ kiện,Hà Nội,4120000.0,Delivered,9,3.0,4120000.0
ORD01276,2023-08-11,2023-08,Mỹ phẩm,Đà Nẵng,3160000.0,Delivered,5,3.0,3160000.0
ORD01277,2023-11-07,2023-11,Điện thoại & Phụ kiện,TP.HCM,2090000.0,Delivered,2,1.0,2090000.0
ORD01278,2023-01-07,2023-01,Mỹ phẩm,Hà Nội,2350000.0,Delivered,12,3.0,2350000.0
ORD01279,2023-11-26,2023-11,Điện thoại & Phụ kiện,Đà Nẵng,1940000.0,Delivered,10,3.0,1940000.0
ORD01280,2023-09-20,2023-09,Thời trang,TP.HCM,4610000.0,Delivered,10,5.0,4610000.0
ORD01281,2023-06-10,2023-06,Mỹ phẩm,Hà Nội,400000.0,Canceled,7,0.0,0.0
ORD01282,2023-05-31,2023-05,Nhà cửa & Đời sống,Cần Thơ,1110000.0,Delivered,3,4.0,1110000.0
ORD01283,2023-03-26,2023-03,Nhà cửa & Đời sống,TP.HCM,2680000.0,Delivered,1,4.0,2680000.0
ORD01284,2023-05-27,2023-05,Mỹ phẩm,TP.HCM,1080000.0,Delivered,3,3.0,1080000.0
ORD01285,2023-04-22,2023-04,Mỹ phẩm,Hà Nội,3480000.0,Delivered,9,2.0,3480000.0
ORD01286,2023-02-05,2023-02,Điện thoại & Phụ kiện,TP.HCM,3080000.0,Returned,5,0.0,0.0
ORD01287,2023-10-12,2023-10,Điện thoại & Phụ kiện,Đà Nẵng,2940000.0,Returned,7,0.0,0.0
ORD01288,2023-07-07,2023-07,Điện thoại & Phụ kiện,TP.HCM,2750000.0,Delivered,3,1.0,2750000.0
ORD01289,2023-03-23,2023-03,Điện thoại & Phụ kiện,Hải Phòng,1490000.0,Delivered,4,1.0,1490000.0
ORD01290,2023-01-02,2023-01,Điện thoại & Phụ kiện,Đà Nẵng,3110000.0,Canceled,1,0.0,0.0
ORD01291,2023-10-30,2023-10,Thời trang,Hà Nội,2950000.0,Canceled,3,0.0,0.0
ORD01292,2023-07-16,2023-07,Điện thoại & Phụ kiện,Đà Nẵng,3590000.0,Delivered,7,5.0,3590000.0
ORD01293,2023-01-11,2023-01,Thời trang,Hải Phòng,4750000.0,Delivered,4,2.0,4750000.0
ORD01294,2023-08-22,2023-08,Điện thoại & Phụ kiện,Hải Phòng,2250000.0,Delivered,2,2.0,2250000.0
ORD01295,2023-07-14,2023-07,Điện thoại & Phụ kiện,TP.HCM,410000.0,Delivered,5,4.0,410000.0
ORD01296,2023-04-29,2023-04,Thời trang,TP.HCM,4660000.0,Delivered,5,5.0,4660000.0
ORD01297,2023-01-20,2023-01,Mỹ phẩm,Cần Thơ,3120000.0,Returned,2,0.0,0.0
ORD01298,2023-09-18,2023-09,Mỹ phẩm,Đà Nẵng,970000.0,Canceled,11,0.0,0.0
ORD01299,2023-10-20,2023-10,Thời trang,Cần Thơ,720000.0,Delivered,6,4.0,720000.0
ORD01300,2023-09-13,2023-09,Điện thoại & Phụ kiện,Hải Phòng,4190000.0,Delivered,10,5.0,4190000.0
ORD01301,2023-08-10,2023-08,Thời trang,TP.HCM,3960000.0,Delivered,4,5.0,3960000.0
ORD01302,2023-08-14,2023-08,Điện thoại & Phụ kiện,TP.HCM,2880000.0,Delivered,1,5.0,2880000.0
ORD01303,2023-02-22,2023-02,Điện thoại & Phụ kiện,TP.HCM,4680000.0,Delivered,3,5.0,4680000.0
ORD01304,2023-12-21,2023-12,Thời trang,Hà Nội,830000.0,Delivered,9,2.0,830000.0
ORD01305,2023-12-08,2023-12,Điện thoại & Phụ kiện,Hải Phòng,3150000.0,Delivered,10,3.0,3150000.0
ORD01306,2023-12-30,2023-12,Điện thoại & Phụ kiện,TP.HCM,4290000.0,Delivered,7,2.0,4290000.0
ORD01307,2023-10-07,2023-10,Nhà cửa & Đời sống,Hải Phòng,1330000.0,Delivered,13,5.0,1330000.0
ORD01308,2023-03-22,2023-03,Nhà cửa & Đời sống,TP.HCM,2780000.0,Canceled,6,0.0,0.0
ORD01309,2023-07-21,2023-07,Điện thoại & Phụ kiện,Đà Nẵng,3910000.0,Delivered,1,1.0,3910000.0
ORD01310,2023-06-07,2023-06,Điện thoại & Phụ kiện,Hải Phòng,2940000.0,Delivered,9,4.0,2940000.0
ORD01311,2023-04-30,2023-04,Điện thoại & Phụ kiện,Cần Thơ,4310000.0,Delivered,13,2.0,4310000.0
ORD01312,2023-02-28,2023-02,Điện thoại & Phụ kiện,Hà Nội,4700000.0,Canceled,9,0.0,0.0
ORD01313,2023-08-03,2023-08,Nhà cửa & Đời sống,Cần Thơ,1300000.0,Delivered,1,4.0,1300000.0
ORD01314,2023-05-08,2023-05,Điện thoại & Phụ kiện,Hải Phòng,3550000.0,Delivered,13,1.0,3550000.0
ORD01315,2023-08-12,2023-08,Mỹ phẩm,TP.HCM,2210000.0,Delivered,13,2.0,2210000.0
ORD01316,2023-07-28,2023-07,Điện thoại & Phụ kiện,Hải Phòng,3980000.0,Delivered,6,3.0,3980000.0
ORD01317,2023-04-25,2023-04,Nhà cửa & Đời sống,Hà Nội,1570000.0,Delivered,7,2.0,1570000.0
ORD01318,2023-07-28,2023-07,Điện thoại & Phụ kiện,Hải Phòng,870000.0,Delivered,2,4.0,870000.0
ORD01319,2023-01-14,2023-01,Mỹ phẩm,TP.HCM,3740000.0,Delivered,10,5.0,3740000.0
ORD01320,2023-01-09,2023-01,Điện thoại & Phụ kiện,Cần Thơ,230000.0,Canceled,8,0.0,0.0
ORD01321,2023-02-09,2023-02,Thời trang,Đà Nẵng,1450000.0,Delivered,8,2.0,1450000.0
ORD01322,2023-08-25,2023-08,Điện thoại & Phụ kiện,Cần Thơ,3130000.0,Delivered,6,1.0,3130000.0
ORD01323,2023-10-08,2023-10,Điện thoại & Phụ kiện,TP.HCM,4060000.0,Delivered,9,2.0,4060000.0
ORD01324,2023-12-25,2023-12,Nhà cửa & Đời sống,TP.HCM,2890000.0,Canceled,3,0.0,0.0
ORD01325,2023-07-20,2023-07,Nhà cửa & Đời sống,Hà Nội,880000.0,Delivered,2,5.0,880000.0
ORD01326,2023-09-03,2023-09,Mỹ phẩm,Hải Phòng,2520000.0,Delivered,2,5.0,2520000.0
ORD01327,2023-10-05,2023-10,Thời trang,Hải Phòng,2020000.0,Delivered,6,4.0,2020000.0
ORD01328,2023-08-23,2023-08,Mỹ phẩm,Cần Thơ,4790000.0,Delivered,7,2.0,4790000.0
ORD01329,2023-01-04,2023-01,Điện thoại & Phụ kiện,Đà Nẵng,4270000.0,Canceled,6,0.0,0.0
ORD01330,2023-06-03,2023-06,Điện thoại & Phụ kiện,Đà Nẵng,2510000.0,Returned,11,0.0,0.0
ORD01331,2023-01-29,2023-01,Điện thoại & Phụ kiện,Hà Nội,600000.0,Delivered,3,4.0,600000.0
ORD01332,2023-04-19,2023-04,Thời trang,TP.HCM,2410000.0,Delivered,5,2.0,2410000.0
ORD01333,2023-04-08,2023-04,Điện thoại & Phụ kiện,Hà Nội,2680000.0,Delivered,8,1.0,2680000.0
ORD01334,2023-08-03,2023-08,Điện thoại & Phụ kiện,Hải Phòng,3930000.0,Delivered,6,2.0,3930000.0
ORD01335,2023-10-20,2023-10,Thời trang,TP.HCM,3840000.0,Returned,2,0.0,0.0
ORD01336,2023-03-16,2023-03,Mỹ phẩm,Hà Nội,2270000.0,Delivered,7,2.0,2270000.0
ORD01337,2023-11-22,2023-11,Điện thoại & Phụ kiện,Cần Thơ,2150000.0,Delivered,8,2.0,2150000.0
ORD01338,2023-05-26,2023-05,Điện thoại & Phụ kiện,Hải Phòng,3230000.0,Delivered,4,4.0,3230000.0
ORD01339,2023-05-08,2023-05,Điện thoại & Phụ kiện,Đà Nẵng,4980000.0,Delivered,12,2.0,4980000.0
ORD01340,2023-12-07,2023-12,Điện thoại & Phụ kiện,Hà Nội,3900000.0,Delivered,1,2.0,3900000.0
ORD01341,2023-02-11,2023-02,Điện thoại & Phụ kiện,Hải Phòng,4650000.0,Returned,2,0.0,0.0
ORD01342,2023-12-22,2023-12,Thời trang,Hải Phòng,3780000.0,Delivered,4,4.0,3780000.0
ORD01343,2023-02-10,2023-02,Thời trang,Đà Nẵng,3200000.0,Delivered,7,5.0,3200000.0
ORD01344,2023-02-03,2023-02,Thời trang,Đà Nẵng,3840000.0,Delivered,2,5.0,3840000.0
ORD01345,2023-01-17,2023-01,Điện thoại & Phụ kiện,Đà Nẵng,1290000.0,Returned,6,0.0,0.0
ORD01346,2023-06-14,2023-06,Mỹ phẩm,Hà Nội,890000.0,Delivered,2,3.0,890000.0
ORD01347,2023-06-02,2023-06,Điện thoại & Phụ kiện,Đà Nẵng,510000.0,Delivered,12,1.0,510000.0
ORD01348,2023-03-17,2023-03,Thời trang,Cần Thơ,300000.0,Delivered,7,4.0,300000.0
ORD01349,2023-03-28,2023-03,Mỹ phẩm,Hải Phòng,190000.0,Delivered,2,5.0,190000.0
ORD01350,2023-04-27,2023-04,Điện thoại & Phụ kiện,Đà Nẵng,3220000.0,Canceled,3,0.0,0.0
ORD01351,2023-12-28,2023-12,Điện thoại & Phụ kiện,Hải Phòng,1620000.0,Delivered,9,4.0,1620000.0
ORD01352,2023-12-08,2023-12,Mỹ phẩm,TP.HCM,3210000.0,Delivered,13,4.0,3210000.0
ORD01353,2023-01-27,2023-01,Điện thoại & Phụ kiện,TP.HCM,3030000.0,Delivered,4,5.0,3030000.0
ORD01354,2023-11-09,2023-11,Thời trang,Đà Nẵng,950000.0,Delivered,5,5.0,950000.0
ORD01355,2023-10-14,2023-10,Điện thoại & Phụ kiện,Hải Phòng,1220000.0,Delivered,9,3.0,1220000.0
ORD01356,2023-05-14,2023-05,Thời trang,TP.HCM,1980000.0,Returned,7,0.0,0.0
ORD01357,2023-08-07,2023-08,Điện thoại & Phụ kiện,Đà Nẵng,1210000.0,Delivered,8,5.0,1210000.0
ORD01358,2023-06-17,2023-06,Điện thoại & Phụ kiện,Hải Phòng,1840000.0,Delivered,11,5.0,1840000.0
ORD01359,2023-04-08,2023-04,Thời trang,Đà Nẵng,3190000.0,Delivered,3,2.0,3190000.0
ORD01360,2023-09-25,2023-09,Điện thoại & Phụ kiện,Hải Phòng,3110000.0,Returned,11,0.0,0.0
ORD01361,2023-08-25,2023-08,Điện thoại & Phụ kiện,TP.HCM,4610000.0,Delivered,11,4.0,4610000.0
ORD01362,2023-11-05,2023-11,Điện thoại & Phụ kiện,Đà Nẵng,130000.0,Delivered,4,5.0,130000.0
ORD01363,2023-06-22,2023-06,Điện thoại & Phụ kiện,TP.HCM,2310000.0,Delivered,7,3.0,2310000.0
ORD01364,2023-07-09,2023-07,Điện thoại & Phụ kiện,Đà Nẵng,4590000.0,Delivered,4,5.0,4590000.0
ORD01365,2023-05-02,2023-05,Điện thoại & Phụ kiện,Hà Nội,2300000.0,Delivered,2,3.0,2300000.0
ORD01366,2023-02-15,2023-02,Nhà cửa & Đời sống,TP.HCM,1800000.0,Returned,10,0.0,0.0
ORD01367,2023-03-05,2023-03,Điện thoại & Phụ kiện,TP.HCM,3270000.0,Canceled,6,0.0,0.0
ORD01368,2023-05-10,2023-05,Thời trang,Cần Thơ,4930000.0,Delivered,9,3.0,4930000.0
ORD01369,2023-11-06,2023-11,Điện thoại & Phụ kiện,TP.HCM,2220000.0,Delivered,2,1.0,2220000.0
ORD01370,2023-12-29,2023-12,Điện thoại & Phụ kiện,Hải Phòng,2620000.0,Delivered,1,3.0,2620000.0
ORD01371,2023-07-12,2023-07,Nhà cửa & Đời sống,Đà Nẵng,1330000.0,Canceled,8,0.0,0.0
ORD01372,2023-11-03,2023-11,Điện thoại & Phụ kiện,Hà Nội,1370000.0,Delivered,1,2.0,1370000.0
ORD01373,2023-06-30,2023-06,Nhà cửa & Đời sống,Hải Phòng,2220000.0,Delivered,1,4.0,2220000.0
ORD01374,2023-10-19,2023-10,Điện thoại & Phụ kiện,Hải Phòng,1210000.0,Returned,3,0.0,0.0
ORD01375,2023-10-09,2023-10,Mỹ phẩm,Hải Phòng,940000.0,Delivered,5,1.0,940000.0
ORD01376,2023-01-29,2023-01,Thời trang,Hải Phòng,130000.0,Canceled,13,0.0,0.0
ORD01377,2023-05-29,2023-05,Mỹ phẩm,Hà Nội,740000.0,Delivered,12,2.0,740000.0
ORD01378,2023-09-24,2023-09,Thời trang,Cần Thơ,3270000.0,Delivered,9,2.0,3270000.0
ORD01379,2023-10-23,2023-10,Thời trang,TP.HCM,3550000.0,Delivered,11,5.0,3550000.0
ORD01380,2023-01-11,2023-01,Điện thoại & Phụ kiện,Hải Phòng,1290000.0,Delivered,10,5.0,1290000.0
ORD01381,2023-06-13,2023-06,Điện thoại & Phụ kiện,TP.HCM,2520000.0,Returned,2,0.0,0.0
ORD01382,2023-04-23,2023-04,Nhà cửa & Đời sống,TP.HCM,3950000.0,Delivered,12,3.0,3950000.0
ORD01383,2023-07-06,2023-07,Điện thoại & Phụ kiện,Hải Phòng,1460000.0,Delivered,12,2.0,1460000.0
ORD01384,2023-10-22,2023-10,Điện thoại & Phụ kiện,Cần Thơ,2560000.0,Delivered,1,1.0,2560000.0
ORD01385,2023-08-20,2023-08,Mỹ phẩm,TP.HCM,4500000.0,Delivered,1,4.0,4500000.0
ORD01386,2023-08-15,2023-08,Điện thoại & Phụ kiện,Đà Nẵng,540000.0,Delivered,8,3.0,540000.0
ORD01387,2023-11-06,2023-11,Nhà cửa & Đời sống,TP.HCM,1550000.0,Delivered,10,5.0,1550000.0
ORD01388,2023-04-08,2023-04,Mỹ phẩm,Hải Phòng,3770000.0,Canceled,10,0.0,0.0
ORD01389,2023-02-24,2023-02,Thời trang,Hà Nội,1850000.0,Delivered,10,5.0,1850000.0
ORD01390,2023-04-21,2023-04,Mỹ phẩm,TP.HCM,510000.0,Delivered,2,3.0,510000.0
ORD01391,2023-06-01,2023-06,Điện thoại & Phụ kiện,Cần Thơ,3060000.0,Canceled,13,0.0,0.0
ORD01392,2023-09-03,2023-09,Điện thoại & Phụ kiện,Đà Nẵng,4680000.0,Delivered,9,4.0,4680000.0
ORD01393,2023-03-10,2023-03,Thời trang,Đà Nẵng,980000.0,Canceled,9,0.0,0.0
ORD01394,2023-11-08,2023-11,Điện thoại & Phụ kiện,Hà Nội,2270000.0,Delivered,2,1.0,2270000.0
ORD01395,2023-10-16,2023-10,Mỹ phẩm,Hà Nội,4510000.0,Delivered,3,2.0,4510000.0
ORD01396,2023-09-07,2023-09,Nhà cửa & Đời sống,TP.HCM,2370000.0,Delivered,2,1.0,2370000.0
ORD01397,2023-02-05,2023-02,Thời trang,Hải Phòng,3070000.0,Delivered,6,1.0,3070000.0
ORD01398,2023-08-27,2023-08,Điện thoại & Phụ kiện,Cần Thơ,3000000.0,Delivered,7,1.0,3000000.0
ORD01399,2023-05-28,2023-05,Nhà cửa & Đời sống,Đà Nẵng,4310000.0,Delivered,12,5.0,4310000.0
ORD01400,2023-08-15,2023-08,Thời trang,Hà Nội,760000.0,Delivered,6,2.0,760000.0
ORD01401,2023-09-01,2023-09,Thời trang,Cần Thơ,2600000.0,Delivered,3,4.0,2600000.0
ORD01402,2023-12-03,2023-12,Điện thoại & Phụ kiện,Hải Phòng,500000.0,Delivered,12,1.0,500000.0
ORD01403,2023-12-31,2023-12,Nhà cửa & Đời sống,Đà Nẵng,1080000.0,Delivered,3,5.0,1080000.0
ORD01404,2023-07-20,2023-07,Thời trang,Đà Nẵng,3150000.0,Delivered,12,5.0,3150000.0
ORD01405,2023-06-03,2023-06,Mỹ phẩm,Hải Phòng,3690000.0,Delivered,2,4.0,3690000.0
ORD01406,2023-03-14,2023-03,Mỹ phẩm,Đà Nẵng,3510000.0,Delivered,2,3.0,3510000.0
ORD01407,2023-07-20,2023-07,Điện thoại & Phụ kiện,Hải Phòng,4650000.0,Delivered,11,2.0,4650000.0
ORD01408,2023-10-23,2023-10,Thời trang,Đà Nẵng,880000.0,Delivered,12,2.0,880000.0
ORD01409,2023-01-17,2023-01,Mỹ phẩm,TP.HCM,3100000.0,Delivered,5,1.0,3100000.0
ORD01410,2023-05-09,2023-05,Điện thoại & Phụ kiện,Hải Phòng,2080000.0,Canceled,11,0.0,0.0
ORD01411,2023-08-05,2023-08,Mỹ phẩm,Cần Thơ,1560000.0,Delivered,11,2.0,1560000.0
ORD01412,2023-03-02,2023-03,Nhà cửa & Đời sống,TP.HCM,4970000.0,Delivered,8,1.0,4970000.0
ORD01413,2023-04-14,2023-04,Thời trang,Cần Thơ,1150000.0,Returned,6,0.0,0.0
ORD01414,2023-02-11,2023-02,Mỹ phẩm,Đà Nẵng,4100000.0,Delivered,9,5.0,4100000.0
ORD01415,2023-01-25,2023-01,Mỹ phẩm,Cần Thơ,2020000.0,Delivered,11,1.0,2020000.0
ORD01416,2023-02-08,2023-02,Mỹ phẩm,TP.HCM,4860000.0,Canceled,5,0.0,0.0
ORD01417,2023-10-18,2023-10,Điện thoại & Phụ kiện,Hải Phòng,1310000.0,Delivered,10,4.0,1310000.0
ORD01418,2023-05-11,2023-05,Điện thoại & Phụ kiện,Hà Nội,860000.0,Returned,4,0.0,0.0
ORD01419,2023-08-17,2023-08,Thời trang,Cần Thơ,3210000.0,Returned,9,0.0,0.0
ORD01420,2023-04-18,2023-04,Thời trang,Hà Nội,1210000.0,Delivered,12,5.0,1210000.0
ORD01421,2023-06-21,2023-06,Thời trang,Cần Thơ,3580000.0,Returned,10,0.0,0.0
ORD01422,2023-04-12,2023-04,Mỹ phẩm,Cần Thơ,3060000.0,Returned,11,0.0,0.0
ORD01423,2023-12-20,2023-12,Điện thoại & Phụ kiện,Hải Phòng,1790000.0,Delivered,5,2.0,1790000.0
ORD01424,2023-01-12,2023-01,Thời trang,Đà Nẵng,150000.0,Returned,1,0.0,0.0
ORD01425,2023-10-02,2023-10,Điện thoại & Phụ kiện,TP.HCM,2060000.0,Delivered,5,5.0,2060000.0
ORD01426,2023-04-11,2023-04,Mỹ phẩm,TP.HCM,1070000.0,Delivered,5,3.0,1070000.0
ORD01427,2023-02-13,2023-02,Thời trang,TP.HCM,4680000.0,Delivered,5,5.0,4680000.0
ORD01428,2023-11-01,2023-11,Điện thoại & Phụ kiện,Đà Nẵng,3380000.0,Delivered,13,1.0,3380000.0
ORD01429,2023-01-17,2023-01,Điện thoại & Phụ kiện,Hà Nội,2390000.0,Delivered,2,1.0,2390000.0
ORD01430,2023-11-26,2023-11,Mỹ phẩm,TP.HCM,1770000.0,Delivered,13,3.0,1770000.0
ORD01431,2023-02-26,2023-02,Thời trang,Hà Nội,3060000.0,Delivered,6,4.0,3060000.0
ORD01432,2023-11-07,2023-11,Điện thoại & Phụ kiện,Đà Nẵng,2740000.0,Delivered,5,2.0,2740000.0
ORD01433,2023-10-30,2023-10,Nhà cửa & Đời sống,Đà Nẵng,170000.0,Delivered,2,3.0,170000.0
ORD01434,2023-01-12,2023-01,Mỹ phẩm,Hải Phòng,1810000.0,Delivered,12,3.0,1810000.0
ORD01435,2023-11-14,2023-11,Nhà cửa & Đời sống,TP.HCM,4510000.0,Delivered,10,1.0,4510000.0
ORD01436,2023-03-21,2023-03,Thời trang,Hải Phòng,3690000.0,Canceled,8,0.0,0.0
ORD01437,2023-08-04,2023-08,Thời trang,TP.HCM,2040000.0,Delivered,6,3.0,2040000.0
ORD01438,2023-12-05,2023-12,Mỹ phẩm,Đà Nẵng,2780000.0,Delivered,11,1.0,2780000.0
ORD01439,2023-09-21,2023-09,Thời trang,Đà Nẵng,280000.0,Delivered,10,1.0,280000.0
ORD01440,2023-05-29,2023-05,Mỹ phẩm,Cần Thơ,3630000.0,Delivered,12,3.0,3630000.0
ORD01441,2023-03-22,2023-03,Điện thoại & Phụ kiện,Cần Thơ,3610000.0,Delivered,11,3.0,3610000.0
ORD01442,2023-08-03,2023-08,Thời trang,Đà Nẵng,580000.0,Returned,3,0.0,0.0
ORD01443,2023-07-17,2023-07,Điện thoại & Phụ kiện,Đà Nẵng,4730000.0,Delivered,9,3.0,4730000.0
ORD01444,2023-07-19,2023-07,Điện thoại & Phụ kiện,Hà Nội,3650000.0,Delivered,13,2.0,3650000.0
ORD01445,2023-01-25,2023-01,Điện thoại & Phụ kiện,Hà Nội,3470000.0,Delivered,11,1.0,3470000.0
ORD01446,2023-03-30,2023-03,Điện thoại & Phụ kiện,Hải Phòng,4710000.0,Delivered,11,1.0,4710000.0
ORD01447,2023-09-25,2023-09,Nhà cửa & Đời sống,Cần Thơ,1670000.0,Delivered,4,3.0,1670000.0
ORD01448,2023-05-23,2023-05,Điện thoại & Phụ kiện,Cần Thơ,750000.0,Delivered,3,3.0,750000.0
ORD01449,2023-02-28,2023-02,Thời trang,Đà Nẵng,4700000.0,Delivered,7,3.0,4700000.0
ORD01450,2023-12-31,2023-12,Mỹ phẩm,Đà Nẵng,3560000.0,Delivered,12,2.0,3560000.0
ORD01451,2023-01-26,2023-01,Thời trang,Hải Phòng,680000.0,Delivered,13,1.0,680000.0
ORD01452,2023-02-16,2023-02,Điện thoại & Phụ kiện,Cần Thơ,3180000.0,Canceled,8,0.0,0.0
ORD01453,2023-10-15,2023-10,Mỹ phẩm,Hà Nội,3170000.0,Delivered,7,2.0,3170000.0
ORD01454,2023-09-23,2023-09,Thời trang,TP.HCM,3460000.0,Returned,1,0.0,0.0
ORD01455,2023-01-16,2023-01,Mỹ phẩm,Hải Phòng,1680000.0,Delivered,1,1.0,1680000.0
ORD01456,2023-07-18,2023-07,Mỹ phẩm,TP.HCM,2800000.0,Delivered,13,4.0,2800000.0
ORD01457,2023-10-09,2023-10,Nhà cửa & Đời sống,Hà Nội,1300000.0,Delivered,5,1.0,1300000.0
ORD01458,2023-03-27,2023-03,Thời trang,Hà Nội,2630000.0,Canceled,8,0.0,0.0
ORD01459,2023-09-07,2023-09,Điện thoại & Phụ kiện,TP.HCM,4130000.0,Delivered,10,3.0,4130000.0
ORD01460,2023-09-27,2023-09,Thời trang,Hải Phòng,2700000.0,Delivered,11,1.0,2700000.0
ORD01461,2023-12-01,2023-12,Điện thoại & Phụ kiện,TP.HCM,1440000.0,Delivered,3,1.0,1440000.0
ORD01462,2023-04-27,2023-04,Mỹ phẩm,Hải Phòng,2830000.0,Delivered,8,3.0,2830000.0
ORD01463,2023-01-07,2023-01,Điện thoại & Phụ kiện,Hải Phòng,650000.0,Delivered,3,4.0,650000.0
ORD01464,2023-05-17,2023-05,Điện thoại & Phụ kiện,Đà Nẵng,3400000.0,Delivered,4,4.0,3400000.0
ORD01465,2023-06-25,2023-06,Mỹ phẩm,Cần Thơ,1050000.0,Delivered,10,1.0,1050000.0
ORD01466,2023-11-24,2023-11,Thời trang,Cần Thơ,1230000.0,Delivered,7,3.0,1230000.0
ORD01467,2023-11-11,2023-11,Điện thoại & Phụ kiện,Hà Nội,4840000.0,Delivered,3,1.0,4840000.0
ORD01468,2023-08-03,2023-08,Thời trang,Đà Nẵng,4830000.0,Delivered,4,3.0,4830000.0
ORD01469,2023-03-23,2023-03,Mỹ phẩm,Cần Thơ,3660000.0,Delivered,8,2.0,3660000.0
ORD01470,2023-08-11,2023-08,Điện thoại & Phụ kiện,Hải Phòng,4380000.0,Delivered,4,3.0,4380000.0
ORD01471,2023-04-13,2023-04,Mỹ phẩm,Hải Phòng,370000.0,Delivered,9,1.0,370000.0
ORD01472,2023-09-30,2023-09,Điện thoại & Phụ kiện,TP.HCM,3150000.0,Canceled,4,0.0,0.0
ORD01473,2023-01-14,2023-01,Mỹ phẩm,TP.HCM,110000.0,Delivered,13,4.0,110000.0
ORD01474,2023-06-08,2023-06,Mỹ phẩm,Hải Phòng,2210000.0,Delivered,4,1.0,2210000.0
ORD01475,2023-06-01,2023-06,Điện thoại & Phụ kiện,Hải Phòng,770000.0,Delivered,13,3.0,770000.0
ORD01476,2023-04-18,2023-04,Thời trang,TP.HCM,1370000.0,Canceled,5,0.0,0.0
ORD01477,2023-07-07,2023-07,Điện thoại & Phụ kiện,Cần Thơ,3420000.0,Delivered,1,4.0,3420000.0
ORD01478,2023-10-28,2023-10,Mỹ phẩm,Hà Nội,330000.0,Returned,7,0.0,0.0
ORD01479,2023-04-08,2023-04,Thời trang,TP.HCM,2620000.0,Delivered,9,5.0,2620000.0
ORD01480,2023-05-11,2023-05,Thời trang,Cần Thơ,3770000.0,Delivered,12,2.0,3770000.0
ORD01481,2023-10-20,2023-10,Điện thoại & Phụ kiện,Cần Thơ,2390000.0,Delivered,9,5.0,2390000.0
ORD01482,2023-06-20,2023-06,Điện thoại & Phụ kiện,Cần Thơ,4970000.0,Delivered,1,2.0,4970000.0
ORD01483,2023-07-02,2023-07,Điện thoại & Phụ kiện,Đà Nẵng,1850000.0,Delivered,6,2.0,1850000.0
ORD01484,2023-12-30,2023-12,Điện thoại & Phụ kiện,Đà Nẵng,4380000.0,Delivered,3,1.0,4380000.0
ORD01485,2023-02-08,2023-02,Thời trang,Cần Thơ,3840000.0,Delivered,4,2.0,3840000.0
ORD01486,2023-01-15,2023-01,Mỹ phẩm,Hải Phòng,2300000.0,Delivered,8,3.0,2300000.0
ORD01487,2023-01-04,2023-01,Thời trang,Đà Nẵng,4510000.0,Delivered,4,2.0,4510000.0
ORD01488,2023-12-15,2023-12,Thời trang,TP.HCM,450000.0,Delivered,8,2.0,450000.0
ORD01489,2023-07-29,2023-07,Nhà cửa & Đời sống,Đà Nẵng,110000.0,Delivered,4,4.0,110000.0
ORD01490,2023-06-10,2023-06,Mỹ phẩm,Hải Phòng,3920000.0,Delivered,9,4.0,3920000.0
ORD01491,2023-01-16,2023-01,Nhà cửa & Đời sống,Hà Nội,3700000.0,Delivered,6,1.0,3700000.0
ORD01492,2023-04-18,2023-04,Thời trang,Đà Nẵng,2830000.0,Delivered,1,1.0,2830000.0
ORD01493,2023-11-07,2023-11,Điện thoại & Phụ kiện,Cần Thơ,1860000.0,Delivered,13,3.0,1860000.0
ORD01494,2023-08-15,2023-08,Điện thoại & Phụ kiện,Cần Thơ,2730000.0,Delivered,10,4.0,2730000.0
ORD01495,2023-06-19,2023-06,Mỹ phẩm,Cần Thơ,1950000.0,Delivered,2,5.0,1950000.0
ORD01496,2023-02-03,2023-02,Điện thoại & Phụ kiện,Hà Nội,240000.0,Delivered,7,1.0,240000.0
ORD01497,2023-09-08,2023-09,Điện thoại & Phụ kiện,Hải Phòng,4980000.0,Delivered,10,1.0,4980000.0
ORD01498,2023-09-04,2023-09,Thời trang,TP.HCM,4100000.0,Returned,7,0.0,0.0
ORD01499,2023-09-26,2023-09,Thời trang,Hải Phòng,2880000.0,Delivered,3,4.0,2880000.0
ORD01500,2023-05-21,2023-05,Thời trang,Hà Nội,2030000.0,Delivered,1,3.0,2030000.0
ORD01501,2023-10-01,2023-10,Điện thoại & Phụ kiện,Cần Thơ,2070000.0,Canceled,8,0.0,0.0
ORD01502,2023-04-06,2023-04,Điện thoại & Phụ kiện,Hải Phòng,3580000.0,Delivered,13,2.0,3580000.0
ORD01503,2023-08-15,2023-08,Thời trang,TP.HCM,4200000.0,Canceled,13,0.0,0.0
ORD01504,2023-02-08,2023-02,Nhà cửa & Đời sống,Cần Thơ,4300000.0,Delivered,10,2.0,4300000.0
ORD01505,2023-10-29,2023-10,Mỹ phẩm,TP.HCM,3140000.0,Delivered,11,2.0,3140000.0
ORD01506,2023-01-29,2023-01,Nhà cửa & Đời sống,Đà Nẵng,730000.0,Delivered,11,2.0,730000.0
ORD01507,2023-11-14,2023-11,Mỹ phẩm,TP.HCM,2990000.0,Returned,10,0.0,0.0
ORD01508,2023-09-02,2023-09,Thời trang,Cần Thơ,270000.0,Delivered,7,2.0,270000.0
ORD01509,2023-08-24,2023-08,Điện thoại & Phụ kiện,Đà Nẵng,730000.0,Delivered,10,1.0,730000.0
ORD01510,2023-07-04,2023-07,Thời trang,Cần Thơ,3710000.0,Delivered,8,4.0,3710000.0
ORD01511,2023-09-29,2023-09,Thời trang,Cần Thơ,3390000.0,Delivered,1,5.0,3390000.0
ORD01512,2023-08-24,2023-08,Thời trang,Đà Nẵng,3670000.0,Delivered,3,5.0,3670000.0
ORD01513,2023-08-27,2023-08,Thời trang,TP.HCM,2600000.0,Delivered,13,2.0,2600000.0
ORD01514,2023-09-23,2023-09,Thời trang,Hà Nội,4370000.0,Delivered,2,5.0,4370000.0
ORD01515,2023-12-25,2023-12,Điện thoại & Phụ kiện,Hà Nội,260000.0,Delivered,1,1.0,260000.0
ORD01516,2023-12-06,2023-12,Thời trang,Hà Nội,4520000.0,Canceled,5,0.0,0.0
ORD01517,2023-03-06,2023-03,Điện thoại & Phụ kiện,Hà Nội,1500000.0,Delivered,3,2.0,1500000.0
ORD01518,2023-06-26,2023-06,Mỹ phẩm,Hải Phòng,3170000.0,Canceled,10,0.0,0.0
ORD01519,2023-01-03,2023-01,Điện thoại & Phụ kiện,Hà Nội,4530000.0,Delivered,8,5.0,4530000.0
ORD01520,2023-05-22,2023-05,Điện thoại & Phụ kiện,Đà Nẵng,4350000.0,Delivered,6,5.0,4350000.0
ORD01521,2023-06-07,2023-06,Thời trang,Hà Nội,4840000.0,Delivered,10,2.0,4840000.0
ORD01522,2023-11-20,2023-11,Thời trang,Cần Thơ,3290000.0,Delivered,9,5.0,3290000.0
ORD01523,2023-05-26,2023-05,Thời trang,Hà Nội,2540000.0,Delivered,9,5.0,2540000.0
ORD01524,2023-10-20,2023-10,Điện thoại & Phụ kiện,TP.HCM,4590000.0,Delivered,11,3.0,4590000.0
ORD01525,2023-06-02,2023-06,Thời trang,Đà Nẵng,2990000.0,Delivered,6,1.0,2990000.0
ORD01526,2023-07-12,2023-07,Điện thoại & Phụ kiện,Đà Nẵng,3600000.0,Delivered,2,2.0,3600000.0
ORD01527,2023-03-14,2023-03,Nhà cửa & Đời sống,Hải Phòng,960000.0,Delivered,9,2.0,960000.0
ORD01528,2023-11-01,2023-11,Nhà cửa & Đời sống,Cần Thơ,2080000.0,Delivered,2,3.0,2080000.0
ORD01529,2023-12-10,2023-12,Thời trang,Đà Nẵng,3670000.0,Delivered,3,3.0,3670000.0
ORD01530,2023-05-20,2023-05,Điện thoại & Phụ kiện,TP.HCM,4570000.0,Delivered,6,1.0,4570000.0
ORD01531,2023-07-06,2023-07,Mỹ phẩm,Hà Nội,1700000.0,Delivered,2,4.0,1700000.0
ORD01532,2023-10-20,2023-10,Điện thoại & Phụ kiện,Đà Nẵng,1490000.0,Delivered,5,2.0,1490000.0
ORD01533,2023-03-02,2023-03,Thời trang,TP.HCM,850000.0,Delivered,2,5.0,850000.0
ORD01534,2023-07-17,2023-07,Điện thoại & Phụ kiện,Hà Nội,280000.0,Delivered,12,1.0,280000.0
ORD01535,2023-10-22,2023-10,Nhà cửa & Đời sống,Hải Phòng,4020000.0,Canceled,4,0.0,0.0
ORD01536,2023-11-15,2023-11,Điện thoại & Phụ kiện,Đà Nẵng,3390000.0,Delivered,11,1.0,3390000.0
ORD01537,2023-10-29,2023-10,Thời trang,Đà Nẵng,4100000.0,Delivered,11,4.0,4100000.0
ORD01538,2023-12-10,2023-12,Mỹ phẩm,TP.HCM,590000.0,Returned,3,0.0,0.0
ORD01539,2023-01-11,2023-01,Thời trang,Cần Thơ,2410000.0,Delivered,5,5.0,2410000.0
ORD01540,2023-03-03,2023-03,Điện thoại & Phụ kiện,Hải Phòng,3040000.0,Delivered,6,2.0,3040000.0
ORD01541,2023-11-29,2023-11,Nhà cửa & Đời sống,Cần Thơ,4340000.0,Delivered,13,1.0,4340000.0
ORD01542,2023-08-14,2023-08,Thời trang,Đà Nẵng,4030000.0,Delivered,7,4.0,4030000.0
ORD01543,2023-06-02,2023-06,Thời trang,Cần Thơ,210000.0,Delivered,10,1.0,210000.0
ORD01544,2023-07-18,2023-07,Điện thoại & Phụ kiện,Hà Nội,3440000.0,Delivered,8,1.0,3440000.0
ORD01545,2023-02-21,2023-02,Thời trang,Hải Phòng,4880000.0,Canceled,9,0.0,0.0
ORD01546,2023-09-17,2023-09,Thời trang,Cần Thơ,240000.0,Delivered,4,1.0,240000.0
ORD01547,2023-02-28,2023-02,Điện thoại & Phụ kiện,Hà Nội,370000.0,Delivered,4,4.0,370000.0
ORD01548,2023-03-13,2023-03,Điện thoại & Phụ kiện,TP.HCM,3970000.0,Delivered,7,5.0,3970000.0
ORD01549,2023-05-28,2023-05,Mỹ phẩm,Cần Thơ,3010000.0,Delivered,12,3.0,3010000.0
ORD01550,2023-12-15,2023-12,Điện thoại & Phụ kiện,Hải Phòng,3840000.0,Delivered,10,1.0,3840000.0
ORD01551,2023-03-04,2023-03,Điện thoại & Phụ kiện,Hà Nội,3300000.0,Canceled,10,0.0,0.0
ORD01552,2023-11-06,2023-11,Thời trang,Cần Thơ,2590000.0,Delivered,11,3.0,2590000.0
ORD01553,2023-08-31,2023-08,Mỹ phẩm,TP.HCM,1070000.0,Delivered,9,4.0,1070000.0
ORD01554,2023-11-26,2023-11,Điện thoại & Phụ kiện,Cần Thơ,3120000.0,Delivered,11,2.0,3120000.0
ORD01555,2023-04-17,2023-04,Thời trang,Hà Nội,3460000.0,Returned,2,0.0,0.0
ORD01556,2023-08-14,2023-08,Điện thoại & Phụ kiện,Cần Thơ,480000.0,Delivered,13,2.0,480000.0
ORD01557,2023-11-09,2023-11,Điện thoại & Phụ kiện,Hải Phòng,470000.0,Delivered,11,5.0,470000.0
ORD01558,2023-08-06,2023-08,Điện thoại & Phụ kiện,Đà Nẵng,3090000.0,Delivered,6,4.0,3090000.0
ORD01559,2023-08-29,2023-08,Mỹ phẩm,Hà Nội,1880000.0,Canceled,10,0.0,0.0
ORD01560,2023-09-16,2023-09,Điện thoại & Phụ kiện,Hà Nội,1060000.0,Delivered,10,4.0,1060000.0
ORD01561,2023-09-19,2023-09,Điện thoại & Phụ kiện,Hà Nội,3890000.0,Canceled,8,0.0,0.0
ORD01562,2023-01-05,2023-01,Thời trang,Hà Nội,4780000.0,Returned,13,0.0,0.0
ORD01563,2023-09-18,2023-09,Mỹ phẩm,Cần Thơ,2910000.0,Delivered,5,4.0,2910000.0
ORD01564,2023-02-23,2023-02,Điện thoại & Phụ kiện,Hải Phòng,2470000.0,Delivered,5,2.0,2470000.0
ORD01565,2023-02-16,2023-02,Thời trang,TP.HCM,1730000.0,Delivered,8,4.0,1730000.0
ORD01566,2023-08-03,2023-08,Điện thoại & Phụ kiện,Hải Phòng,4620000.0,Delivered,1,5.0,4620000.0
ORD01567,2023-06-26,2023-06,Thời trang,Hà Nội,1060000.0,Delivered,6,1.0,1060000.0
ORD01568,2023-01-09,2023-01,Thời trang,Cần Thơ,2660000.0,Canceled,10,0.0,0.0
ORD01569,2023-04-09,2023-04,Thời trang,Cần Thơ,3180000.0,Delivered,13,2.0,3180000.0
ORD01570,2023-01-20,2023-01,Điện thoại & Phụ kiện,Hà Nội,2710000.0,Delivered,9,4.0,2710000.0
ORD01571,2023-08-29,2023-08,Điện thoại & Phụ kiện,Cần Thơ,3020000.0,Canceled,12,0.0,0.0
ORD01572,2023-03-02,2023-03,Điện thoại & Phụ kiện,Hà Nội,2670000.0,Delivered,6,4.0,2670000.0
ORD01573,2023-06-27,2023-06,Điện thoại & Phụ kiện,Hải Phòng,2580000.0,Delivered,7,3.0,2580000.0
ORD01574,2023-12-04,2023-12,Điện thoại & Phụ kiện,Đà Nẵng,2540000.0,Delivered,4,1.0,2540000.0
ORD01575,2023-03-03,2023-03,Mỹ phẩm,Cần Thơ,2600000.0,Delivered,12,5.0,2600000.0
ORD01576,2023-05-25,2023-05,Nhà cửa & Đời sống,Hà Nội,1320000.0,Returned,10,0.0,0.0
ORD01577,2023-08-04,2023-08,Nhà cửa & Đời sống,Hà Nội,3340000.0,Delivered,1,2.0,3340000.0
ORD01578,2023-01-03,2023-01,Mỹ phẩm,Cần Thơ,4830000.0,Canceled,9,0.0,0.0
ORD01579,2023-06-09,2023-06,Thời trang,TP.HCM,1780000.0,Delivered,12,1.0,1780000.0
ORD01580,2023-08-15,2023-08,Mỹ phẩm,Hà Nội,4440000.0,Delivered,6,3.0,4440000.0
ORD01581,2023-09-26,2023-09,Điện thoại & Phụ kiện,Cần Thơ,1840000.0,Delivered,3,4.0,1840000.0
ORD01582,2023-04-30,2023-04,Thời trang,Hà Nội,2780000.0,Delivered,4,1.0,2780000.0
ORD01583,2023-03-30,2023-03,Thời trang,TP.HCM,2130000.0,Delivered,10,4.0,2130000.0
ORD01584,2023-11-25,2023-11,Thời trang,Đà Nẵng,3340000.0,Delivered,12,3.0,3340000.0
ORD01585,2023-03-09,2023-03,Mỹ phẩm,TP.HCM,750000.0,Delivered,6,2.0,750000.0
ORD01586,2023-12-23,2023-12,Điện thoại & Phụ kiện,Hải Phòng,3240000.0,Delivered,6,2.0,3240000.0
ORD01587,2023-04-08,2023-04,Điện thoại & Phụ kiện,Cần Thơ,3330000.0,Delivered,12,4.0,3330000.0
ORD01588,2023-09-24,2023-09,Nhà cửa & Đời sống,TP.HCM,680000.0,Delivered,9,4.0,680000.0
ORD01589,2023-04-15,2023-04,Điện thoại & Phụ kiện,Đà Nẵng,2280000.0,Delivered,4,1.0,2280000.0
ORD01590,2023-11-19,2023-11,Thời trang,Hà Nội,3820000.0,Delivered,5,3.0,3820000.0
ORD01591,2023-05-03,2023-05,Nhà cửa & Đời sống,Cần Thơ,2750000.0,Returned,5,0.0,0.0
ORD01592,2023-01-29,2023-01,Thời trang,TP.HCM,1500000.0,Returned,3,0.0,0.0
ORD01593,2023-05-17,2023-05,Thời trang,Đà Nẵng,2450000.0,Canceled,2,0.0,0.0
ORD01594,2023-07-14,2023-07,Điện thoại & Phụ kiện,TP.HCM,3950000.0,Delivered,8,1.0,3950000.0
ORD01595,2023-08-14,2023-08,Điện thoại & Phụ kiện,Hải Phòng,2270000.0,Delivered,10,4.0,2270000.0
ORD01596,2023-11-28,2023-11,Mỹ phẩm,Cần Thơ,240000.0,Delivered,9,5.0,240000.0
ORD01597,2023-06-19,2023-06,Thời trang,Hà Nội,3110000.0,Canceled,10,0.0,0.0
ORD01598,2023-01-09,2023-01,Thời trang,Đà Nẵng,4500000.0,Delivered,11,3.0,4500000.0
ORD01599,2023-02-09,2023-02,Điện thoại & Phụ kiện,TP.HCM,1470000.0,Delivered,13,2.0,1470000.0
ORD01600,2023-01-25,2023-01,Điện thoại & Phụ kiện,Cần Thơ,4150000.0,Canceled,9,0.0,0.0
ORD01601,2023-09-18,2023-09,Nhà cửa & Đời sống,TP.HCM,2410000.0,Delivered,5,3.0,2410000.0
ORD01602,2023-08-14,2023-08,Điện thoại & Phụ kiện,Cần Thơ,980000.0,Delivered,11,1.0,980000.0
ORD01603,2023-05-04,2023-05,Thời trang,Hải Phòng,4720000.0,Delivered,9,4.0,4720000.0
ORD01604,2023-02-07,2023-02,Điện thoại & Phụ kiện,TP.HCM,860000.0,Delivered,4,4.0,860000.0
ORD01605,2023-11-24,2023-11,Thời trang,Hải Phòng,1450000.0,Delivered,2,3.0,1450000.0
ORD01606,2023-09-08,2023-09,Nhà cửa & Đời sống,Đà Nẵng,4140000.0,Delivered,3,4.0,4140000.0
ORD01607,2023-06-25,2023-06,Thời trang,Hải Phòng,4780000.0,Returned,1,0.0,0.0
ORD01608,2023-03-31,2023-03,Điện thoại & Phụ kiện,Cần Thơ,4150000.0,Delivered,5,3.0,4150000.0
ORD01609,2023-02-06,2023-02,Thời trang,Đà Nẵng,1190000.0,Delivered,1,3.0,1190000.0
ORD01610,2023-11-12,2023-11,Mỹ phẩm,TP.HCM,3620000.0,Delivered,12,4.0,3620000.0
ORD01611,2023-06-25,2023-06,Thời trang,TP.HCM,3100000.0,Delivered,11,3.0,3100000.0
ORD01612,2023-10-11,2023-10,Mỹ phẩm,Cần Thơ,1000000.0,Returned,1,0.0,0.0
ORD01613,2023-03-22,2023-03,Thời trang,Hà Nội,4330000.0,Delivered,11,5.0,4330000.0
ORD01614,2023-04-24,2023-04,Mỹ phẩm,Hà Nội,3790000.0,Canceled,11,0.0,0.0
ORD01615,2023-02-09,2023-02,Thời trang,TP.HCM,4150000.0,Delivered,13,4.0,4150000.0
ORD01616,2023-10-28,2023-10,Điện thoại & Phụ kiện,Cần Thơ,4230000.0,Delivered,7,2.0,4230000.0
ORD01617,2023-08-12,2023-08,Điện thoại & Phụ kiện,Hà Nội,1990000.0,Returned,2,0.0,0.0
ORD01618,2023-11-14,2023-11,Điện thoại & Phụ kiện,Hải Phòng,820000.0,Delivered,8,4.0,820000.0
ORD01619,2023-12-15,2023-12,Nhà cửa & Đời sống,TP.HCM,1820000.0,Delivered,6,4.0,1820000.0
ORD01620,2023-04-25,2023-04,Mỹ phẩm,Hải Phòng,440000.0,Delivered,4,3.0,440000.0
ORD01621,2023-07-05,2023-07,Thời trang,Cần Thơ,2190000.0,Canceled,9,0.0,0.0
ORD01622,2023-11-19,2023-11,Điện thoại & Phụ kiện,Hải Phòng,3070000.0,Canceled,10,0.0,0.0
ORD01623,2023-02-25,2023-02,Điện thoại & Phụ kiện,Hà Nội,1420000.0,Canceled,8,0.0,0.0
ORD01624,2023-02-09,2023-02,Mỹ phẩm,Hà Nội,2920000.0,Delivered,13,5.0,2920000.0
ORD01625,2023-12-20,2023-12,Thời trang,Đà Nẵng,2070000.0,Delivered,10,5.0,2070000.0
ORD01626,2023-02-09,2023-02,Điện thoại & Phụ kiện,TP.HCM,4550000.0,Delivered,3,2.0,4550000.0
ORD01627,2023-12-13,2023-12,Thời trang,Cần Thơ,410000.0,Delivered,3,5.0,410000.0
ORD01628,2023-08-25,2023-08,Điện thoại & Phụ kiện,TP.HCM,1450000.0,Delivered,4,3.0,1450000.0
ORD01629,2023-10-16,2023-10,Điện thoại & Phụ kiện,Hải Phòng,2570000.0,Delivered,9,3.0,2570000.0
ORD01630,2023-09-19,2023-09,Thời trang,Cần Thơ,3680000.0,Delivered,9,2.0,3680000.0
ORD01631,2023-08-04,2023-08,Điện thoại & Phụ kiện,Cần Thơ,3500000.0,Delivered,5,3.0,3500000.0
ORD01632,2023-05-27,2023-05,Nhà cửa & Đời sống,Hà Nội,1550000.0,Canceled,12,0.0,0.0
ORD01633,2023-12-02,2023-12,Điện thoại & Phụ kiện,Hải Phòng,3430000.0,Returned,9,0.0,0.0
ORD01634,2023-06-17,2023-06,Điện thoại & Phụ kiện,Hà Nội,1520000.0,Delivered,6,5.0,1520000.0
ORD01635,2023-04-02,2023-04,Điện thoại & Phụ kiện,Hà Nội,2430000.0,Delivered,8,4.0,2430000.0
ORD01636,2023-12-19,2023-12,Mỹ phẩm,Đà Nẵng,4190000.0,Delivered,11,2.0,4190000.0
ORD01637,2023-02-28,2023-02,Thời trang,Hà Nội,4460000.0,Delivered,8,5.0,4460000.0
ORD01638,2023-02-28,2023-02,Thời trang,TP.HCM,530000.0,Delivered,12,5.0,530000.0
ORD01639,2023-10-31,2023-10,Điện thoại & Phụ kiện,Cần Thơ,410000.0,Returned,10,0.0,0.0
ORD01640,2023-06-18,2023-06,Điện thoại & Phụ kiện,Hà Nội,2400000.0,Delivered,7,5.0,2400000.0
ORD01641,2023-09-26,2023-09,Thời trang,TP.HCM,370000.0,Delivered,4,5.0,370000.0
ORD01642,2023-12-29,2023-12,Mỹ phẩm,Hải Phòng,4320000.0,Delivered,4,2.0,4320000.0
ORD01643,2023-02-14,2023-02,Mỹ phẩm,Cần Thơ,1690000.0,Delivered,6,3.0,1690000.0
ORD01644,2023-12-11,2023-12,Điện thoại & Phụ kiện,Hải Phòng,3420000.0,Delivered,9,5.0,3420000.0
ORD01645,2023-06-30,2023-06,Thời trang,TP.HCM,2160000.0,Delivered,7,4.0,2160000.0
ORD01646,2023-06-19,2023-06,Nhà cửa & Đời sống,Hải Phòng,270000.0,Delivered,5,2.0,270000.0
ORD01647,2023-12-22,2023-12,Điện thoại & Phụ kiện,Hải Phòng,1120000.0,Delivered,5,1.0,1120000.0
ORD01648,2023-07-10,2023-07,Mỹ phẩm,Hải Phòng,790000.0,Delivered,8,3.0,790000.0
ORD01649,2023-06-04,2023-06,Điện thoại & Phụ kiện,Hà Nội,1280000.0,Delivered,6,4.0,1280000.0
ORD01650,2023-07-07,2023-07,Nhà cửa & Đời sống,Hà Nội,1480000.0,Delivered,1,5.0,1480000.0
ORD01651,2023-01-07,2023-01,Mỹ phẩm,Hà Nội,1690000.0,Delivered,1,2.0,1690000.0
ORD01652,2023-05-13,2023-05,Nhà cửa & Đời sống,Cần Thơ,2410000.0,Returned,9,0.0,0.0
ORD01653,2023-08-23,2023-08,Thời trang,TP.HCM,1570000.0,Delivered,8,5.0,1570000.0
ORD01654,2023-02-14,2023-02,Điện thoại & Phụ kiện,Hà Nội,3620000.0,Delivered,6,4.0,3620000.0
ORD01655,2023-11-10,2023-11,Nhà cửa & Đời sống,Hải Phòng,4330000.0,Canceled,13,0.0,0.0
ORD01656,2023-09-06,2023-09,Điện thoại & Phụ kiện,Hải Phòng,4010000.0,Delivered,1,3.0,4010000.0
ORD01657,2023-01-31,2023-01,Điện thoại & Phụ kiện,Hải Phòng,2520000.0,Canceled,2,0.0,0.0
ORD01658,2023-01-23,2023-01,Mỹ phẩm,Hải Phòng,440000.0,Returned,10,0.0,0.0
ORD01659,2023-06-09,2023-06,Mỹ phẩm,Đà Nẵng,3340000.0,Delivered,3,4.0,3340000.0
ORD01660,2023-12-29,2023-12,Nhà cửa & Đời sống,Cần Thơ,3910000.0,Canceled,10,0.0,0.0
ORD01661,2023-06-07,2023-06,Điện thoại & Phụ kiện,TP.HCM,3640000.0,Delivered,12,1.0,3640000.0
ORD01662,2023-02-08,2023-02,Mỹ phẩm,TP.HCM,2480000.0,Delivered,3,5.0,2480000.0
ORD01663,2023-03-23,2023-03,Mỹ phẩm,Hà Nội,3430000.0,Canceled,2,0.0,0.0
ORD01664,2023-12-22,2023-12,Điện thoại & Phụ kiện,Đà Nẵng,1580000.0,Returned,12,0.0,0.0
ORD01665,2023-09-15,2023-09,Điện thoại & Phụ kiện,TP.HCM,1200000.0,Delivered,2,1.0,1200000.0
ORD01666,2023-07-25,2023-07,Điện thoại & Phụ kiện,Cần Thơ,4170000.0,Delivered,6,5.0,4170000.0
ORD01667,2023-03-18,2023-03,Điện thoại & Phụ kiện,Hải Phòng,260000.0,Delivered,7,5.0,260000.0
ORD01668,2023-01-12,2023-01,Nhà cửa & Đời sống,Hà Nội,4110000.0,Delivered,4,3.0,4110000.0
ORD01669,2023-10-22,2023-10,Thời trang,Cần Thơ,2350000.0,Delivered,1,1.0,2350000.0
ORD01670,2023-08-12,2023-08,Mỹ phẩm,TP.HCM,1490000.0,Returned,6,0.0,0.0
ORD01671,2023-01-13,2023-01,Nhà cửa & Đời sống,Đà Nẵng,1530000.0,Delivered,7,5.0,1530000.0
ORD01672,2023-02-15,2023-02,Điện thoại & Phụ kiện,Hà Nội,2690000.0,Delivered,4,2.0,2690000.0
ORD01673,2023-06-04,2023-06,Mỹ phẩm,TP.HCM,2260000.0,Delivered,6,5.0,2260000.0
ORD01674,2023-04-23,2023-04,Thời trang,Hà Nội,1710000.0,Delivered,9,3.0,1710000.0
ORD01675,2023-08-21,2023-08,Mỹ phẩm,TP.HCM,1010000.0,Delivered,4,2.0,1010000.0
ORD01676,2023-01-17,2023-01,Điện thoại & Phụ kiện,Hải Phòng,1830000.0,Delivered,12,1.0,1830000.0
ORD01677,2023-12-26,2023-12,Nhà cửa & Đời sống,Đà Nẵng,3400000.0,Canceled,10,0.0,0.0
ORD01678,2023-08-11,2023-08,Điện thoại & Phụ kiện,Hải Phòng,2140000.0,Delivered,4,3.0,2140000.0
ORD01679,2023-12-20,2023-12,Điện thoại & Phụ kiện,TP.HCM,4240000.0,Delivered,10,1.0,4240000.0
ORD01680,2023-07-07,2023-07,Mỹ phẩm,Cần Thơ,1620000.0,Delivered,12,2.0,1620000.0
ORD01681,2023-12-10,2023-12,Điện thoại & Phụ kiện,Hải Phòng,1120000.0,Delivered,5,4.0,1120000.0
ORD01682,2023-12-31,2023-12,Thời trang,Cần Thơ,2110000.0,Delivered,3,1.0,2110000.0
ORD01683,2023-06-12,2023-06,Thời trang,TP.HCM,2890000.0,Canceled,10,0.0,0.0
ORD01684,2023-11-22,2023-11,Mỹ phẩm,Đà Nẵng,740000.0,Delivered,2,2.0,740000.0
ORD01685,2023-03-15,2023-03,Điện thoại & Phụ kiện,Cần Thơ,1260000.0,Delivered,9,3.0,1260000.0
ORD01686,2023-08-21,2023-08,Điện thoại & Phụ kiện,TP.HCM,1620000.0,Canceled,13,0.0,0.0
ORD01687,2023-08-12,2023-08,Điện thoại & Phụ kiện,Cần Thơ,1650000.0,Returned,1,0.0,0.0
ORD01688,2023-11-15,2023-11,Thời trang,Hải Phòng,1730000.0,Delivered,5,5.0,1730000.0
ORD01689,2023-03-01,2023-03,Điện thoại & Phụ kiện,TP.HCM,910000.0,Delivered,5,3.0,910000.0
ORD01690,2023-12-01,2023-12,Điện thoại & Phụ kiện,Hải Phòng,150000.0,Delivered,8,2.0,150000.0
ORD01691,2023-08-10,2023-08,Điện thoại & Phụ kiện,Hà Nội,3310000.0,Delivered,6,3.0,3310000.0
ORD01692,2023-02-06,2023-02,Điện thoại & Phụ kiện,TP.HCM,760000.0,Delivered,6,5.0,760000.0
ORD01693,2023-10-05,2023-10,Thời trang,Cần Thơ,2470000.0,Returned,6,0.0,0.0
ORD01694,2023-07-15,2023-07,Mỹ phẩm,Hà Nội,810000.0,Delivered,4,1.0,810000.0
ORD01695,2023-12-18,2023-12,Điện thoại & Phụ kiện,Hải Phòng,1040000.0,Delivered,1,1.0,1040000.0
ORD01696,2023-08-30,2023-08,Thời trang,Hải Phòng,3130000.0,Delivered,3,1.0,3130000.0
ORD01697,2023-11-20,2023-11,Thời trang,Cần Thơ,4760000.0,Returned,13,0.0,0.0
ORD01698,2023-08-07,2023-08,Thời trang,Hà Nội,3350000.0,Delivered,13,3.0,3350000.0
ORD01699,2023-07-11,2023-07,Mỹ phẩm,Đà Nẵng,870000.0,Delivered,10,3.0,870000.0
ORD01700,2023-01-17,2023-01,Thời trang,Cần Thơ,760000.0,Canceled,12,0.0,0.0
ORD01701,2023-01-12,2023-01,Thời trang,Hải Phòng,1850000.0,Delivered,11,4.0,1850000.0
ORD01702,2023-07-12,2023-07,Điện thoại & Phụ kiện,TP.HCM,3300000.0,Delivered,6,3.0,3300000.0
ORD01703,2023-01-22,2023-01,Thời trang,Hà Nội,1810000.0,Delivered,5,2.0,1810000.0
ORD01704,2023-04-30,2023-04,Thời trang,Đà Nẵng,4870000.0,Returned,10,0.0,0.0
ORD01705,2023-07-29,2023-07,Điện thoại & Phụ kiện,TP.HCM,2640000.0,Returned,1,0.0,0.0
ORD01706,2023-11-02,2023-11,Điện thoại & Phụ kiện,Hà Nội,720000.0,Delivered,5,3.0,720000.0
ORD01707,2023-09-27,2023-09,Nhà cửa & Đời sống,Cần Thơ,3110000.0,Delivered,2,5.0,3110000.0
ORD01708,2023-07-11,2023-07,Thời trang,Cần Thơ,4120000.0,Delivered,1,5.0,4120000.0
ORD01709,2023-06-24,2023-06,Thời trang,Hà Nội,2550000.0,Delivered,4,3.0,2550000.0
ORD01710,2023-10-12,2023-10,Nhà cửa & Đời sống,Đà Nẵng,2010000.0,Delivered,6,5.0,2010000.0
ORD01711,2023-07-23,2023-07,Mỹ phẩm,Hà Nội,4760000.0,Delivered,7,2.0,4760000.0
ORD01712,2023-06-13,2023-06,Thời trang,TP.HCM,3380000.0,Canceled,9,0.0,0.0
ORD01713,2023-09-08,2023-09,Mỹ phẩm,TP.HCM,800000.0,Delivered,5,3.0,800000.0
ORD01714,2023-08-15,2023-08,Mỹ phẩm,Cần Thơ,3750000.0,Delivered,8,1.0,3750000.0
ORD01715,2023-01-07,2023-01,Thời trang,Hà Nội,2380000.0,Returned,8,0.0,0.0
ORD01716,2023-01-29,2023-01,Thời trang,Cần Thơ,4430000.0,Delivered,11,1.0,4430000.0
ORD01717,2023-02-02,2023-02,Điện thoại & Phụ kiện,Đà Nẵng,720000.0,Delivered,9,5.0,720000.0
ORD01718,2023-05-14,2023-05,Nhà cửa & Đời sống,TP.HCM,3060000.0,Delivered,3,5.0,3060000.0
ORD01719,2023-03-20,2023-03,Thời trang,Hải Phòng,2540000.0,Canceled,3,0.0,0.0
ORD01720,2023-02-27,2023-02,Điện thoại & Phụ kiện,Hải Phòng,160000.0,Delivered,9,1.0,160000.0
ORD01721,2023-01-26,2023-01,Mỹ phẩm,Hà Nội,4020000.0,Canceled,7,0.0,0.0
ORD01722,2023-08-14,2023-08,Thời trang,Hà Nội,2690000.0,Delivered,4,1.0,2690000.0
ORD01723,2023-10-12,2023-10,Điện thoại & Phụ kiện,Hải Phòng,980000.0,Delivered,1,5.0,980000.0
ORD01724,2023-01-04,2023-01,Thời trang,Hà Nội,1860000.0,Delivered,7,5.0,1860000.0
ORD01725,2023-04-09,2023-04,Thời trang,TP.HCM,2130000.0,Returned,10,0.0,0.0
ORD01726,2023-02-08,2023-02,Mỹ phẩm,Đà Nẵng,1430000.0,Delivered,6,5.0,1430000.0
ORD01727,2023-09-28,2023-09,Điện thoại & Phụ kiện,Đà Nẵng,910000.0,Delivered,3,1.0,910000.0
ORD01728,2023-10-12,2023-10,Mỹ phẩm,Cần Thơ,4970000.0,Returned,5,0.0,0.0
ORD01729,2023-06-06,2023-06,Thời trang,TP.HCM,300000.0,Delivered,3,3.0,300000.0
ORD01730,2023-03-16,2023-03,Điện thoại & Phụ kiện,Hà Nội,4080000.0,Canceled,8,0.0,0.0
ORD01731,2023-10-15,2023-10,Nhà cửa & Đời sống,Hà Nội,1370000.0,Delivered,5,2.0,1370000.0
ORD01732,2023-05-10,2023-05,Thời trang,Cần Thơ,2040000.0,Delivered,10,3.0,2040000.0
ORD01733,2023-06-24,2023-06,Điện thoại & Phụ kiện,Cần Thơ,2030000.0,Delivered,10,1.0,2030000.0
ORD01734,2023-03-25,2023-03,Thời trang,Hà Nội,1930000.0,Canceled,6,0.0,0.0
ORD01735,2023-01-22,2023-01,Mỹ phẩm,Hà Nội,2560000.0,Delivered,2,5.0,2560000.0
ORD01736,2023-01-27,2023-01,Điện thoại & Phụ kiện,TP.HCM,3700000.0,Delivered,8,5.0,3700000.0
ORD01737,2023-07-14,2023-07,Điện thoại & Phụ kiện,Cần Thơ,3690000.0,Canceled,9,0.0,0.0
ORD01738,2023-12-03,2023-12,Điện thoại & Phụ kiện,TP.HCM,3330000.0,Delivered,3,2.0,3330000.0
ORD01739,2023-08-24,2023-08,Điện thoại & Phụ kiện,Hà Nội,1690000.0,Delivered,13,2.0,1690000.0
ORD01740,2023-04-02,2023-04,Mỹ phẩm,Hải Phòng,2030000.0,Delivered,6,1.0,2030000.0
ORD01741,2023-01-21,2023-01,Thời trang,Hải Phòng,1190000.0,Delivered,6,1.0,1190000.0
ORD01742,2023-10-30,2023-10,Điện thoại & Phụ kiện,Hà Nội,4220000.0,Delivered,2,5.0,4220000.0
ORD01743,2023-12-23,2023-12,Điện thoại & Phụ kiện,Cần Thơ,750000.0,Canceled,10,0.0,0.0
ORD01744,2023-03-25,2023-03,Điện thoại & Phụ kiện,Hải Phòng,4270000.0,Canceled,8,0.0,0.0
ORD01745,2023-09-19,2023-09,Nhà cửa & Đời sống,Cần Thơ,2630000.0,Delivered,5,4.0,2630000.0
ORD01746,2023-05-27,2023-05,Điện thoại & Phụ kiện,Hải Phòng,2920000.0,Delivered,11,2.0,2920000.0
ORD01747,2023-09-14,2023-09,Nhà cửa & Đời sống,Cần Thơ,690000.0,Delivered,11,5.0,690000.0
ORD01748,2023-02-27,2023-02,Thời trang,Hải Phòng,1270000.0,Returned,8,0.0,0.0
ORD01749,2023-01-15,2023-01,Điện thoại & Phụ kiện,Cần Thơ,4320000.0,Delivered,13,5.0,4320000.0
ORD01750,2023-06-11,2023-06,Mỹ phẩm,TP.HCM,530000.0,Returned,8,0.0,0.0
ORD01751,2023-06-12,2023-06,Thời trang,Cần Thơ,4950000.0,Canceled,12,0.0,0.0
ORD01752,2023-11-16,2023-11,Mỹ phẩm,TP.HCM,2190000.0,Delivered,3,4.0,2190000.0
ORD01753,2023-10-08,2023-10,Nhà cửa & Đời sống,TP.HCM,450000.0,Delivered,5,4.0,450000.0
ORD01754,2023-10-07,2023-10,Điện thoại & Phụ kiện,Hà Nội,280000.0,Delivered,7,2.0,280000.0
ORD01755,2023-01-12,2023-01,Điện thoại & Phụ kiện,TP.HCM,1000000.0,Delivered,5,1.0,1000000.0
ORD01756,2023-10-01,2023-10,Mỹ phẩm,Đà Nẵng,3100000.0,Delivered,6,5.0,3100000.0
ORD01757,2023-09-28,2023-09,Điện thoại & Phụ kiện,TP.HCM,2210000.0,Delivered,2,3.0,2210000.0
ORD01758,2023-07-27,2023-07,Điện thoại & Phụ kiện,Cần Thơ,4140000.0,Delivered,8,2.0,4140000.0
ORD01759,2023-01-27,2023-01,Điện thoại & Phụ kiện,TP.HCM,4160000.0,Delivered,5,2.0,4160000.0
ORD01760,2023-03-13,2023-03,Điện thoại & Phụ kiện,Cần Thơ,2310000.0,Delivered,6,5.0,2310000.0
ORD01761,2023-03-01,2023-03,Mỹ phẩm,Cần Thơ,2260000.0,Delivered,1,2.0,2260000.0
ORD01762,2023-05-25,2023-05,Điện thoại & Phụ kiện,Đà Nẵng,2320000.0,Delivered,10,5.0,2320000.0
ORD01763,2023-04-03,2023-04,Thời trang,TP.HCM,4200000.0,Canceled,2,0.0,0.0
ORD01764,2023-11-05,2023-11,Thời trang,TP.HCM,1070000.0,Delivered,11,1.0,1070000.0
ORD01765,2023-01-08,2023-01,Thời trang,Hải Phòng,4650000.0,Delivered,4,2.0,4650000.0
ORD01766,2023-03-20,2023-03,Điện thoại & Phụ kiện,Hải Phòng,280000.0,Delivered,11,2.0,280000.0
ORD01767,2023-01-27,2023-01,Mỹ phẩm,Hà Nội,3060000.0,Delivered,9,3.0,3060000.0
ORD01768,2023-06-23,2023-06,Điện thoại & Phụ kiện,Cần Thơ,350000.0,Delivered,6,1.0,350000.0
ORD01769,2023-02-19,2023-02,Mỹ phẩm,Đà Nẵng,370000.0,Delivered,8,1.0,370000.0
ORD01770,2023-07-18,2023-07,Mỹ phẩm,Hải Phòng,730000.0,Returned,2,0.0,0.0
ORD01771,2023-12-15,2023-12,Thời trang,TP.HCM,3330000.0,Delivered,10,2.0,3330000.0
ORD01772,2023-06-30,2023-06,Thời trang,Hà Nội,2320000.0,Delivered,5,4.0,2320000.0
ORD01773,2023-01-24,2023-01,Thời trang,Đà Nẵng,890000.0,Canceled,12,0.0,0.0
ORD01774,2023-11-12,2023-11,Điện thoại & Phụ kiện,TP.HCM,600000.0,Delivered,12,5.0,600000.0
ORD01775,2023-02-15,2023-02,Mỹ phẩm,TP.HCM,4670000.0,Delivered,13,3.0,4670000.0
ORD01776,2023-01-15,2023-01,Mỹ phẩm,Cần Thơ,1110000.0,Canceled,1,0.0,0.0
ORD01777,2023-06-02,2023-06,Điện thoại & Phụ kiện,Cần Thơ,1850000.0,Delivered,4,5.0,1850000.0
ORD01778,2023-08-10,2023-08,Thời trang,Hải Phòng,190000.0,Delivered,10,5.0,190000.0
ORD01779,2023-07-25,2023-07,Nhà cửa & Đời sống,Hải Phòng,2460000.0,Delivered,1,4.0,2460000.0
ORD01780,2023-09-30,2023-09,Nhà cửa & Đời sống,TP.HCM,4660000.0,Canceled,11,0.0,0.0
ORD01781,2023-08-24,2023-08,Thời trang,TP.HCM,4320000.0,Returned,11,0.0,0.0
ORD01782,2023-12-06,2023-12,Thời trang,Hải Phòng,1090000.0,Canceled,9,0.0,0.0
ORD01783,2023-08-16,2023-08,Điện thoại & Phụ kiện,Hải Phòng,3870000.0,Delivered,2,3.0,3870000.0
ORD01784,2023-01-09,2023-01,Nhà cửa & Đời sống,TP.HCM,2370000.0,Canceled,7,0.0,0.0
ORD01785,2023-06-15,2023-06,Điện thoại & Phụ kiện,Đà Nẵng,4120000.0,Returned,3,0.0,0.0
ORD01786,2023-11-15,2023-11,Thời trang,TP.HCM,730000.0,Returned,2,0.0,0.0
ORD01787,2023-08-02,2023-08,Điện thoại & Phụ kiện,Đà Nẵng,3890000.0,Canceled,13,0.0,0.0
ORD01788,2023-04-27,2023-04,Điện thoại & Phụ kiện,Đà Nẵng,280000.0,Delivered,4,2.0,280000.0
ORD01789,2023-12-10,2023-12,Thời trang,TP.HCM,3410000.0,Delivered,7,2.0,3410000.0
ORD01790,2023-03-13,2023-03,Nhà cửa & Đời sống,Hà Nội,3270000.0,Delivered,7,3.0,3270000.0
ORD01791,2023-03-05,2023-03,Điện thoại & Phụ kiện,Hải Phòng,1500000.0,Delivered,9,1.0,1500000.0
ORD01792,2023-07-24,2023-07,Thời trang,Cần Thơ,340000.0,Delivered,12,4.0,340000.0
ORD01793,2023-07-28,2023-07,Điện thoại & Phụ kiện,TP.HCM,2370000.0,Returned,13,0.0,0.0
ORD01794,2023-03-13,2023-03,Điện thoại & Phụ kiện,Đà Nẵng,980000.0,Delivered,3,2.0,980000.0
ORD01795,2023-10-04,2023-10,Thời trang,TP.HCM,1010000.0,Delivered,7,3.0,1010000.0
ORD01796,2023-10-01,2023-10,Thời trang,Hải Phòng,510000.0,Delivered,6,1.0,510000.0
ORD01797,2023-11-16,2023-11,Điện thoại & Phụ kiện,Đà Nẵng,3820000.0,Delivered,10,5.0,3820000.0
ORD01798,2023-12-04,2023-12,Điện thoại & Phụ kiện,Cần Thơ,3040000.0,Delivered,7,1.0,3040000.0
ORD01799,2023-04-05,2023-04,Điện thoại & Phụ kiện,Cần Thơ,4230000.0,Delivered,7,5.0,4230000.0
ORD01800,2023-06-15,2023-06,Điện thoại & Phụ kiện,Cần Thơ,3980000.0,Canceled,10,0.0,0.0
ORD01801,2023-02-01,2023-02,Nhà cửa & Đời sống,Hà Nội,900000.0,Delivered,5,1.0,900000.0
ORD01802,2023-01-11,2023-01,Nhà cửa & Đời sống,Đà Nẵng,4110000.0,Delivered,9,1.0,4110000.0
ORD01803,2023-10-28,2023-10,Điện thoại & Phụ kiện,Đà Nẵng,1160000.0,Delivered,7,2.0,1160000.0
ORD01804,2023-08-05,2023-08,Thời trang,Hà Nội,1200000.0,Delivered,7,5.0,1200000.0
ORD01805,2023-10-16,2023-10,Nhà cửa & Đời sống,Đà Nẵng,2860000.0,Delivered,12,3.0,2860000.0
ORD01806,2023-04-12,2023-04,Điện thoại & Phụ kiện,Hà Nội,2230000.0,Delivered,3,4.0,2230000.0
ORD01807,2023-09-24,2023-09,Mỹ phẩm,TP.HCM,2400000.0,Delivered,1,5.0,2400000.0
ORD01808,2023-08-02,2023-08,Nhà cửa & Đời sống,Hải Phòng,3150000.0,Delivered,5,2.0,3150000.0
ORD01809,2023-06-28,2023-06,Điện thoại & Phụ kiện,Cần Thơ,1300000.0,Delivered,8,5.0,1300000.0
ORD01810,2023-03-29,2023-03,Điện thoại & Phụ kiện,Hà Nội,1430000.0,Returned,5,0.0,0.0
ORD01811,2023-02-10,2023-02,Nhà cửa & Đời sống,Hà Nội,3150000.0,Canceled,10,0.0,0.0
ORD01812,2023-03-17,2023-03,Thời trang,Hà Nội,2170000.0,Delivered,3,2.0,2170000.0
ORD01813,2023-02-15,2023-02,Điện thoại & Phụ kiện,TP.HCM,4590000.0,Delivered,9,2.0,4590000.0
ORD01814,2023-06-09,2023-06,Điện thoại & Phụ kiện,Hà Nội,3800000.0,Delivered,2,4.0,3800000.0
ORD01815,2023-03-21,2023-03,Thời trang,Hải Phòng,2660000.0,Delivered,3,3.0,2660000.0
ORD01816,2023-11-06,2023-11,Thời trang,Hải Phòng,1940000.0,Delivered,12,4.0,1940000.0
ORD01817,2023-03-27,2023-03,Mỹ phẩm,Cần Thơ,2950000.0,Delivered,4,1.0,2950000.0
ORD01818,2023-04-02,2023-04,Nhà cửa & Đời sống,TP.HCM,4510000.0,Delivered,10,2.0,4510000.0
ORD01819,2023-05-28,2023-05,Điện thoại & Phụ kiện,Hải Phòng,3720000.0,Returned,1,0.0,0.0
ORD01820,2023-06-10,2023-06,Thời trang,Đà Nẵng,1890000.0,Returned,11,0.0,0.0
ORD01821,2023-07-21,2023-07,Thời trang,Đà Nẵng,4300000.0,Delivered,4,2.0,4300000.0
ORD01822,2023-08-30,2023-08,Thời trang,Đà Nẵng,570000.0,Delivered,4,1.0,570000.0
ORD01823,2023-12-19,2023-12,Điện thoại & Phụ kiện,Hà Nội,960000.0,Delivered,9,2.0,960000.0
ORD01824,2023-01-02,2023-01,Nhà cửa & Đời sống,Hà Nội,3940000.0,Delivered,8,4.0,3940000.0
ORD01825,2023-08-13,2023-08,Mỹ phẩm,Đà Nẵng,280000.0,Delivered,2,3.0,280000.0
ORD01826,2023-10-16,2023-10,Thời trang,Cần Thơ,550000.0,Returned,13,0.0,0.0
ORD01827,2023-08-21,2023-08,Thời trang,Cần Thơ,4600000.0,Canceled,7,0.0,0.0
ORD01828,2023-03-18,2023-03,Điện thoại & Phụ kiện,Hà Nội,3950000.0,Delivered,6,1.0,3950000.0
ORD01829,2023-04-26,2023-04,Thời trang,Đà Nẵng,650000.0,Canceled,7,0.0,0.0
ORD01830,2023-06-03,2023-06,Thời trang,Cần Thơ,2380000.0,Delivered,11,2.0,2380000.0
ORD01831,2023-04-13,2023-04,Thời trang,Hà Nội,1540000.0,Delivered,4,4.0,1540000.0
ORD01832,2023-07-13,2023-07,Nhà cửa & Đời sống,Đà Nẵng,1010000.0,Delivered,5,5.0,1010000.0
ORD01833,2023-06-15,2023-06,Thời trang,TP.HCM,910000.0,Delivered,6,4.0,910000.0
ORD01834,2023-12-25,2023-12,Điện thoại & Phụ kiện,Đà Nẵng,2340000.0,Canceled,9,0.0,0.0
ORD01835,2023-03-31,2023-03,Mỹ phẩm,Đà Nẵng,880000.0,Canceled,2,0.0,0.0
ORD01836,2023-06-23,2023-06,Điện thoại & Phụ kiện,Hải Phòng,1590000.0,Delivered,11,1.0,1590000.0
ORD01837,2023-05-02,2023-05,Điện thoại & Phụ kiện,Hải Phòng,3700000.0,Canceled,9,0.0,0.0
ORD01838,2023-05-23,2023-05,Điện thoại & Phụ kiện,TP.HCM,2920000.0,Returned,10,0.0,0.0
ORD01839,2023-04-16,2023-04,Thời trang,TP.HCM,3200000.0,Delivered,1,5.0,3200000.0
ORD01840,2023-11-01,2023-11,Mỹ phẩm,Đà Nẵng,4940000.0,Delivered,4,4.0,4940000.0
ORD01841,2023-12-26,2023-12,Thời trang,Cần Thơ,1690000.0,Delivered,12,2.0,1690000.0
ORD01842,2023-11-13,2023-11,Mỹ phẩm,TP.HCM,3250000.0,Returned,5,0.0,0.0
ORD01843,2023-05-03,2023-05,Thời trang,Đà Nẵng,3740000.0,Delivered,9,4.0,3740000.0
ORD01844,2023-01-09,2023-01,Điện thoại & Phụ kiện,Hà Nội,4760000.0,Delivered,6,5.0,4760000.0
ORD01845,2023-09-19,2023-09,Mỹ phẩm,Hải Phòng,1650000.0,Delivered,4,2.0,1650000.0
ORD01846,2023-03-14,2023-03,Điện thoại & Phụ kiện,Cần Thơ,1650000.0,Canceled,2,0.0,0.0
ORD01847,2023-12-25,2023-12,Điện thoại & Phụ kiện,Đà Nẵng,3850000.0,Returned,5,0.0,0.0
ORD01848,2023-08-11,2023-08,Thời trang,Hà Nội,2110000.0,Delivered,8,4.0,2110000.0
ORD01849,2023-02-10,2023-02,Điện thoại & Phụ kiện,Hải Phòng,4770000.0,Delivered,8,1.0,4770000.0
ORD01850,2023-07-23,2023-07,Điện thoại & Phụ kiện,Hà Nội,4180000.0,Returned,6,0.0,0.0
ORD01851,2023-09-21,2023-09,Thời trang,Đà Nẵng,3500000.0,Delivered,11,5.0,3500000.0
ORD01852,2023-11-24,2023-11,Thời trang,TP.HCM,4710000.0,Canceled,1,0.0,0.0
ORD01853,2023-06-27,2023-06,Thời trang,Hải Phòng,3510000.0,Delivered,8,3.0,3510000.0
ORD01854,2023-12-14,2023-12,Nhà cửa & Đời sống,Hà Nội,1260000.0,Delivered,4,3.0,1260000.0
ORD01855,2023-11-14,2023-11,Thời trang,TP.HCM,1630000.0,Delivered,2,1.0,1630000.0
ORD01856,2023-03-25,2023-03,Mỹ phẩm,Cần Thơ,3730000.0,Delivered,1,3.0,3730000.0
ORD01857,2023-11-14,2023-11,Điện thoại & Phụ kiện,Đà Nẵng,3400000.0,Returned,7,0.0,0.0
ORD01858,2023-04-21,2023-04,Thời trang,Đà Nẵng,1280000.0,Returned,2,0.0,0.0
ORD01859,2023-09-08,2023-09,Mỹ phẩm,Hải Phòng,2080000.0,Canceled,13,0.0,0.0
ORD01860,2023-01-07,2023-01,Thời trang,Hà Nội,4100000.0,Delivered,4,4.0,4100000.0
ORD01861,2023-03-25,2023-03,Mỹ phẩm,Cần Thơ,4750000.0,Delivered,4,5.0,4750000.0
ORD01862,2023-07-27,2023-07,Điện thoại & Phụ kiện,Hải Phòng,2720000.0,Delivered,13,5.0,2720000.0
ORD01863,2023-11-10,2023-11,Điện thoại & Phụ kiện,Hải Phòng,1930000.0,Returned,10,0.0,0.0
ORD01864,2023-01-22,2023-01,Thời trang,Hà Nội,4570000.0,Delivered,1,1.0,4570000.0
ORD01865,2023-01-03,2023-01,Điện thoại & Phụ kiện,Cần Thơ,1570000.0,Returned,2,0.0,0.0
ORD01866,2023-05-07,2023-05,Mỹ phẩm,Hà Nội,1750000.0,Returned,1,0.0,0.0
ORD01867,2023-10-24,2023-10,Điện thoại & Phụ kiện,Đà Nẵng,840000.0,Delivered,6,5.0,840000.0
ORD01868,2023-07-07,2023-07,Nhà cửa & Đời sống,TP.HCM,2450000.0,Canceled,13,0.0,0.0
ORD01869,2023-12-28,2023-12,Nhà cửa & Đời sống,Đà Nẵng,3230000.0,Returned,3,0.0,0.0
ORD01870,2023-01-14,2023-01,Điện thoại & Phụ kiện,Đà Nẵng,2810000.0,Canceled,1,0.0,0.0
ORD01871,2023-01-12,2023-01,Điện thoại & Phụ kiện,Hải Phòng,1880000.0,Delivered,12,2.0,1880000.0
ORD01872,2023-03-28,2023-03,Mỹ phẩm,Đà Nẵng,2920000.0,Canceled,8,0.0,0.0
ORD01873,2023-01-12,2023-01,Nhà cửa & Đời sống,Cần Thơ,600000.0,Delivered,12,1.0,600000.0
ORD01874,2023-01-25,2023-01,Thời trang,Đà Nẵng,840000.0,Delivered,4,2.0,840000.0
ORD01875,2023-10-28,2023-10,Điện thoại & Phụ kiện,Cần Thơ,1530000.0,Delivered,10,3.0,1530000.0
ORD01876,2023-08-31,2023-08,Thời trang,Hà Nội,3520000.0,Delivered,7,3.0,3520000.0
ORD01877,2023-05-02,2023-05,Thời trang,Hải Phòng,1970000.0,Canceled,10,0.0,0.0
ORD01878,2023-05-27,2023-05,Điện thoại & Phụ kiện,Cần Thơ,1320000.0,Delivered,2,2.0,1320000.0
ORD01879,2023-02-24,2023-02,Mỹ phẩm,Đà Nẵng,3410000.0,Delivered,6,2.0,3410000.0
ORD01880,2023-08-26,2023-08,Điện thoại & Phụ kiện,Hải Phòng,2600000.0,Delivered,6,2.0,2600000.0
ORD01881,2023-12-22,2023-12,Điện thoại & Phụ kiện,Hải Phòng,3050000.0,Returned,7,0.0,0.0
ORD01882,2023-06-22,2023-06,Điện thoại & Phụ kiện,Cần Thơ,3320000.0,Canceled,12,0.0,0.0
ORD01883,2023-08-09,2023-08,Điện thoại & Phụ kiện,Cần Thơ,1390000.0,Delivered,1,1.0,1390000.0
ORD01884,2023-04-29,2023-04,Điện thoại & Phụ kiện,TP.HCM,2610000.0,Returned,12,0.0,0.0
ORD01885,2023-11-05,2023-11,Thời trang,TP.HCM,3670000.0,Delivered,1,1.0,3670000.0
ORD01886,2023-07-02,2023-07,Điện thoại & Phụ kiện,Hải Phòng,4410000.0,Delivered,2,5.0,4410000.0
ORD01887,2023-10-15,2023-10,Điện thoại & Phụ kiện,TP.HCM,1890000.0,Delivered,11,4.0,1890000.0
ORD01888,2023-11-03,2023-11,Điện thoại & Phụ kiện,Đà Nẵng,4170000.0,Returned,2,0.0,0.0
ORD01889,2023-10-27,2023-10,Nhà cửa & Đời sống,Hà Nội,3580000.0,Canceled,5,0.0,0.0
ORD01890,2023-03-23,2023-03,Thời trang,Hải Phòng,1190000.0,Delivered,1,5.0,1190000.0
ORD01891,2023-07-30,2023-07,Thời trang,Hà Nội,4910000.0,Delivered,11,4.0,4910000.0
ORD01892,2023-05-30,2023-05,Thời trang,TP.HCM,4770000.0,Delivered,2,3.0,4770000.0
ORD01893,2023-02-06,2023-02,Nhà cửa & Đời sống,Cần Thơ,3470000.0,Delivered,6,3.0,3470000.0
ORD01894,2023-12-18,2023-12,Điện thoại & Phụ kiện,Hải Phòng,870000.0,Delivered,3,5.0,870000.0
ORD01895,2023-11-08,2023-11,Thời trang,TP.HCM,4750000.0,Delivered,4,2.0,4750000.0
ORD01896,2023-12-27,2023-12,Mỹ phẩm,Đà Nẵng,110000.0,Delivered,1,4.0,110000.0
ORD01897,2023-02-28,2023-02,Thời trang,Hải Phòng,3300000.0,Delivered,5,5.0,3300000.0
ORD01898,2023-05-11,2023-05,Điện thoại & Phụ kiện,Hải Phòng,2850000.0,Delivered,4,2.0,2850000.0
ORD01899,2023-07-21,2023-07,Thời trang,Cần Thơ,2990000.0,Canceled,8,0.0,0.0
ORD01900,2023-08-31,2023-08,Điện thoại & Phụ kiện,Hải Phòng,3060000.0,Delivered,3,5.0,3060000.0
ORD01901,2023-02-04,2023-02,Thời trang,Cần Thơ,1780000.0,Returned,10,0.0,0.0
ORD01902,2023-04-03,2023-04,Mỹ phẩm,TP.HCM,2490000.0,Delivered,1,5.0,2490000.0
ORD01903,2023-07-26,2023-07,Điện thoại & Phụ kiện,Đà Nẵng,4680000.0,Delivered,13,2.0,4680000.0
ORD01904,2023-12-19,2023-12,Mỹ phẩm,Đà Nẵng,4840000.0,Delivered,10,3.0,4840000.0
ORD01905,2023-11-28,2023-11,Điện thoại & Phụ kiện,Hải Phòng,320000.0,Delivered,5,2.0,320000.0
ORD01906,2023-11-01,2023-11,Mỹ phẩm,Hải Phòng,3030000.0,Delivered,1,2.0,3030000.0
ORD01907,2023-12-16,2023-12,Thời trang,TP.HCM,1810000.0,Returned,11,0.0,0.0
ORD01908,2023-08-01,2023-08,Điện thoại & Phụ kiện,Cần Thơ,3320000.0,Delivered,5,2.0,3320000.0
ORD01909,2023-06-08,2023-06,Điện thoại & Phụ kiện,Đà Nẵng,3270000.0,Delivered,9,1.0,3270000.0
ORD01910,2023-01-24,2023-01,Nhà cửa & Đời sống,Cần Thơ,4050000.0,Delivered,5,5.0,4050000.0
ORD01911,2023-10-20,2023-10,Điện thoại & Phụ kiện,TP.HCM,2950000.0,Canceled,2,0.0,0.0
ORD01912,2023-01-04,2023-01,Điện thoại & Phụ kiện,Đà Nẵng,4880000.0,Delivered,13,3.0,4880000.0
ORD01913,2023-08-08,2023-08,Điện thoại & Phụ kiện,Đà Nẵng,3520000.0,Canceled,2,0.0,0.0
ORD01914,2023-12-30,2023-12,Thời trang,Hà Nội,2020000.0,Delivered,10,1.0,2020000.0
ORD01915,2023-01-20,2023-01,Thời trang,TP.HCM,1780000.0,Delivered,9,1.0,1780000.0
ORD01916,2023-06-01,2023-06,Điện thoại & Phụ kiện,TP.HCM,4130000.0,Delivered,12,1.0,4130000.0
ORD01917,2023-02-19,2023-02,Điện thoại & Phụ kiện,Hà Nội,1270000.0,Canceled,5,0.0,0.0
ORD01918,2023-06-26,2023-06,Điện thoại & Phụ kiện,Cần Thơ,150000.0,Delivered,11,3.0,150000.0
ORD01919,2023-04-06,2023-04,Điện thoại & Phụ kiện,Hà Nội,3400000.0,Delivered,8,2.0,3400000.0
ORD01920,2023-04-15,2023-04,Thời trang,TP.HCM,4920000.0,Delivered,10,3.0,4920000.0
ORD01921,2023-09-07,2023-09,Mỹ phẩm,Cần Thơ,1410000.0,Delivered,4,3.0,1410000.0
ORD01922,2023-04-27,2023-04,Điện thoại & Phụ kiện,Đà Nẵng,1020000.0,Delivered,2,3.0,1020000.0
ORD01923,2023-12-20,2023-12,Điện thoại & Phụ kiện,Hà Nội,2600000.0,Delivered,4,1.0,2600000.0
ORD01924,2023-08-16,2023-08,Điện thoại & Phụ kiện,Cần Thơ,190000.0,Canceled,12,0.0,0.0
ORD01925,2023-03-07,2023-03,Nhà cửa & Đời sống,Cần Thơ,600000.0,Canceled,11,0.0,0.0
ORD01926,2023-12-01,2023-12,Nhà cửa & Đời sống,Cần Thơ,3580000.0,Delivered,4,3.0,3580000.0
ORD01927,2023-09-19,2023-09,Mỹ phẩm,Hà Nội,3030000.0,Returned,11,0.0,0.0
ORD01928,2023-10-22,2023-10,Điện thoại & Phụ kiện,Đà Nẵng,1380000.0,Returned,9,0.0,0.0
ORD01929,2023-08-31,2023-08,Điện thoại & Phụ kiện,Cần Thơ,4970000.0,Delivered,10,1.0,4970000.0
ORD01930,2023-07-05,2023-07,Điện thoại & Phụ kiện,Hà Nội,4010000.0,Delivered,11,3.0,4010000.0
ORD01931,2023-09-03,2023-09,Điện thoại & Phụ kiện,TP.HCM,2580000.0,Returned,6,0.0,0.0
ORD01932,2023-05-05,2023-05,Thời trang,Hà Nội,1110000.0,Delivered,10,2.0,1110000.0
ORD01933,2023-09-25,2023-09,Mỹ phẩm,Hà Nội,3460000.0,Delivered,6,1.0,3460000.0
ORD01934,2023-05-11,2023-05,Mỹ phẩm,Hà Nội,920000.0,Delivered,5,1.0,920000.0
ORD01935,2023-08-25,2023-08,Mỹ phẩm,Cần Thơ,2000000.0,Delivered,6,4.0,2000000.0
ORD01936,2023-01-18,2023-01,Điện thoại & Phụ kiện,Hà Nội,4260000.0,Canceled,1,0.0,0.0
ORD01937,2023-02-09,2023-02,Thời trang,TP.HCM,1520000.0,Delivered,13,5.0,1520000.0
ORD01938,2023-01-21,2023-01,Điện thoại & Phụ kiện,Cần Thơ,2460000.0,Delivered,5,5.0,2460000.0
ORD01939,2023-08-13,2023-08,Điện thoại & Phụ kiện,TP.HCM,2960000.0,Delivered,12,5.0,2960000.0
ORD01940,2023-12-21,2023-12,Mỹ phẩm,Hải Phòng,2860000.0,Delivered,6,3.0,2860000.0
ORD01941,2023-10-09,2023-10,Điện thoại & Phụ kiện,Hà Nội,3960000.0,Delivered,8,5.0,3960000.0
ORD01942,2023-01-08,2023-01,Thời trang,Cần Thơ,3910000.0,Delivered,4,3.0,3910000.0
ORD01943,2023-04-10,2023-04,Điện thoại & Phụ kiện,Cần Thơ,4590000.0,Canceled,5,0.0,0.0
ORD01944,2023-08-28,2023-08,Thời trang,Hà Nội,3000000.0,Delivered,4,5.0,3000000.0
ORD01945,2023-03-28,2023-03,Mỹ phẩm,Đà Nẵng,1780000.0,Delivered,7,4.0,1780000.0
ORD01946,2023-10-25,2023-10,Điện thoại & Phụ kiện,Đà Nẵng,4520000.0,Delivered,10,2.0,4520000.0
ORD01947,2023-01-14,2023-01,Mỹ phẩm,TP.HCM,1530000.0,Delivered,6,2.0,1530000.0
ORD01948,2023-11-30,2023-11,Điện thoại & Phụ kiện,Hà Nội,1930000.0,Delivered,4,1.0,1930000.0
ORD01949,2023-01-02,2023-01,Thời trang,Hà Nội,540000.0,Delivered,6,2.0,540000.0
ORD01950,2023-10-20,2023-10,Mỹ phẩm,Hải Phòng,2520000.0,Returned,13,0.0,0.0
ORD01951,2023-11-21,2023-11,Thời trang,Đà Nẵng,3240000.0,Delivered,4,1.0,3240000.0
ORD01952,2023-02-10,2023-02,Nhà cửa & Đời sống,Đà Nẵng,4430000.0,Canceled,12,0.0,0.0
ORD01953,2023-11-14,2023-11,Điện thoại & Phụ kiện,Hà Nội,4780000.0,Delivered,8,1.0,4780000.0
ORD01954,2023-11-12,2023-11,Thời trang,TP.HCM,2770000.0,Delivered,11,4.0,2770000.0
ORD01955,2023-04-21,2023-04,Thời trang,Hà Nội,4850000.0,Delivered,3,1.0,4850000.0
ORD01956,2023-01-14,2023-01,Nhà cửa & Đời sống,TP.HCM,2620000.0,Canceled,8,0.0,0.0
ORD01957,2023-08-19,2023-08,Điện thoại & Phụ kiện,Đà Nẵng,4050000.0,Delivered,13,1.0,4050000.0
ORD01958,2023-03-25,2023-03,Mỹ phẩm,Hải Phòng,2980000.0,Delivered,2,5.0,2980000.0
ORD01959,2023-05-10,2023-05,Thời trang,Cần Thơ,2210000.0,Delivered,6,5.0,2210000.0
ORD01960,2023-08-19,2023-08,Điện thoại & Phụ kiện,Đà Nẵng,4970000.0,Canceled,8,0.0,0.0
ORD01961,2023-11-22,2023-11,Thời trang,TP.HCM,1860000.0,Canceled,1,0.0,0.0
ORD01962,2023-05-25,2023-05,Điện thoại & Phụ kiện,Hà Nội,300000.0,Delivered,6,2.0,300000.0
ORD01963,2023-12-11,2023-12,Thời trang,Đà Nẵng,3250000.0,Delivered,9,5.0,3250000.0
ORD01964,2023-01-28,2023-01,Mỹ phẩm,Hải Phòng,610000.0,Canceled,13,0.0,0.0
ORD01965,2023-03-07,2023-03,Thời trang,TP.HCM,4470000.0,Canceled,10,0.0,0.0
ORD01966,2023-06-12,2023-06,Thời trang,Hà Nội,4320000.0,Delivered,10,2.0,4320000.0
ORD01967,2023-08-17,2023-08,Thời trang,Cần Thơ,2420000.0,Returned,2,0.0,0.0
ORD01968,2023-09-18,2023-09,Điện thoại & Phụ kiện,TP.HCM,4420000.0,Delivered,11,3.0,4420000.0
ORD01969,2023-06-13,2023-06,Điện thoại & Phụ kiện,Hà Nội,1320000.0,Delivered,13,2.0,1320000.0
ORD01970,2023-10-28,2023-10,Thời trang,Cần Thơ,3710000.0,Delivered,1,3.0,3710000.0
ORD01971,2023-10-30,2023-10,Điện thoại & Phụ kiện,Hà Nội,4570000.0,Delivered,2,2.0,4570000.0
ORD01972,2023-10-14,2023-10,Điện thoại & Phụ kiện,Cần Thơ,1090000.0,Delivered,5,2.0,1090000.0
ORD01973,2023-01-10,2023-01,Thời trang,Cần Thơ,2230000.0,Delivered,6,1.0,2230000.0
ORD01974,2023-07-14,2023-07,Điện thoại & Phụ kiện,Cần Thơ,4190000.0,Delivered,1,4.0,4190000.0
ORD01975,2023-04-28,2023-04,Điện thoại & Phụ kiện,Hà Nội,3360000.0,Delivered,7,5.0,3360000.0
ORD01976,2023-09-27,2023-09,Thời trang,Cần Thơ,1440000.0,Delivered,11,2.0,1440000.0
ORD01977,2023-03-21,2023-03,Điện thoại & Phụ kiện,TP.HCM,4650000.0,Delivered,4,1.0,4650000.0
ORD01978,2023-04-03,2023-04,Nhà cửa & Đời sống,Hải Phòng,3270000.0,Returned,9,0.0,0.0
ORD01979,2023-09-23,2023-09,Mỹ phẩm,Hải Phòng,2270000.0,Delivered,6,4.0,2270000.0
ORD01980,2023-11-28,2023-11,Mỹ phẩm,Cần Thơ,970000.0,Delivered,9,2.0,970000.0
ORD01981,2023-12-16,2023-12,Điện thoại & Phụ kiện,Hải Phòng,2890000.0,Delivered,1,3.0,2890000.0
ORD01982,2023-12-27,2023-12,Mỹ phẩm,Hải Phòng,490000.0,Canceled,4,0.0,0.0
ORD01983,2023-09-14,2023-09,Mỹ phẩm,Cần Thơ,2490000.0,Delivered,2,5.0,2490000.0
ORD01984,2023-05-13,2023-05,Mỹ phẩm,Cần Thơ,3410000.0,Delivered,6,5.0,3410000.0
ORD01985,2023-10-03,2023-10,Điện thoại & Phụ kiện,TP.HCM,4400000.0,Canceled,4,0.0,0.0
ORD01986,2023-09-21,2023-09,Thời trang,Đà Nẵng,1450000.0,Delivered,9,3.0,1450000.0
ORD01987,2023-06-20,2023-06,Mỹ phẩm,Hà Nội,1910000.0,Delivered,3,5.0,1910000.0
ORD01988,2023-01-01,2023-01,Thời trang,Cần Thơ,2740000.0,Delivered,1,1.0,2740000.0
ORD01989,2023-11-09,2023-11,Thời trang,Cần Thơ,2680000.0,Delivered,11,4.0,2680000.0
ORD01990,2023-03-05,2023-03,Thời trang,Hải Phòng,1910000.0,Delivered,13,2.0,1910000.0
ORD01991,2023-10-11,2023-10,Thời trang,TP.HCM,300000.0,Returned,11,0.0,0.0
ORD01992,2023-05-01,2023-05,Điện thoại & Phụ kiện,Hải Phòng,3600000.0,Delivered,1,3.0,3600000.0
ORD01993,2023-04-17,2023-04,Thời trang,Cần Thơ,4410000.0,Canceled,12,0.0,0.0
ORD01994,2023-06-24,2023-06,Điện thoại & Phụ kiện,Cần Thơ,4400000.0,Delivered,9,5.0,4400000.0
ORD01995,2023-07-23,2023-07,Thời trang,Hải Phòng,4810000.0,Delivered,9,3.0,4810000.0
ORD01996,2023-06-14,2023-06,Điện thoại & Phụ kiện,Cần Thơ,2050000.0,Delivered,5,1.0,2050000.0
ORD01997,2023-11-01,2023-11,Thời trang,Đà Nẵng,2210000.0,Delivered,2,1.0,2210000.0
ORD01998,2023-04-30,2023-04,Điện thoại & Phụ kiện,Hà Nội,4560000.0,Delivered,9,2.0,4560000.0
ORD01999,2023-02-13,2023-02,Thời trang,Hà Nội,250000.0,Canceled,13,0.0,0.0
ORD02000,2023-11-08,2023-11,Mỹ phẩm,Hà Nội,2110000.0,Delivered,12,4.0,2110000.0
ORD02001,2023-06-05,2023-06,Điện thoại & Phụ kiện,Đà Nẵng,3720000.0,Delivered,13,3.0,3720000.0
ORD02002,2023-07-26,2023-07,Điện thoại & Phụ kiện,Cần Thơ,2270000.0,Delivered,8,4.0,2270000.0
ORD02003,2023-04-18,2023-04,Điện thoại & Phụ kiện,Hải Phòng,1020000.0,Delivered,13,1.0,1020000.0
ORD02004,2023-09-08,2023-09,Mỹ phẩm,TP.HCM,1420000.0,Canceled,11,0.0,0.0
ORD02005,2023-11-30,2023-11,Thời trang,Cần Thơ,1480000.0,Delivered,10,4.0,1480000.0
ORD02006,2023-05-10,2023-05,Thời trang,Đà Nẵng,1660000.0,Delivered,10,2.0,1660000.0
ORD02007,2023-10-20,2023-10,Điện thoại & Phụ kiện,Đà Nẵng,3440000.0,Delivered,6,1.0,3440000.0
ORD02008,2023-01-20,2023-01,Thời trang,Hà Nội,790000.0,Delivered,7,4.0,790000.0
ORD02009,2023-10-09,2023-10,Mỹ phẩm,Cần Thơ,3130000.0,Delivered,12,4.0,3130000.0
ORD02010,2023-10-12,2023-10,Mỹ phẩm,Hà Nội,240000.0,Delivered,6,3.0,240000.0
ORD02011,2023-01-01,2023-01,Thời trang,TP.HCM,2440000.0,Canceled,5,0.0,0.0
ORD02012,2023-04-29,2023-04,Điện thoại & Phụ kiện,Hà Nội,2210000.0,Canceled,4,0.0,0.0
ORD02013,2023-02-04,2023-02,Điện thoại & Phụ kiện,TP.HCM,2990000.0,Delivered,7,4.0,2990000.0
ORD02014,2023-07-17,2023-07,Điện thoại & Phụ kiện,Đà Nẵng,690000.0,Delivered,4,3.0,690000.0
ORD02015,2023-09-02,2023-09,Điện thoại & Phụ kiện,Hà Nội,2610000.0,Delivered,10,5.0,2610000.0
ORD02016,2023-02-28,2023-02,Điện thoại & Phụ kiện,Hà Nội,4550000.0,Delivered,10,3.0,4550000.0
ORD02017,2023-11-21,2023-11,Điện thoại & Phụ kiện,Hải Phòng,110000.0,Canceled,10,0.0,0.0
ORD02018,2023-06-10,2023-06,Điện thoại & Phụ kiện,Đà Nẵng,2450000.0,Canceled,9,0.0,0.0
ORD02019,2023-06-28,2023-06,Nhà cửa & Đời sống,Hải Phòng,3450000.0,Delivered,5,1.0,3450000.0
ORD02020,2023-07-25,2023-07,Thời trang,TP.HCM,280000.0,Delivered,8,2.0,280000.0
ORD02021,2023-01-12,2023-01,Mỹ phẩm,TP.HCM,4910000.0,Delivered,12,5.0,4910000.0
ORD02022,2023-10-03,2023-10,Mỹ phẩm,Đà Nẵng,580000.0,Delivered,13,2.0,580000.0
ORD02023,2023-06-30,2023-06,Điện thoại & Phụ kiện,TP.HCM,870000.0,Delivered,12,1.0,870000.0
ORD02024,2023-08-30,2023-08,Mỹ phẩm,Đà Nẵng,4810000.0,Returned,12,0.0,0.0
ORD02025,2023-08-04,2023-08,Điện thoại & Phụ kiện,TP.HCM,370000.0,Delivered,6,2.0,370000.0
ORD02026,2023-09-08,2023-09,Thời trang,Cần Thơ,570000.0,Delivered,4,2.0,570000.0
ORD02027,2023-10-26,2023-10,Điện thoại & Phụ kiện,Hà Nội,1050000.0,Delivered,12,4.0,1050000.0
ORD02028,2023-05-06,2023-05,Nhà cửa & Đời sống,Cần Thơ,1740000.0,Delivered,3,4.0,1740000.0
ORD02029,2023-08-05,2023-08,Điện thoại & Phụ kiện,Đà Nẵng,4670000.0,Delivered,11,2.0,4670000.0
ORD02030,2023-11-02,2023-11,Điện thoại & Phụ kiện,Đà Nẵng,4420000.0,Returned,6,0.0,0.0
ORD02031,2023-10-12,2023-10,Nhà cửa & Đời sống,Cần Thơ,3740000.0,Canceled,1,0.0,0.0
ORD02032,2023-07-04,2023-07,Điện thoại & Phụ kiện,Hà Nội,1850000.0,Canceled,2,0.0,0.0
ORD02033,2023-02-08,2023-02,Thời trang,Hà Nội,820000.0,Delivered,7,1.0,820000.0
ORD02034,2023-08-11,2023-08,Mỹ phẩm,Hải Phòng,4810000.0,Delivered,4,3.0,4810000.0
ORD02035,2023-07-03,2023-07,Mỹ phẩm,TP.HCM,3650000.0,Returned,5,0.0,0.0
ORD02036,2023-06-27,2023-06,Nhà cửa & Đời sống,Hải Phòng,380000.0,Delivered,11,2.0,380000.0
ORD02037,2023-10-21,2023-10,Nhà cửa & Đời sống,Hà Nội,4530000.0,Returned,10,0.0,0.0
ORD02038,2023-12-06,2023-12,Điện thoại & Phụ kiện,Cần Thơ,1660000.0,Canceled,1,0.0,0.0
ORD02039,2023-05-31,2023-05,Mỹ phẩm,TP.HCM,3230000.0,Delivered,2,5.0,3230000.0
ORD02040,2023-05-06,2023-05,Thời trang,Cần Thơ,3130000.0,Delivered,4,5.0,3130000.0
ORD02041,2023-10-28,2023-10,Thời trang,Hải Phòng,2880000.0,Delivered,8,3.0,2880000.0
ORD02042,2023-11-04,2023-11,Điện thoại & Phụ kiện,Đà Nẵng,2920000.0,Delivered,10,5.0,2920000.0
ORD02043,2023-12-02,2023-12,Thời trang,Cần Thơ,4880000.0,Delivered,4,4.0,4880000.0
ORD02044,2023-08-22,2023-08,Nhà cửa & Đời sống,Hải Phòng,160000.0,Canceled,3,0.0,0.0
ORD02045,2023-01-08,2023-01,Nhà cửa & Đời sống,Hải Phòng,3140000.0,Canceled,3,0.0,0.0
ORD02046,2023-12-07,2023-12,Thời trang,Hải Phòng,1910000.0,Delivered,12,4.0,1910000.0
ORD02047,2023-05-09,2023-05,Điện thoại & Phụ kiện,Đà Nẵng,1180000.0,Delivered,5,2.0,1180000.0
ORD02048,2023-09-21,2023-09,Điện thoại & Phụ kiện,Đà Nẵng,3330000.0,Delivered,3,4.0,3330000.0
ORD02049,2023-06-06,2023-06,Mỹ phẩm,Đà Nẵng,2150000.0,Delivered,8,2.0,2150000.0
ORD02050,2023-12-18,2023-12,Mỹ phẩm,TP.HCM,2430000.0,Delivered,5,2.0,2430000.0
ORD02051,2023-12-24,2023-12,Thời trang,Đà Nẵng,4350000.0,Delivered,12,5.0,4350000.0
ORD02052,2023-01-05,2023-01,Điện thoại & Phụ kiện,Đà Nẵng,4670000.0,Delivered,12,3.0,4670000.0
ORD02053,2023-03-27,2023-03,Thời trang,Đà Nẵng,1960000.0,Delivered,7,5.0,1960000.0
ORD02054,2023-06-24,2023-06,Thời trang,Cần Thơ,4370000.0,Delivered,11,1.0,4370000.0
ORD02055,2023-10-17,2023-10,Nhà cửa & Đời sống,Đà Nẵng,4910000.0,Delivered,8,4.0,4910000.0
ORD02056,2023-07-12,2023-07,Thời trang,TP.HCM,4190000.0,Delivered,5,1.0,4190000.0
ORD02057,2023-11-07,2023-11,Điện thoại & Phụ kiện,Hải Phòng,4160000.0,Delivered,8,2.0,4160000.0
ORD02058,2023-04-29,2023-04,Thời trang,Cần Thơ,3380000.0,Delivered,12,5.0,3380000.0
ORD02059,2023-08-06,2023-08,Điện thoại & Phụ kiện,Hà Nội,3660000.0,Canceled,3,0.0,0.0
ORD02060,2023-04-24,2023-04,Nhà cửa & Đời sống,Đà Nẵng,170000.0,Delivered,12,1.0,170000.0
ORD02061,2023-05-25,2023-05,Điện thoại & Phụ kiện,Hải Phòng,620000.0,Delivered,7,1.0,620000.0
ORD02062,2023-01-26,2023-01,Thời trang,Hải Phòng,4070000.0,Delivered,8,2.0,4070000.0
ORD02063,2023-05-16,2023-05,Điện thoại & Phụ kiện,Cần Thơ,2080000.0,Delivered,7,2.0,2080000.0
ORD02064,2023-10-30,2023-10,Thời trang,Hà Nội,4000000.0,Delivered,2,2.0,4000000.0
ORD02065,2023-08-20,2023-08,Thời trang,TP.HCM,1460000.0,Canceled,8,0.0,0.0
ORD02066,2023-03-17,2023-03,Mỹ phẩm,Hải Phòng,2680000.0,Delivered,6,4.0,2680000.0
ORD02067,2023-11-24,2023-11,Điện thoại & Phụ kiện,Hải Phòng,3430000.0,Delivered,10,5.0,3430000.0
ORD02068,2023-12-11,2023-12,Điện thoại & Phụ kiện,Hải Phòng,4100000.0,Delivered,3,5.0,4100000.0
ORD02069,2023-10-29,2023-10,Điện thoại & Phụ kiện,Hải Phòng,1810000.0,Returned,4,0.0,0.0
ORD02070,2023-10-16,2023-10,Thời trang,Cần Thơ,950000.0,Returned,7,0.0,0.0
ORD02071,2023-01-01,2023-01,Điện thoại & Phụ kiện,Hà Nội,550000.0,Delivered,3,4.0,550000.0
ORD02072,2023-05-27,2023-05,Thời trang,Hải Phòng,3550000.0,Delivered,1,3.0,3550000.0
ORD02073,2023-10-14,2023-10,Mỹ phẩm,TP.HCM,1950000.0,Delivered,6,2.0,1950000.0
ORD02074,2023-05-22,2023-05,Mỹ phẩm,TP.HCM,1650000.0,Delivered,3,3.0,1650000.0
ORD02075,2023-02-22,2023-02,Thời trang,Đà Nẵng,4070000.0,Delivered,11,5.0,4070000.0
ORD02076,2023-10-31,2023-10,Thời trang,Hải Phòng,180000.0,Delivered,10,5.0,180000.0
ORD02077,2023-03-10,2023-03,Điện thoại & Phụ kiện,Hải Phòng,1240000.0,Delivered,6,4.0,1240000.0
ORD02078,2023-12-27,2023-12,Thời trang,Hải Phòng,1630000.0,Returned,10,0.0,0.0
ORD02079,2023-03-31,2023-03,Mỹ phẩm,Hải Phòng,1390000.0,Canceled,12,0.0,0.0
ORD02080,2023-08-08,2023-08,Điện thoại & Phụ kiện,Hải Phòng,3400000.0,Delivered,3,5.0,3400000.0
ORD02081,2023-07-11,2023-07,Thời trang,TP.HCM,900000.0,Delivered,6,4.0,900000.0
ORD02082,2023-03-04,2023-03,Mỹ phẩm,Hà Nội,3930000.0,Delivered,11,4.0,3930000.0
ORD02083,2023-03-14,2023-03,Mỹ phẩm,Hà Nội,2990000.0,Delivered,4,5.0,2990000.0
ORD02084,2023-06-10,2023-06,Điện thoại & Phụ kiện,Đà Nẵng,1560000.0,Canceled,13,0.0,0.0
ORD02085,2023-06-18,2023-06,Thời trang,TP.HCM,3040000.0,Delivered,4,1.0,3040000.0
ORD02086,2023-03-30,2023-03,Điện thoại & Phụ kiện,Hải Phòng,4750000.0,Delivered,10,4.0,4750000.0
ORD02087,2023-06-25,2023-06,Điện thoại & Phụ kiện,Hà Nội,2780000.0,Delivered,10,3.0,2780000.0
ORD02088,2023-09-26,2023-09,Nhà cửa & Đời sống,Cần Thơ,1420000.0,Delivered,11,2.0,1420000.0
ORD02089,2023-03-14,2023-03,Mỹ phẩm,Cần Thơ,590000.0,Delivered,2,2.0,590000.0
ORD02090,2023-09-02,2023-09,Mỹ phẩm,Cần Thơ,320000.0,Returned,4,0.0,0.0
ORD02091,2023-03-18,2023-03,Điện thoại & Phụ kiện,Hải Phòng,3870000.0,Canceled,11,0.0,0.0
ORD02092,2023-06-08,2023-06,Mỹ phẩm,Hải Phòng,3850000.0,Delivered,12,1.0,3850000.0
ORD02093,2023-11-20,2023-11,Thời trang,Đà Nẵng,970000.0,Canceled,4,0.0,0.0
ORD02094,2023-04-08,2023-04,Điện thoại & Phụ kiện,Đà Nẵng,4220000.0,Returned,11,0.0,0.0
ORD02095,2023-04-12,2023-04,Thời trang,Đà Nẵng,1210000.0,Delivered,7,3.0,1210000.0
ORD02096,2023-05-12,2023-05,Điện thoại & Phụ kiện,Cần Thơ,1200000.0,Delivered,5,1.0,1200000.0
ORD02097,2023-04-12,2023-04,Mỹ phẩm,Hải Phòng,810000.0,Delivered,8,5.0,810000.0
ORD02098,2023-01-19,2023-01,Thời trang,Cần Thơ,1630000.0,Delivered,7,2.0,1630000.0
ORD02099,2023-03-23,2023-03,Điện thoại & Phụ kiện,Đà Nẵng,4720000.0,Delivered,10,5.0,4720000.0
ORD02100,2023-10-06,2023-10,Điện thoại & Phụ kiện,Hải Phòng,660000.0,Delivered,9,4.0,660000.0
ORD02101,2023-12-05,2023-12,Điện thoại & Phụ kiện,TP.HCM,2660000.0,Delivered,8,5.0,2660000.0
ORD02102,2023-12-31,2023-12,Điện thoại & Phụ kiện,Hà Nội,1650000.0,Delivered,9,3.0,1650000.0
ORD02103,2023-11-27,2023-11,Thời trang,Hà Nội,1220000.0,Delivered,1,3.0,1220000.0
ORD02104,2023-05-09,2023-05,Mỹ phẩm,Đà Nẵng,3270000.0,Delivered,10,4.0,3270000.0
ORD02105,2023-12-10,2023-12,Điện thoại & Phụ kiện,Cần Thơ,560000.0,Delivered,13,4.0,560000.0
ORD02106,2023-11-06,2023-11,Điện thoại & Phụ kiện,TP.HCM,2470000.0,Delivered,12,2.0,2470000.0
ORD02107,2023-03-30,2023-03,Thời trang,Hải Phòng,3430000.0,Delivered,3,1.0,3430000.0
ORD02108,2023-08-01,2023-08,Mỹ phẩm,Cần Thơ,1150000.0,Delivered,5,2.0,1150000.0
ORD02109,2023-05-23,2023-05,Điện thoại & Phụ kiện,Đà Nẵng,4910000.0,Returned,9,0.0,0.0
ORD02110,2023-03-06,2023-03,Điện thoại & Phụ kiện,Cần Thơ,1960000.0,Delivered,8,1.0,1960000.0
ORD02111,2023-03-17,2023-03,Thời trang,Đà Nẵng,1680000.0,Delivered,10,4.0,1680000.0
ORD02112,2023-07-18,2023-07,Điện thoại & Phụ kiện,Hà Nội,2070000.0,Delivered,7,3.0,2070000.0
ORD02113,2023-05-23,2023-05,Điện thoại & Phụ kiện,Hà Nội,3910000.0,Delivered,2,5.0,3910000.0
ORD02114,2023-11-12,2023-11,Mỹ phẩm,Cần Thơ,1860000.0,Delivered,11,2.0,1860000.0
ORD02115,2023-04-03,2023-04,Thời trang,TP.HCM,2700000.0,Delivered,6,4.0,2700000.0
ORD02116,2023-11-01,2023-11,Thời trang,Hải Phòng,2960000.0,Canceled,4,0.0,0.0
ORD02117,2023-08-12,2023-08,Mỹ phẩm,Đà Nẵng,3020000.0,Delivered,5,1.0,3020000.0
ORD02118,2023-10-18,2023-10,Thời trang,Hải Phòng,3440000.0,Delivered,5,3.0,3440000.0
ORD02119,2023-04-12,2023-04,Điện thoại & Phụ kiện,Hà Nội,1520000.0,Delivered,13,4.0,1520000.0
ORD02120,2023-09-24,2023-09,Điện thoại & Phụ kiện,TP.HCM,3170000.0,Delivered,4,4.0,3170000.0
ORD02121,2023-12-21,2023-12,Điện thoại & Phụ kiện,TP.HCM,2060000.0,Delivered,4,5.0,2060000.0
ORD02122,2023-04-20,2023-04,Điện thoại & Phụ kiện,Hải Phòng,4850000.0,Delivered,4,5.0,4850000.0
ORD02123,2023-11-26,2023-11,Thời trang,Hà Nội,2340000.0,Canceled,11,0.0,0.0
ORD02124,2023-09-22,2023-09,Mỹ phẩm,Hải Phòng,4040000.0,Canceled,2,0.0,0.0
ORD02125,2023-01-03,2023-01,Nhà cửa & Đời sống,Cần Thơ,520000.0,Delivered,1,1.0,520000.0
ORD02126,2023-03-26,2023-03,Thời trang,TP.HCM,4630000.0,Delivered,12,5.0,4630000.0
ORD02127,2023-10-09,2023-10,Điện thoại & Phụ kiện,TP.HCM,1600000.0,Canceled,2,0.0,0.0
ORD02128,2023-11-24,2023-11,Điện thoại & Phụ kiện,Cần Thơ,3050000.0,Delivered,7,5.0,3050000.0
ORD02129,2023-10-31,2023-10,Mỹ phẩm,Hà Nội,720000.0,Canceled,12,0.0,0.0
ORD02130,2023-04-27,2023-04,Thời trang,TP.HCM,1390000.0,Delivered,1,4.0,1390000.0
ORD02131,2023-08-09,2023-08,Thời trang,Đà Nẵng,2640000.0,Returned,6,0.0,0.0
ORD02132,2023-06-03,2023-06,Mỹ phẩm,Đà Nẵng,4720000.0,Canceled,4,0.0,0.0
ORD02133,2023-06-02,2023-06,Mỹ phẩm,Hà Nội,3520000.0,Delivered,2,5.0,3520000.0
ORD02134,2023-01-12,2023-01,Mỹ phẩm,Cần Thơ,2230000.0,Delivered,3,3.0,2230000.0
ORD02135,2023-05-13,2023-05,Điện thoại & Phụ kiện,Hải Phòng,820000.0,Delivered,7,1.0,820000.0
ORD02136,2023-10-31,2023-10,Mỹ phẩm,Hà Nội,4400000.0,Delivered,6,4.0,4400000.0
ORD02137,2023-10-20,2023-10,Mỹ phẩm,Hải Phòng,1130000.0,Delivered,6,5.0,1130000.0
ORD02138,2023-10-27,2023-10,Điện thoại & Phụ kiện,Hà Nội,1670000.0,Delivered,8,3.0,1670000.0
ORD02139,2023-08-16,2023-08,Thời trang,Đà Nẵng,2810000.0,Delivered,8,5.0,2810000.0
ORD02140,2023-09-28,2023-09,Điện thoại & Phụ kiện,Cần Thơ,3240000.0,Delivered,6,3.0,3240000.0
ORD02141,2023-02-12,2023-02,Nhà cửa & Đời sống,Đà Nẵng,2470000.0,Delivered,1,2.0,2470000.0
ORD02142,2023-12-09,2023-12,Điện thoại & Phụ kiện,Cần Thơ,3120000.0,Delivered,10,3.0,3120000.0
ORD02143,2023-11-22,2023-11,Thời trang,Hải Phòng,3810000.0,Canceled,13,0.0,0.0
ORD02144,2023-10-29,2023-10,Điện thoại & Phụ kiện,Hà Nội,1670000.0,Delivered,7,2.0,1670000.0
ORD02145,2023-12-30,2023-12,Mỹ phẩm,TP.HCM,1180000.0,Delivered,8,1.0,1180000.0
ORD02146,2023-01-21,2023-01,Điện thoại & Phụ kiện,TP.HCM,180000.0,Delivered,5,3.0,180000.0
ORD02147,2023-04-17,2023-04,Điện thoại & Phụ kiện,Cần Thơ,3300000.0,Delivered,13,4.0,3300000.0
ORD02148,2023-12-02,2023-12,Thời trang,Cần Thơ,680000.0,Delivered,11,4.0,680000.0
ORD02149,2023-10-30,2023-10,Nhà cửa & Đời sống,Đà Nẵng,3670000.0,Delivered,4,3.0,3670000.0
ORD02150,2023-04-27,2023-04,Điện thoại & Phụ kiện,TP.HCM,2010000.0,Returned,7,0.0,0.0
ORD02151,2023-05-04,2023-05,Điện thoại & Phụ kiện,Đà Nẵng,1450000.0,Delivered,12,4.0,1450000.0
ORD02152,2023-10-08,2023-10,Mỹ phẩm,Hải Phòng,2600000.0,Canceled,12,0.0,0.0
ORD02153,2023-10-19,2023-10,Thời trang,TP.HCM,3880000.0,Delivered,11,4.0,3880000.0
ORD02154,2023-07-22,2023-07,Nhà cửa & Đời sống,Hải Phòng,4450000.0,Delivered,13,1.0,4450000.0
ORD02155,2023-02-20,2023-02,Điện thoại & Phụ kiện,Hà Nội,1550000.0,Delivered,6,2.0,1550000.0
ORD02156,2023-09-28,2023-09,Thời trang,Đà Nẵng,3560000.0,Canceled,12,0.0,0.0
ORD02157,2023-11-20,2023-11,Điện thoại & Phụ kiện,Cần Thơ,4750000.0,Delivered,6,2.0,4750000.0
ORD02158,2023-10-04,2023-10,Điện thoại & Phụ kiện,TP.HCM,3610000.0,Canceled,3,0.0,0.0
ORD02159,2023-05-21,2023-05,Thời trang,Đà Nẵng,670000.0,Delivered,11,2.0,670000.0
ORD02160,2023-10-02,2023-10,Thời trang,Cần Thơ,1860000.0,Delivered,10,2.0,1860000.0
ORD02161,2023-10-17,2023-10,Mỹ phẩm,Hà Nội,2970000.0,Delivered,4,1.0,2970000.0
ORD02162,2023-11-30,2023-11,Điện thoại & Phụ kiện,TP.HCM,2540000.0,Delivered,5,5.0,2540000.0
ORD02163,2023-02-21,2023-02,Thời trang,Hải Phòng,570000.0,Delivered,9,4.0,570000.0
ORD02164,2023-01-27,2023-01,Thời trang,Hà Nội,3100000.0,Delivered,8,1.0,3100000.0
ORD02165,2023-06-06,2023-06,Nhà cửa & Đời sống,Cần Thơ,4470000.0,Delivered,3,1.0,4470000.0
ORD02166,2023-08-27,2023-08,Điện thoại & Phụ kiện,TP.HCM,3650000.0,Delivered,6,3.0,3650000.0
ORD02167,2023-06-05,2023-06,Điện thoại & Phụ kiện,TP.HCM,1090000.0,Delivered,10,2.0,1090000.0
ORD02168,2023-10-18,2023-10,Điện thoại & Phụ kiện,Hà Nội,2220000.0,Delivered,1,5.0,2220000.0
ORD02169,2023-05-16,2023-05,Thời trang,TP.HCM,3110000.0,Delivered,3,3.0,3110000.0
ORD02170,2023-05-24,2023-05,Điện thoại & Phụ kiện,Cần Thơ,4890000.0,Delivered,10,5.0,4890000.0
ORD02171,2023-04-16,2023-04,Nhà cửa & Đời sống,Hà Nội,4240000.0,Canceled,12,0.0,0.0
ORD02172,2023-06-07,2023-06,Điện thoại & Phụ kiện,Hải Phòng,1740000.0,Canceled,7,0.0,0.0
ORD02173,2023-05-26,2023-05,Mỹ phẩm,Hà Nội,4090000.0,Delivered,7,2.0,4090000.0
ORD02174,2023-01-02,2023-01,Điện thoại & Phụ kiện,Hà Nội,4390000.0,Delivered,2,4.0,4390000.0
ORD02175,2023-03-18,2023-03,Thời trang,Hải Phòng,1350000.0,Delivered,3,5.0,1350000.0
ORD02176,2023-05-12,2023-05,Nhà cửa & Đời sống,Cần Thơ,3110000.0,Canceled,7,0.0,0.0
ORD02177,2023-03-31,2023-03,Điện thoại & Phụ kiện,Đà Nẵng,4710000.0,Canceled,12,0.0,0.0
ORD02178,2023-12-11,2023-12,Nhà cửa & Đời sống,Đà Nẵng,1300000.0,Delivered,6,1.0,1300000.0
ORD02179,2023-12-16,2023-12,Thời trang,Hải Phòng,970000.0,Canceled,13,0.0,0.0
ORD02180,2023-09-20,2023-09,Nhà cửa & Đời sống,Cần Thơ,2260000.0,Delivered,7,2.0,2260000.0
ORD02181,2023-12-17,2023-12,Thời trang,TP.HCM,700000.0,Delivered,10,3.0,700000.0
ORD02182,2023-04-18,2023-04,Điện thoại & Phụ kiện,Hải Phòng,3110000.0,Returned,9,0.0,0.0
ORD02183,2023-03-15,2023-03,Điện thoại & Phụ kiện,Đà Nẵng,1880000.0,Canceled,8,0.0,0.0
ORD02184,2023-02-08,2023-02,Điện thoại & Phụ kiện,Cần Thơ,1990000.0,Canceled,6,0.0,0.0
ORD02185,2023-06-08,2023-06,Điện thoại & Phụ kiện,Hà Nội,1720000.0,Delivered,12,4.0,1720000.0
ORD02186,2023-03-12,2023-03,Điện thoại & Phụ kiện,Cần Thơ,900000.0,Delivered,4,4.0,900000.0
ORD02187,2023-11-08,2023-11,Điện thoại & Phụ kiện,Cần Thơ,1790000.0,Canceled,13,0.0,0.0
ORD02188,2023-08-29,2023-08,Thời trang,Đà Nẵng,3100000.0,Delivered,10,2.0,3100000.0
ORD02189,2023-10-25,2023-10,Mỹ phẩm,Đà Nẵng,3830000.0,Delivered,9,4.0,3830000.0
ORD02190,2023-02-05,2023-02,Điện thoại & Phụ kiện,TP.HCM,2050000.0,Delivered,7,3.0,2050000.0
ORD02191,2023-03-25,2023-03,Điện thoại & Phụ kiện,TP.HCM,2120000.0,Canceled,5,0.0,0.0
ORD02192,2023-09-20,2023-09,Thời trang,Hải Phòng,560000.0,Returned,2,0.0,0.0
ORD02193,2023-11-06,2023-11,Điện thoại & Phụ kiện,Hà Nội,4720000.0,Delivered,9,2.0,4720000.0
ORD02194,2023-06-21,2023-06,Điện thoại & Phụ kiện,TP.HCM,1670000.0,Delivered,7,4.0,1670000.0
ORD02195,2023-06-22,2023-06,Điện thoại & Phụ kiện,Đà Nẵng,4170000.0,Delivered,9,3.0,4170000.0
ORD02196,2023-12-28,2023-12,Nhà cửa & Đời sống,Cần Thơ,2030000.0,Delivered,11,3.0,2030000.0
ORD02197,2023-02-16,2023-02,Mỹ phẩm,Hải Phòng,4360000.0,Delivered,9,5.0,4360000.0
ORD02198,2023-05-21,2023-05,Điện thoại & Phụ kiện,TP.HCM,4270000.0,Delivered,10,2.0,4270000.0
ORD02199,2023-04-28,2023-04,Thời trang,Cần Thơ,2880000.0,Canceled,5,0.0,0.0
ORD02200,2023-10-04,2023-10,Thời trang,Cần Thơ,3260000.0,Returned,7,0.0,0.0
ORD02201,2023-08-02,2023-08,Thời trang,TP.HCM,4880000.0,Delivered,5,4.0,4880000.0
ORD02202,2023-08-08,2023-08,Thời trang,Hà Nội,4300000.0,Canceled,3,0.0,0.0
ORD02203,2023-01-26,2023-01,Thời trang,Hà Nội,2780000.0,Delivered,10,2.0,2780000.0
ORD02204,2023-01-09,2023-01,Điện thoại & Phụ kiện,Hải Phòng,4900000.0,Delivered,8,4.0,4900000.0
ORD02205,2023-09-28,2023-09,Điện thoại & Phụ kiện,Hà Nội,2080000.0,Canceled,8,0.0,0.0
ORD02206,2023-01-10,2023-01,Thời trang,Hải Phòng,2330000.0,Delivered,9,4.0,2330000.0
ORD02207,2023-05-01,2023-05,Mỹ phẩm,Đà Nẵng,2720000.0,Canceled,11,0.0,0.0
ORD02208,2023-05-05,2023-05,Thời trang,TP.HCM,4350000.0,Delivered,12,4.0,4350000.0
ORD02209,2023-06-19,2023-06,Mỹ phẩm,Cần Thơ,1750000.0,Canceled,6,0.0,0.0
ORD02210,2023-03-13,2023-03,Nhà cửa & Đời sống,Hải Phòng,1890000.0,Delivered,2,1.0,1890000.0
ORD02211,2023-06-01,2023-06,Điện thoại & Phụ kiện,Hà Nội,4370000.0,Delivered,3,3.0,4370000.0
ORD02212,2023-07-27,2023-07,Thời trang,Hải Phòng,2010000.0,Delivered,13,1.0,2010000.0
ORD02213,2023-02-18,2023-02,Thời trang,Hải Phòng,4060000.0,Delivered,11,3.0,4060000.0
ORD02214,2023-06-03,2023-06,Nhà cửa & Đời sống,Hà Nội,2250000.0,Delivered,12,5.0,2250000.0
ORD02215,2023-12-13,2023-12,Nhà cửa & Đời sống,Hà Nội,2930000.0,Delivered,10,4.0,2930000.0
ORD02216,2023-10-20,2023-10,Thời trang,TP.HCM,3610000.0,Canceled,11,0.0,0.0
ORD02217,2023-03-09,2023-03,Điện thoại & Phụ kiện,Cần Thơ,1160000.0,Canceled,6,0.0,0.0
ORD02218,2023-02-19,2023-02,Mỹ phẩm,TP.HCM,4750000.0,Returned,1,0.0,0.0
ORD02219,2023-06-01,2023-06,Điện thoại & Phụ kiện,TP.HCM,1070000.0,Canceled,2,0.0,0.0
ORD02220,2023-01-19,2023-01,Mỹ phẩm,Hà Nội,3770000.0,Canceled,8,0.0,0.0
ORD02221,2023-04-10,2023-04,Nhà cửa & Đời sống,Hà Nội,4910000.0,Delivered,11,5.0,4910000.0
ORD02222,2023-03-01,2023-03,Điện thoại & Phụ kiện,Cần Thơ,2390000.0,Canceled,8,0.0,0.0
ORD02223,2023-06-16,2023-06,Thời trang,Hải Phòng,2660000.0,Canceled,6,0.0,0.0
ORD02224,2023-07-21,2023-07,Thời trang,TP.HCM,520000.0,Delivered,3,2.0,520000.0
ORD02225,2023-12-11,2023-12,Thời trang,Cần Thơ,2510000.0,Delivered,2,4.0,2510000.0
ORD02226,2023-05-26,2023-05,Điện thoại & Phụ kiện,TP.HCM,510000.0,Delivered,13,5.0,510000.0
ORD02227,2023-06-13,2023-06,Mỹ phẩm,Hải Phòng,1040000.0,Returned,6,0.0,0.0
ORD02228,2023-08-30,2023-08,Nhà cửa & Đời sống,TP.HCM,4430000.0,Delivered,1,5.0,4430000.0
ORD02229,2023-03-10,2023-03,Nhà cửa & Đời sống,Đà Nẵng,2630000.0,Returned,10,0.0,0.0
ORD02230,2023-06-24,2023-06,Điện thoại & Phụ kiện,Cần Thơ,1970000.0,Delivered,6,3.0,1970000.0
ORD02231,2023-02-18,2023-02,Mỹ phẩm,Hà Nội,3940000.0,Delivered,9,1.0,3940000.0
ORD02232,2023-04-18,2023-04,Mỹ phẩm,TP.HCM,3160000.0,Returned,7,0.0,0.0
ORD02233,2023-08-14,2023-08,Điện thoại & Phụ kiện,Cần Thơ,4090000.0,Delivered,9,2.0,4090000.0
ORD02234,2023-06-10,2023-06,Điện thoại & Phụ kiện,Cần Thơ,1760000.0,Delivered,2,5.0,1760000.0
ORD02235,2023-04-29,2023-04,Điện thoại & Phụ kiện,TP.HCM,2800000.0,Delivered,11,5.0,2800000.0
ORD02236,2023-05-29,2023-05,Nhà cửa & Đời sống,Hà Nội,1340000.0,Canceled,5,0.0,0.0
ORD02237,2023-05-30,2023-05,Thời trang,Hà Nội,1700000.0,Delivered,9,3.0,1700000.0
ORD02238,2023-10-20,2023-10,Mỹ phẩm,TP.HCM,960000.0,Delivered,7,4.0,960000.0
ORD02239,2023-05-23,2023-05,Điện thoại & Phụ kiện,Cần Thơ,3180000.0,Delivered,9,4.0,3180000.0
ORD02240,2023-06-09,2023-06,Mỹ phẩm,Hà Nội,4980000.0,Delivered,11,5.0,4980000.0
ORD02241,2023-01-11,2023-01,Điện thoại & Phụ kiện,TP.HCM,2350000.0,Delivered,6,5.0,2350000.0
ORD02242,2023-05-18,2023-05,Điện thoại & Phụ kiện,TP.HCM,1540000.0,Canceled,7,0.0,0.0
ORD02243,2023-03-19,2023-03,Thời trang,TP.HCM,3540000.0,Delivered,10,4.0,3540000.0
ORD02244,2023-03-18,2023-03,Điện thoại & Phụ kiện,Cần Thơ,2570000.0,Canceled,5,0.0,0.0
ORD02245,2023-09-11,2023-09,Mỹ phẩm,Hà Nội,3710000.0,Delivered,6,2.0,3710000.0
ORD02246,2023-09-15,2023-09,Điện thoại & Phụ kiện,Cần Thơ,150000.0,Delivered,1,4.0,150000.0
ORD02247,2023-11-16,2023-11,Thời trang,Đà Nẵng,400000.0,Returned,1,0.0,0.0
ORD02248,2023-10-18,2023-10,Thời trang,Hà Nội,2060000.0,Delivered,2,1.0,2060000.0
ORD02249,2023-09-20,2023-09,Thời trang,Cần Thơ,2410000.0,Delivered,11,2.0,2410000.0
ORD02250,2023-03-26,2023-03,Điện thoại & Phụ kiện,Hà Nội,3050000.0,Returned,4,0.0,0.0
ORD02251,2023-05-26,2023-05,Điện thoại & Phụ kiện,Đà Nẵng,4230000.0,Delivered,11,3.0,4230000.0
ORD02252,2023-11-19,2023-11,Nhà cửa & Đời sống,Hải Phòng,3340000.0,Canceled,9,0.0,0.0
ORD02253,2023-02-11,2023-02,Điện thoại & Phụ kiện,TP.HCM,4690000.0,Delivered,7,3.0,4690000.0
ORD02254,2023-05-05,2023-05,Mỹ phẩm,Cần Thơ,1440000.0,Delivered,6,5.0,1440000.0
ORD02255,2023-06-16,2023-06,Nhà cửa & Đời sống,Đà Nẵng,220000.0,Returned,1,0.0,0.0
ORD02256,2023-08-29,2023-08,Điện thoại & Phụ kiện,Đà Nẵng,130000.0,Delivered,5,1.0,130000.0
ORD02257,2023-10-07,2023-10,Điện thoại & Phụ kiện,Hà Nội,1870000.0,Delivered,11,2.0,1870000.0
ORD02258,2023-07-07,2023-07,Thời trang,Hà Nội,2430000.0,Delivered,12,5.0,2430000.0
ORD02259,2023-10-29,2023-10,Nhà cửa & Đời sống,TP.HCM,2680000.0,Delivered,13,2.0,2680000.0
ORD02260,2023-01-19,2023-01,Nhà cửa & Đời sống,Hà Nội,1490000.0,Delivered,4,3.0,1490000.0
ORD02261,2023-03-09,2023-03,Thời trang,Cần Thơ,740000.0,Delivered,5,4.0,740000.0
ORD02262,2023-08-06,2023-08,Mỹ phẩm,Cần Thơ,2920000.0,Delivered,11,5.0,2920000.0
ORD02263,2023-04-12,2023-04,Điện thoại & Phụ kiện,Cần Thơ,3720000.0,Delivered,9,3.0,3720000.0
ORD02264,2023-02-11,2023-02,Nhà cửa & Đời sống,Hải Phòng,3150000.0,Delivered,12,5.0,3150000.0
ORD02265,2023-10-15,2023-10,Nhà cửa & Đời sống,Cần Thơ,2140000.0,Delivered,3,4.0,2140000.0
ORD02266,2023-06-16,2023-06,Điện thoại & Phụ kiện,Hà Nội,260000.0,Delivered,4,1.0,260000.0
ORD02267,2023-04-19,2023-04,Điện thoại & Phụ kiện,Hà Nội,2090000.0,Delivered,8,1.0,2090000.0
ORD02268,2023-02-05,2023-02,Điện thoại & Phụ kiện,Cần Thơ,410000.0,Canceled,3,0.0,0.0
ORD02269,2023-08-20,2023-08,Điện thoại & Phụ kiện,Đà Nẵng,2210000.0,Delivered,13,4.0,2210000.0
ORD02270,2023-08-17,2023-08,Mỹ phẩm,Đà Nẵng,4440000.0,Delivered,3,2.0,4440000.0
ORD02271,2023-12-19,2023-12,Điện thoại & Phụ kiện,Đà Nẵng,2820000.0,Delivered,13,4.0,2820000.0
ORD02272,2023-06-13,2023-06,Điện thoại & Phụ kiện,TP.HCM,2990000.0,Delivered,9,4.0,2990000.0
ORD02273,2023-03-14,2023-03,Điện thoại & Phụ kiện,Hải Phòng,3000000.0,Delivered,5,3.0,3000000.0
ORD02274,2023-05-16,2023-05,Nhà cửa & Đời sống,Cần Thơ,4920000.0,Canceled,10,0.0,0.0
ORD02275,2023-12-19,2023-12,Thời trang,TP.HCM,4950000.0,Delivered,1,5.0,4950000.0
ORD02276,2023-03-11,2023-03,Thời trang,Đà Nẵng,2430000.0,Delivered,7,2.0,2430000.0
ORD02277,2023-07-15,2023-07,Điện thoại & Phụ kiện,Cần Thơ,4170000.0,Delivered,7,5.0,4170000.0
ORD02278,2023-09-26,2023-09,Nhà cửa & Đời sống,TP.HCM,1910000.0,Delivered,6,3.0,1910000.0
ORD02279,2023-02-18,2023-02,Mỹ phẩm,Hà Nội,1550000.0,Delivered,6,3.0,1550000.0
ORD02280,2023-11-12,2023-11,Điện thoại & Phụ kiện,Đà Nẵng,590000.0,Delivered,3,2.0,590000.0
ORD02281,2023-05-10,2023-05,Điện thoại & Phụ kiện,TP.HCM,4390000.0,Returned,3,0.0,0.0
ORD02282,2023-01-05,2023-01,Điện thoại & Phụ kiện,Hà Nội,4410000.0,Delivered,10,2.0,4410000.0
ORD02283,2023-01-27,2023-01,Điện thoại & Phụ kiện,Đà Nẵng,1120000.0,Delivered,11,2.0,1120000.0
ORD02284,2023-06-09,2023-06,Thời trang,Hải Phòng,420000.0,Delivered,9,1.0,420000.0
ORD02285,2023-05-29,2023-05,Nhà cửa & Đời sống,Đà Nẵng,4800000.0,Delivered,1,5.0,4800000.0
ORD02286,2023-09-21,2023-09,Thời trang,Hải Phòng,980000.0,Delivered,7,1.0,980000.0
ORD02287,2023-08-18,2023-08,Mỹ phẩm,Hải Phòng,4940000.0,Returned,13,0.0,0.0
ORD02288,2023-07-19,2023-07,Thời trang,Hải Phòng,4200000.0,Delivered,12,1.0,4200000.0
ORD02289,2023-02-19,2023-02,Mỹ phẩm,Cần Thơ,3940000.0,Delivered,11,4.0,3940000.0
ORD02290,2023-03-08,2023-03,Mỹ phẩm,Cần Thơ,3500000.0,Delivered,10,3.0,3500000.0
ORD02291,2023-10-27,2023-10,Điện thoại & Phụ kiện,Hải Phòng,3240000.0,Delivered,7,3.0,3240000.0
ORD02292,2023-02-27,2023-02,Điện thoại & Phụ kiện,Hà Nội,2500000.0,Delivered,8,4.0,2500000.0
ORD02293,2023-09-16,2023-09,Thời trang,Hải Phòng,2750000.0,Returned,6,0.0,0.0
ORD02294,2023-12-08,2023-12,Điện thoại & Phụ kiện,TP.HCM,2320000.0,Delivered,8,5.0,2320000.0
ORD02295,2023-11-22,2023-11,Điện thoại & Phụ kiện,Hải Phòng,2450000.0,Delivered,1,5.0,2450000.0
ORD02296,2023-05-10,2023-05,Thời trang,Cần Thơ,1620000.0,Delivered,1,5.0,1620000.0
ORD02297,2023-08-03,2023-08,Nhà cửa & Đời sống,Cần Thơ,4770000.0,Delivered,9,1.0,4770000.0
ORD02298,2023-06-21,2023-06,Thời trang,TP.HCM,660000.0,Delivered,12,5.0,660000.0
ORD02299,2023-09-15,2023-09,Mỹ phẩm,TP.HCM,3310000.0,Delivered,4,5.0,3310000.0
ORD02300,2023-04-12,2023-04,Thời trang,Đà Nẵng,3840000.0,Delivered,3,5.0,3840000.0
ORD02301,2023-07-28,2023-07,Mỹ phẩm,Hà Nội,1210000.0,Delivered,6,3.0,1210000.0
ORD02302,2023-10-18,2023-10,Thời trang,Hà Nội,240000.0,Delivered,10,4.0,240000.0
ORD02303,2023-12-20,2023-12,Mỹ phẩm,Hà Nội,4210000.0,Delivered,12,2.0,4210000.0
ORD02304,2023-10-13,2023-10,Thời trang,Cần Thơ,2780000.0,Delivered,13,4.0,2780000.0
ORD02305,2023-04-26,2023-04,Thời trang,Hà Nội,1230000.0,Delivered,12,5.0,1230000.0
ORD02306,2023-09-21,2023-09,Thời trang,Đà Nẵng,2610000.0,Delivered,9,2.0,2610000.0
ORD02307,2023-05-30,2023-05,Thời trang,Đà Nẵng,3830000.0,Delivered,10,2.0,3830000.0
ORD02308,2023-10-27,2023-10,Điện thoại & Phụ kiện,Hà Nội,1510000.0,Returned,11,0.0,0.0
ORD02309,2023-02-05,2023-02,Điện thoại & Phụ kiện,TP.HCM,1230000.0,Delivered,4,4.0,1230000.0
ORD02310,2023-11-29,2023-11,Điện thoại & Phụ kiện,Đà Nẵng,4590000.0,Delivered,9,4.0,4590000.0
ORD02311,2023-10-14,2023-10,Mỹ phẩm,TP.HCM,2990000.0,Delivered,5,4.0,2990000.0
ORD02312,2023-10-30,2023-10,Điện thoại & Phụ kiện,Cần Thơ,4920000.0,Delivered,13,1.0,4920000.0
ORD02313,2023-11-07,2023-11,Điện thoại & Phụ kiện,Đà Nẵng,3660000.0,Canceled,7,0.0,0.0
ORD02314,2023-07-27,2023-07,Mỹ phẩm,TP.HCM,340000.0,Delivered,3,3.0,340000.0
ORD02315,2023-04-16,2023-04,Điện thoại & Phụ kiện,Hà Nội,3770000.0,Canceled,3,0.0,0.0
ORD02316,2023-06-07,2023-06,Thời trang,Cần Thơ,3190000.0,Delivered,12,1.0,3190000.0
ORD02317,2023-05-01,2023-05,Điện thoại & Phụ kiện,Hải Phòng,2640000.0,Delivered,3,2.0,2640000.0
ORD02318,2023-02-24,2023-02,Nhà cửa & Đời sống,Hải Phòng,4720000.0,Delivered,8,4.0,4720000.0
ORD02319,2023-01-12,2023-01,Mỹ phẩm,Hà Nội,2770000.0,Delivered,6,5.0,2770000.0
ORD02320,2023-05-25,2023-05,Mỹ phẩm,Cần Thơ,1350000.0,Canceled,9,0.0,0.0
ORD02321,2023-05-16,2023-05,Thời trang,Cần Thơ,4020000.0,Delivered,9,3.0,4020000.0
ORD02322,2023-01-03,2023-01,Mỹ phẩm,Cần Thơ,2590000.0,Canceled,8,0.0,0.0
ORD02323,2023-05-24,2023-05,Điện thoại & Phụ kiện,Cần Thơ,2960000.0,Delivered,1,4.0,2960000.0
ORD02324,2023-01-30,2023-01,Điện thoại & Phụ kiện,Hải Phòng,3430000.0,Delivered,6,4.0,3430000.0
ORD02325,2023-08-25,2023-08,Điện thoại & Phụ kiện,TP.HCM,4860000.0,Returned,4,0.0,0.0
ORD02326,2023-10-06,2023-10,Thời trang,Cần Thơ,620000.0,Delivered,4,4.0,620000.0
ORD02327,2023-12-14,2023-12,Thời trang,TP.HCM,3770000.0,Delivered,3,1.0,3770000.0
ORD02328,2023-04-25,2023-04,Thời trang,Cần Thơ,520000.0,Canceled,12,0.0,0.0
ORD02329,2023-04-14,2023-04,Điện thoại & Phụ kiện,Đà Nẵng,1750000.0,Delivered,9,3.0,1750000.0
ORD02330,2023-04-28,2023-04,Thời trang,Đà Nẵng,510000.0,Delivered,2,3.0,510000.0
ORD02331,2023-01-05,2023-01,Mỹ phẩm,Đà Nẵng,3890000.0,Returned,1,0.0,0.0
ORD02332,2023-12-26,2023-12,Thời trang,Cần Thơ,4650000.0,Delivered,10,3.0,4650000.0
ORD02333,2023-09-05,2023-09,Mỹ phẩm,TP.HCM,1850000.0,Delivered,3,5.0,1850000.0
ORD02334,2023-12-30,2023-12,Điện thoại & Phụ kiện,Hải Phòng,760000.0,Delivered,13,1.0,760000.0
ORD02335,2023-11-17,2023-11,Mỹ phẩm,Hà Nội,750000.0,Delivered,4,2.0,750000.0
ORD02336,2023-05-01,2023-05,Thời trang,Hải Phòng,4090000.0,Delivered,4,5.0,4090000.0
ORD02337,2023-10-13,2023-10,Điện thoại & Phụ kiện,Cần Thơ,920000.0,Delivered,6,3.0,920000.0
ORD02338,2023-05-29,2023-05,Điện thoại & Phụ kiện,Đà Nẵng,3590000.0,Canceled,1,0.0,0.0
ORD02339,2023-03-25,2023-03,Thời trang,Đà Nẵng,1140000.0,Delivered,1,4.0,1140000.0
ORD02340,2023-08-19,2023-08,Mỹ phẩm,TP.HCM,4090000.0,Returned,2,0.0,0.0
ORD02341,2023-10-15,2023-10,Thời trang,Cần Thơ,2960000.0,Canceled,4,0.0,0.0
ORD02342,2023-06-10,2023-06,Điện thoại & Phụ kiện,Hải Phòng,3830000.0,Returned,7,0.0,0.0
ORD02343,2023-09-29,2023-09,Mỹ phẩm,Cần Thơ,1950000.0,Delivered,6,5.0,1950000.0
ORD02344,2023-02-07,2023-02,Thời trang,Cần Thơ,2930000.0,Delivered,11,2.0,2930000.0
ORD02345,2023-08-14,2023-08,Thời trang,Đà Nẵng,130000.0,Delivered,9,3.0,130000.0
ORD02346,2023-05-22,2023-05,Thời trang,Hải Phòng,1470000.0,Delivered,7,1.0,1470000.0
ORD02347,2023-10-19,2023-10,Điện thoại & Phụ kiện,Hà Nội,1880000.0,Delivered,12,1.0,1880000.0
ORD02348,2023-05-31,2023-05,Thời trang,Đà Nẵng,2460000.0,Canceled,5,0.0,0.0
ORD02349,2023-04-24,2023-04,Điện thoại & Phụ kiện,Hải Phòng,270000.0,Delivered,6,1.0,270000.0
ORD02350,2023-08-25,2023-08,Nhà cửa & Đời sống,TP.HCM,3120000.0,Delivered,10,5.0,3120000.0
ORD02351,2023-03-07,2023-03,Thời trang,Đà Nẵng,4250000.0,Delivered,9,1.0,4250000.0
ORD02352,2023-12-27,2023-12,Thời trang,TP.HCM,4230000.0,Canceled,1,0.0,0.0
ORD02353,2023-12-07,2023-12,Thời trang,Đà Nẵng,4290000.0,Returned,11,0.0,0.0
ORD02354,2023-09-15,2023-09,Nhà cửa & Đời sống,Cần Thơ,180000.0,Delivered,9,5.0,180000.0
ORD02355,2023-09-06,2023-09,Mỹ phẩm,Hải Phòng,4290000.0,Delivered,6,3.0,4290000.0
ORD02356,2023-11-27,2023-11,Thời trang,TP.HCM,380000.0,Returned,12,0.0,0.0
ORD02357,2023-11-19,2023-11,Mỹ phẩm,Đà Nẵng,1530000.0,Delivered,4,1.0,1530000.0
ORD02358,2023-06-29,2023-06,Thời trang,TP.HCM,3570000.0,Delivered,12,2.0,3570000.0
ORD02359,2023-07-09,2023-07,Thời trang,Đà Nẵng,1580000.0,Delivered,5,2.0,1580000.0
ORD02360,2023-06-03,2023-06,Điện thoại & Phụ kiện,Đà Nẵng,730000.0,Delivered,13,5.0,730000.0
ORD02361,2023-07-15,2023-07,Thời trang,Hà Nội,3760000.0,Delivered,1,3.0,3760000.0
ORD02362,2023-11-07,2023-11,Điện thoại & Phụ kiện,Hà Nội,4590000.0,Canceled,7,0.0,0.0
ORD02363,2023-09-19,2023-09,Nhà cửa & Đời sống,Hà Nội,3890000.0,Delivered,13,5.0,3890000.0
ORD02364,2023-05-23,2023-05,Điện thoại & Phụ kiện,TP.HCM,1960000.0,Delivered,13,4.0,1960000.0
ORD02365,2023-12-08,2023-12,Nhà cửa & Đời sống,Cần Thơ,3750000.0,Delivered,8,3.0,3750000.0
ORD02366,2023-11-12,2023-11,Thời trang,Đà Nẵng,2360000.0,Delivered,11,3.0,2360000.0
ORD02367,2023-04-11,2023-04,Thời trang,Hải Phòng,1270000.0,Canceled,5,0.0,0.0
ORD02368,2023-09-01,2023-09,Thời trang,Hà Nội,4210000.0,Canceled,2,0.0,0.0
ORD02369,2023-01-12,2023-01,Điện thoại & Phụ kiện,TP.HCM,4480000.0,Delivered,8,3.0,4480000.0
ORD02370,2023-08-27,2023-08,Điện thoại & Phụ kiện,TP.HCM,3650000.0,Canceled,10,0.0,0.0
ORD02371,2023-02-18,2023-02,Điện thoại & Phụ kiện,TP.HCM,2630000.0,Delivered,7,3.0,2630000.0
ORD02372,2023-02-11,2023-02,Thời trang,Hải Phòng,400000.0,Delivered,10,3.0,400000.0
ORD02373,2023-06-15,2023-06,Thời trang,Hải Phòng,1700000.0,Canceled,9,0.0,0.0
ORD02374,2023-03-23,2023-03,Mỹ phẩm,Hà Nội,2240000.0,Delivered,4,4.0,2240000.0
ORD02375,2023-10-18,2023-10,Điện thoại & Phụ kiện,Hải Phòng,4530000.0,Delivered,11,2.0,4530000.0
ORD02376,2023-06-07,2023-06,Điện thoại & Phụ kiện,Hà Nội,1780000.0,Delivered,9,4.0,1780000.0
ORD02377,2023-08-04,2023-08,Thời trang,Hải Phòng,900000.0,Delivered,4,2.0,900000.0
ORD02378,2023-06-07,2023-06,Nhà cửa & Đời sống,Hải Phòng,550000.0,Delivered,3,4.0,550000.0
ORD02379,2023-05-14,2023-05,Mỹ phẩm,Hải Phòng,580000.0,Delivered,11,4.0,580000.0
ORD02380,2023-03-08,2023-03,Thời trang,Hà Nội,4580000.0,Canceled,3,0.0,0.0
ORD02381,2023-12-02,2023-12,Thời trang,Đà Nẵng,3070000.0,Canceled,10,0.0,0.0
ORD02382,2023-01-07,2023-01,Điện thoại & Phụ kiện,Hà Nội,4160000.0,Canceled,2,0.0,0.0
ORD02383,2023-01-14,2023-01,Nhà cửa & Đời sống,Đà Nẵng,3770000.0,Delivered,10,3.0,3770000.0
ORD02384,2023-03-14,2023-03,Thời trang,TP.HCM,2920000.0,Delivered,3,1.0,2920000.0
ORD02385,2023-06-12,2023-06,Điện thoại & Phụ kiện,TP.HCM,4820000.0,Delivered,8,4.0,4820000.0
ORD02386,2023-03-07,2023-03,Thời trang,Hà Nội,4250000.0,Delivered,11,1.0,4250000.0
ORD02387,2023-12-13,2023-12,Điện thoại & Phụ kiện,Đà Nẵng,4760000.0,Canceled,8,0.0,0.0
ORD02388,2023-05-10,2023-05,Nhà cửa & Đời sống,Đà Nẵng,970000.0,Returned,2,0.0,0.0
ORD02389,2023-07-25,2023-07,Điện thoại & Phụ kiện,Đà Nẵng,1300000.0,Delivered,11,1.0,1300000.0
ORD02390,2023-10-03,2023-10,Thời trang,TP.HCM,120000.0,Delivered,2,1.0,120000.0
ORD02391,2023-09-13,2023-09,Điện thoại & Phụ kiện,Hà Nội,3250000.0,Delivered,2,1.0,3250000.0
ORD02392,2023-09-23,2023-09,Mỹ phẩm,Cần Thơ,4690000.0,Delivered,10,2.0,4690000.0
ORD02393,2023-01-25,2023-01,Mỹ phẩm,Đà Nẵng,2360000.0,Delivered,7,4.0,2360000.0
ORD02394,2023-10-08,2023-10,Thời trang,Đà Nẵng,880000.0,Returned,6,0.0,0.0
ORD02395,2023-09-10,2023-09,Thời trang,Cần Thơ,1540000.0,Delivered,12,1.0,1540000.0
ORD02396,2023-11-06,2023-11,Mỹ phẩm,Hà Nội,2510000.0,Delivered,11,3.0,2510000.0
ORD02397,2023-10-16,2023-10,Điện thoại & Phụ kiện,Đà Nẵng,410000.0,Delivered,1,2.0,410000.0
ORD02398,2023-06-13,2023-06,Điện thoại & Phụ kiện,Hà Nội,2720000.0,Delivered,2,3.0,2720000.0
ORD02399,2023-04-05,2023-04,Điện thoại & Phụ kiện,Đà Nẵng,2200000.0,Canceled,1,0.0,0.0
ORD02400,2023-09-27,2023-09,Nhà cửa & Đời sống,Hải Phòng,800000.0,Delivered,12,1.0,800000.0
ORD02401,2023-11-17,2023-11,Điện thoại & Phụ kiện,Đà Nẵng,3930000.0,Delivered,11,5.0,3930000.0
ORD02402,2023-04-20,2023-04,Mỹ phẩm,Hải Phòng,2060000.0,Delivered,7,1.0,2060000.0
ORD02403,2023-12-02,2023-12,Thời trang,Hà Nội,670000.0,Delivered,6,5.0,670000.0
ORD02404,2023-11-06,2023-11,Điện thoại & Phụ kiện,Đà Nẵng,4330000.0,Delivered,2,2.0,4330000.0
ORD02405,2023-08-26,2023-08,Điện thoại & Phụ kiện,TP.HCM,4780000.0,Delivered,2,5.0,4780000.0
ORD02406,2023-01-25,2023-01,Điện thoại & Phụ kiện,TP.HCM,1210000.0,Delivered,2,1.0,1210000.0
ORD02407,2023-05-21,2023-05,Thời trang,Cần Thơ,570000.0,Delivered,8,1.0,570000.0
ORD02408,2023-04-27,2023-04,Điện thoại & Phụ kiện,TP.HCM,4440000.0,Delivered,7,3.0,4440000.0
ORD02409,2023-01-25,2023-01,Điện thoại & Phụ kiện,Hải Phòng,1940000.0,Delivered,1,1.0,1940000.0
ORD02410,2023-03-20,2023-03,Mỹ phẩm,TP.HCM,3760000.0,Delivered,4,1.0,3760000.0
ORD02411,2023-03-09,2023-03,Nhà cửa & Đời sống,TP.HCM,3360000.0,Delivered,11,4.0,3360000.0
ORD02412,2023-06-22,2023-06,Điện thoại & Phụ kiện,TP.HCM,1740000.0,Returned,4,0.0,0.0
ORD02413,2023-01-12,2023-01,Điện thoại & Phụ kiện,Đà Nẵng,2240000.0,Delivered,7,3.0,2240000.0
ORD02414,2023-10-15,2023-10,Điện thoại & Phụ kiện,Cần Thơ,3400000.0,Delivered,2,5.0,3400000.0
ORD02415,2023-05-08,2023-05,Thời trang,Hà Nội,3390000.0,Canceled,4,0.0,0.0
ORD02416,2023-04-06,2023-04,Mỹ phẩm,Cần Thơ,1300000.0,Delivered,1,4.0,1300000.0
ORD02417,2023-04-02,2023-04,Điện thoại & Phụ kiện,Hải Phòng,2220000.0,Delivered,13,2.0,2220000.0
ORD02418,2023-05-21,2023-05,Điện thoại & Phụ kiện,Đà Nẵng,3200000.0,Delivered,13,4.0,3200000.0
ORD02419,2023-01-31,2023-01,Mỹ phẩm,Đà Nẵng,500000.0,Delivered,11,2.0,500000.0
ORD02420,2023-11-30,2023-11,Thời trang,TP.HCM,3620000.0,Delivered,11,5.0,3620000.0
ORD02421,2023-01-20,2023-01,Điện thoại & Phụ kiện,TP.HCM,4130000.0,Returned,4,0.0,0.0
ORD02422,2023-05-26,2023-05,Thời trang,Hải Phòng,2980000.0,Delivered,11,1.0,2980000.0
ORD02423,2023-11-12,2023-11,Điện thoại & Phụ kiện,Đà Nẵng,1770000.0,Canceled,1,0.0,0.0
ORD02424,2023-06-09,2023-06,Điện thoại & Phụ kiện,Hà Nội,4920000.0,Delivered,2,2.0,4920000.0
ORD02425,2023-12-15,2023-12,Mỹ phẩm,Cần Thơ,430000.0,Delivered,2,2.0,430000.0
ORD02426,2023-02-12,2023-02,Mỹ phẩm,Đà Nẵng,3270000.0,Returned,12,0.0,0.0
ORD02427,2023-09-11,2023-09,Thời trang,Hà Nội,4930000.0,Delivered,10,3.0,4930000.0
ORD02428,2023-05-10,2023-05,Nhà cửa & Đời sống,Hà Nội,4840000.0,Delivered,12,1.0,4840000.0
ORD02429,2023-03-01,2023-03,Thời trang,Cần Thơ,2840000.0,Delivered,3,4.0,2840000.0
ORD02430,2023-05-31,2023-05,Mỹ phẩm,Hà Nội,4360000.0,Canceled,8,0.0,0.0
ORD02431,2023-10-14,2023-10,Thời trang,Hải Phòng,2060000.0,Delivered,11,5.0,2060000.0
ORD02432,2023-01-05,2023-01,Mỹ phẩm,Hà Nội,2000000.0,Delivered,6,2.0,2000000.0
ORD02433,2023-09-23,2023-09,Nhà cửa & Đời sống,Hải Phòng,2300000.0,Delivered,6,4.0,2300000.0
ORD02434,2023-12-11,2023-12,Điện thoại & Phụ kiện,Hà Nội,190000.0,Delivered,9,1.0,190000.0
ORD02435,2023-05-10,2023-05,Nhà cửa & Đời sống,TP.HCM,1290000.0,Returned,8,0.0,0.0
ORD02436,2023-09-24,2023-09,Mỹ phẩm,Hà Nội,1320000.0,Delivered,2,5.0,1320000.0
ORD02437,2023-06-27,2023-06,Mỹ phẩm,Hải Phòng,2560000.0,Delivered,6,5.0,2560000.0
ORD02438,2023-09-10,2023-09,Điện thoại & Phụ kiện,Hà Nội,3690000.0,Delivered,1,3.0,3690000.0
ORD02439,2023-02-25,2023-02,Mỹ phẩm,Hà Nội,4060000.0,Delivered,13,5.0,4060000.0
ORD02440,2023-03-24,2023-03,Mỹ phẩm,Hà Nội,2300000.0,Delivered,9,3.0,2300000.0
ORD02441,2023-04-09,2023-04,Điện thoại & Phụ kiện,Hải Phòng,2700000.0,Delivered,4,1.0,2700000.0
ORD02442,2023-05-29,2023-05,Nhà cửa & Đời sống,Hà Nội,670000.0,Returned,4,0.0,0.0
ORD02443,2023-11-25,2023-11,Điện thoại & Phụ kiện,Cần Thơ,3240000.0,Delivered,9,3.0,3240000.0
ORD02444,2023-06-05,2023-06,Điện thoại & Phụ kiện,Cần Thơ,4690000.0,Delivered,3,2.0,4690000.0
ORD02445,2023-07-09,2023-07,Thời trang,Hải Phòng,1370000.0,Delivered,5,2.0,1370000.0
ORD02446,2023-09-20,2023-09,Thời trang,TP.HCM,1960000.0,Delivered,1,4.0,1960000.0
ORD02447,2023-03-21,2023-03,Thời trang,Cần Thơ,2140000.0,Delivered,6,5.0,2140000.0
ORD02448,2023-09-09,2023-09,Điện thoại & Phụ kiện,Đà Nẵng,950000.0,Delivered,3,2.0,950000.0
ORD02449,2023-04-07,2023-04,Nhà cửa & Đời sống,Cần Thơ,1130000.0,Returned,1,0.0,0.0
ORD02450,2023-09-17,2023-09,Điện thoại & Phụ kiện,Đà Nẵng,1520000.0,Delivered,10,4.0,1520000.0
ORD02451,2023-09-17,2023-09,Điện thoại & Phụ kiện,Hải Phòng,2140000.0,Delivered,6,2.0,2140000.0
ORD02452,2023-04-13,2023-04,Điện thoại & Phụ kiện,TP.HCM,1380000.0,Delivered,12,5.0,1380000.0
ORD02453,2023-02-09,2023-02,Thời trang,Đà Nẵng,2550000.0,Delivered,10,5.0,2550000.0
ORD02454,2023-09-30,2023-09,Nhà cửa & Đời sống,Đà Nẵng,470000.0,Delivered,2,2.0,470000.0
ORD02455,2023-04-11,2023-04,Thời trang,Cần Thơ,3720000.0,Delivered,8,4.0,3720000.0
ORD02456,2023-12-25,2023-12,Mỹ phẩm,Đà Nẵng,1180000.0,Delivered,13,1.0,1180000.0
ORD02457,2023-11-04,2023-11,Điện thoại & Phụ kiện,Hải Phòng,3180000.0,Delivered,11,2.0,3180000.0
ORD02458,2023-08-09,2023-08,Thời trang,Hải Phòng,610000.0,Canceled,12,0.0,0.0
ORD02459,2023-11-04,2023-11,Thời trang,Hải Phòng,100000.0,Delivered,2,1.0,100000.0
ORD02460,2023-05-04,2023-05,Thời trang,Cần Thơ,200000.0,Delivered,4,4.0,200000.0
ORD02461,2023-08-19,2023-08,Điện thoại & Phụ kiện,TP.HCM,3230000.0,Returned,3,0.0,0.0
ORD02462,2023-06-27,2023-06,Thời trang,Cần Thơ,2440000.0,Delivered,9,4.0,2440000.0
ORD02463,2023-03-04,2023-03,Thời trang,Hải Phòng,1370000.0,Delivered,2,2.0,1370000.0
ORD02464,2023-04-26,2023-04,Mỹ phẩm,Cần Thơ,4330000.0,Delivered,3,4.0,4330000.0
ORD02465,2023-07-10,2023-07,Thời trang,Hải Phòng,2230000.0,Delivered,7,5.0,2230000.0
ORD02466,2023-03-03,2023-03,Điện thoại & Phụ kiện,Hà Nội,4920000.0,Delivered,4,2.0,4920000.0
ORD02467,2023-09-13,2023-09,Thời trang,Hà Nội,4530000.0,Delivered,6,5.0,4530000.0
ORD02468,2023-01-07,2023-01,Điện thoại & Phụ kiện,Đà Nẵng,2520000.0,Delivered,3,5.0,2520000.0
ORD02469,2023-06-04,2023-06,Mỹ phẩm,TP.HCM,530000.0,Delivered,1,1.0,530000.0
ORD02470,2023-04-02,2023-04,Thời trang,Hà Nội,150000.0,Delivered,11,3.0,150000.0
ORD02471,2023-01-14,2023-01,Điện thoại & Phụ kiện,Hải Phòng,1650000.0,Delivered,6,4.0,1650000.0
ORD02472,2023-08-17,2023-08,Nhà cửa & Đời sống,Cần Thơ,4240000.0,Canceled,4,0.0,0.0
ORD02473,2023-03-27,2023-03,Thời trang,Cần Thơ,170000.0,Returned,2,0.0,0.0
ORD02474,2023-05-13,2023-05,Điện thoại & Phụ kiện,Đà Nẵng,140000.0,Delivered,7,4.0,140000.0
ORD02475,2023-07-02,2023-07,Thời trang,Cần Thơ,3710000.0,Delivered,10,1.0,3710000.0
ORD02476,2023-03-03,2023-03,Điện thoại & Phụ kiện,Hà Nội,1910000.0,Delivered,13,4.0,1910000.0
ORD02477,2023-08-07,2023-08,Mỹ phẩm,Cần Thơ,1210000.0,Canceled,12,0.0,0.0
ORD02478,2023-09-03,2023-09,Mỹ phẩm,Hà Nội,2820000.0,Canceled,13,0.0,0.0
ORD02479,2023-08-18,2023-08,Nhà cửa & Đời sống,Hà Nội,4310000.0,Delivered,5,1.0,4310000.0
ORD02480,2023-03-20,2023-03,Thời trang,TP.HCM,2740000.0,Delivered,6,4.0,2740000.0
ORD02481,2023-05-29,2023-05,Thời trang,Đà Nẵng,4670000.0,Returned,6,0.0,0.0
ORD02482,2023-05-18,2023-05,Mỹ phẩm,Hải Phòng,2210000.0,Delivered,9,1.0,2210000.0
ORD02483,2023-11-10,2023-11,Điện thoại & Phụ kiện,Hà Nội,870000.0,Delivered,12,1.0,870000.0
ORD02484,2023-03-06,2023-03,Thời trang,Đà Nẵng,2790000.0,Delivered,2,1.0,2790000.0
ORD02485,2023-01-13,2023-01,Thời trang,Hải Phòng,1630000.0,Delivered,12,5.0,1630000.0
ORD02486,2023-08-01,2023-08,Điện thoại & Phụ kiện,Cần Thơ,2300000.0,Delivered,6,1.0,2300000.0
ORD02487,2023-08-30,2023-08,Thời trang,Đà Nẵng,3780000.0,Delivered,9,5.0,3780000.0
ORD02488,2023-08-01,2023-08,Mỹ phẩm,Đà Nẵng,4550000.0,Delivered,12,3.0,4550000.0
ORD02489,2023-06-30,2023-06,Mỹ phẩm,Đà Nẵng,3560000.0,Canceled,4,0.0,0.0
ORD02490,2023-12-04,2023-12,Điện thoại & Phụ kiện,Cần Thơ,340000.0,Delivered,13,5.0,340000.0
ORD02491,2023-06-22,2023-06,Điện thoại & Phụ kiện,Cần Thơ,4730000.0,Delivered,12,4.0,4730000.0
ORD02492,2023-06-09,2023-06,Điện thoại & Phụ kiện,Đà Nẵng,4290000.0,Delivered,13,1.0,4290000.0
ORD02493,2023-06-13,2023-06,Mỹ phẩm,TP.HCM,3630000.0,Delivered,13,2.0,3630000.0
ORD02494,2023-07-07,2023-07,Điện thoại & Phụ kiện,Hà Nội,2170000.0,Returned,11,0.0,0.0
ORD02495,2023-07-10,2023-07,Mỹ phẩm,Cần Thơ,4260000.0,Canceled,6,0.0,0.0
ORD02496,2023-11-04,2023-11,Điện thoại & Phụ kiện,TP.HCM,120000.0,Delivered,7,2.0,120000.0
ORD02497,2023-09-13,2023-09,Thời trang,Cần Thơ,2240000.0,Delivered,1,3.0,2240000.0
ORD02498,2023-07-02,2023-07,Điện thoại & Phụ kiện,Đà Nẵng,4040000.0,Delivered,5,5.0,4040000.0
ORD02499,2023-04-27,2023-04,Mỹ phẩm,TP.HCM,1210000.0,Delivered,4,5.0,1210000.0
ORD02500,2023-10-09,2023-10,Điện thoại & Phụ kiện,Hải Phòng,4510000.0,Delivered,13,3.0,4510000.0
ORD02501,2023-07-15,2023-07,Thời trang,Hà Nội,2010000.0,Delivered,13,5.0,2010000.0
ORD02502,2023-02-03,2023-02,Điện thoại & Phụ kiện,Hà Nội,4110000.0,Returned,13,0.0,0.0
ORD02503,2023-02-21,2023-02,Mỹ phẩm,Cần Thơ,560000.0,Delivered,10,5.0,560000.0
ORD02504,2023-04-22,2023-04,Mỹ phẩm,Hà Nội,4980000.0,Delivered,2,1.0,4980000.0
ORD02505,2023-09-09,2023-09,Điện thoại & Phụ kiện,Hải Phòng,4370000.0,Delivered,2,5.0,4370000.0
ORD02506,2023-03-23,2023-03,Mỹ phẩm,TP.HCM,2300000.0,Delivered,2,4.0,2300000.0
ORD02507,2023-08-20,2023-08,Thời trang,TP.HCM,1960000.0,Delivered,7,4.0,1960000.0
ORD02508,2023-08-15,2023-08,Điện thoại & Phụ kiện,Đà Nẵng,590000.0,Delivered,11,2.0,590000.0
ORD02509,2023-08-21,2023-08,Thời trang,TP.HCM,2060000.0,Returned,13,0.0,0.0
ORD02510,2023-08-09,2023-08,Điện thoại & Phụ kiện,Cần Thơ,2250000.0,Delivered,11,3.0,2250000.0
ORD02511,2023-02-11,2023-02,Mỹ phẩm,Hải Phòng,4220000.0,Delivered,4,2.0,4220000.0
ORD02512,2023-01-21,2023-01,Mỹ phẩm,Đà Nẵng,2300000.0,Delivered,6,4.0,2300000.0
ORD02513,2023-02-11,2023-02,Điện thoại & Phụ kiện,Cần Thơ,3890000.0,Canceled,7,0.0,0.0
ORD02514,2023-04-23,2023-04,Thời trang,Cần Thơ,990000.0,Delivered,9,5.0,990000.0
ORD02515,2023-04-15,2023-04,Mỹ phẩm,Cần Thơ,2410000.0,Delivered,11,4.0,2410000.0
ORD02516,2023-07-11,2023-07,Nhà cửa & Đời sống,Hà Nội,3320000.0,Canceled,2,0.0,0.0
ORD02517,2023-01-17,2023-01,Thời trang,Cần Thơ,2670000.0,Delivered,10,2.0,2670000.0
ORD02518,2023-04-30,2023-04,Nhà cửa & Đời sống,Hà Nội,1620000.0,Returned,12,0.0,0.0
ORD02519,2023-05-09,2023-05,Thời trang,TP.HCM,2650000.0,Delivered,13,4.0,2650000.0
ORD02520,2023-05-10,2023-05,Điện thoại & Phụ kiện,Hà Nội,4120000.0,Delivered,9,2.0,4120000.0
ORD02521,2023-03-01,2023-03,Mỹ phẩm,Cần Thơ,4330000.0,Delivered,11,4.0,4330000.0
ORD02522,2023-02-17,2023-02,Thời trang,Hải Phòng,2670000.0,Delivered,5,2.0,2670000.0
ORD02523,2023-01-29,2023-01,Thời trang,Hải Phòng,4760000.0,Delivered,13,4.0,4760000.0
ORD02524,2023-04-07,2023-04,Thời trang,TP.HCM,740000.0,Delivered,6,1.0,740000.0
ORD02525,2023-01-10,2023-01,Mỹ phẩm,Cần Thơ,1990000.0,Delivered,6,3.0,1990000.0
ORD02526,2023-08-30,2023-08,Mỹ phẩm,Hà Nội,1000000.0,Returned,11,0.0,0.0
ORD02527,2023-11-10,2023-11,Thời trang,Hải Phòng,4470000.0,Delivered,3,5.0,4470000.0
ORD02528,2023-08-20,2023-08,Điện thoại & Phụ kiện,Đà Nẵng,1820000.0,Delivered,11,4.0,1820000.0
ORD02529,2023-10-04,2023-10,Thời trang,Cần Thơ,2560000.0,Delivered,11,3.0,2560000.0
ORD02530,2023-10-11,2023-10,Thời trang,Cần Thơ,2650000.0,Delivered,10,3.0,2650000.0
ORD02531,2023-07-22,2023-07,Điện thoại & Phụ kiện,Đà Nẵng,1250000.0,Delivered,7,5.0,1250000.0
ORD02532,2023-09-04,2023-09,Mỹ phẩm,Hải Phòng,580000.0,Canceled,13,0.0,0.0
ORD02533,2023-10-17,2023-10,Thời trang,Đà Nẵng,2360000.0,Delivered,7,3.0,2360000.0
ORD02534,2023-09-21,2023-09,Điện thoại & Phụ kiện,TP.HCM,4980000.0,Delivered,8,5.0,4980000.0
ORD02535,2023-08-02,2023-08,Điện thoại & Phụ kiện,Hà Nội,780000.0,Delivered,5,5.0,780000.0
ORD02536,2023-07-19,2023-07,Điện thoại & Phụ kiện,Hà Nội,4310000.0,Delivered,2,4.0,4310000.0
ORD02537,2023-03-20,2023-03,Nhà cửa & Đời sống,Hải Phòng,3970000.0,Canceled,13,0.0,0.0
ORD02538,2023-12-09,2023-12,Điện thoại & Phụ kiện,Đà Nẵng,4100000.0,Delivered,3,2.0,4100000.0
ORD02539,2023-12-10,2023-12,Điện thoại & Phụ kiện,Cần Thơ,1350000.0,Delivered,9,3.0,1350000.0
ORD02540,2023-06-22,2023-06,Thời trang,Cần Thơ,4460000.0,Delivered,6,2.0,4460000.0
ORD02541,2023-03-10,2023-03,Điện thoại & Phụ kiện,Cần Thơ,2220000.0,Delivered,8,3.0,2220000.0
ORD02542,2023-03-28,2023-03,Điện thoại & Phụ kiện,TP.HCM,620000.0,Delivered,8,3.0,620000.0
ORD02543,2023-04-11,2023-04,Điện thoại & Phụ kiện,TP.HCM,1210000.0,Canceled,5,0.0,0.0
ORD02544,2023-01-08,2023-01,Thời trang,Cần Thơ,1680000.0,Delivered,1,3.0,1680000.0
ORD02545,2023-11-29,2023-11,Thời trang,Hải Phòng,2490000.0,Delivered,6,3.0,2490000.0
ORD02546,2023-07-19,2023-07,Điện thoại & Phụ kiện,TP.HCM,1590000.0,Delivered,7,1.0,1590000.0
ORD02547,2023-03-28,2023-03,Thời trang,TP.HCM,1480000.0,Delivered,9,5.0,1480000.0
ORD02548,2023-02-12,2023-02,Nhà cửa & Đời sống,Hà Nội,4270000.0,Delivered,2,2.0,4270000.0
ORD02549,2023-04-19,2023-04,Điện thoại & Phụ kiện,Hà Nội,1220000.0,Delivered,12,3.0,1220000.0
ORD02550,2023-06-01,2023-06,Điện thoại & Phụ kiện,Hải Phòng,1520000.0,Delivered,13,1.0,1520000.0
ORD02551,2023-01-17,2023-01,Điện thoại & Phụ kiện,TP.HCM,3790000.0,Delivered,2,3.0,3790000.0
ORD02552,2023-05-13,2023-05,Thời trang,TP.HCM,1470000.0,Canceled,10,0.0,0.0
ORD02553,2023-05-28,2023-05,Mỹ phẩm,Đà Nẵng,4950000.0,Delivered,1,2.0,4950000.0
ORD02554,2023-10-04,2023-10,Điện thoại & Phụ kiện,Hải Phòng,4890000.0,Returned,5,0.0,0.0
ORD02555,2023-08-20,2023-08,Mỹ phẩm,Hải Phòng,4460000.0,Canceled,2,0.0,0.0
ORD02556,2023-11-10,2023-11,Điện thoại & Phụ kiện,Đà Nẵng,3130000.0,Delivered,3,4.0,3130000.0
ORD02557,2023-08-16,2023-08,Thời trang,Đà Nẵng,400000.0,Canceled,2,0.0,0.0
ORD02558,2023-05-19,2023-05,Mỹ phẩm,Hà Nội,3020000.0,Delivered,11,3.0,3020000.0
ORD02559,2023-07-30,2023-07,Điện thoại & Phụ kiện,Hải Phòng,1170000.0,Delivered,4,5.0,1170000.0
ORD02560,2023-01-28,2023-01,Thời trang,Hải Phòng,2930000.0,Delivered,11,2.0,2930000.0
ORD02561,2023-02-20,2023-02,Điện thoại & Phụ kiện,Đà Nẵng,1680000.0,Delivered,3,5.0,1680000.0
ORD02562,2023-09-18,2023-09,Mỹ phẩm,Cần Thơ,3350000.0,Delivered,9,3.0,3350000.0
ORD02563,2023-09-18,2023-09,Điện thoại & Phụ kiện,Cần Thơ,230000.0,Delivered,10,4.0,230000.0
ORD02564,2023-12-16,2023-12,Mỹ phẩm,Hà Nội,1310000.0,Canceled,12,0.0,0.0
ORD02565,2023-12-18,2023-12,Điện thoại & Phụ kiện,Cần Thơ,2240000.0,Delivered,2,4.0,2240000.0
ORD02566,2023-01-08,2023-01,Mỹ phẩm,Cần Thơ,2810000.0,Delivered,7,5.0,2810000.0
ORD02567,2023-11-16,2023-11,Điện thoại & Phụ kiện,Cần Thơ,340000.0,Delivered,11,3.0,340000.0
ORD02568,2023-05-18,2023-05,Mỹ phẩm,TP.HCM,4320000.0,Delivered,3,1.0,4320000.0
ORD02569,2023-02-07,2023-02,Điện thoại & Phụ kiện,Hà Nội,3310000.0,Delivered,10,3.0,3310000.0
ORD02570,2023-04-21,2023-04,Nhà cửa & Đời sống,Đà Nẵng,3030000.0,Returned,8,0.0,0.0
ORD02571,2023-08-08,2023-08,Điện thoại & Phụ kiện,Cần Thơ,1780000.0,Delivered,4,5.0,1780000.0
ORD02572,2023-12-03,2023-12,Điện thoại & Phụ kiện,TP.HCM,1120000.0,Delivered,4,4.0,1120000.0
ORD02573,2023-08-11,2023-08,Thời trang,Cần Thơ,3630000.0,Returned,9,0.0,0.0
ORD02574,2023-05-16,2023-05,Điện thoại & Phụ kiện,TP.HCM,3800000.0,Returned,11,0.0,0.0
ORD02575,2023-09-13,2023-09,Điện thoại & Phụ kiện,Hà Nội,490000.0,Delivered,3,3.0,490000.0
ORD02576,2023-12-26,2023-12,Nhà cửa & Đời sống,Cần Thơ,2440000.0,Delivered,7,1.0,2440000.0
ORD02577,2023-11-25,2023-11,Nhà cửa & Đời sống,TP.HCM,3290000.0,Canceled,1,0.0,0.0
ORD02578,2023-02-18,2023-02,Điện thoại & Phụ kiện,Hải Phòng,980000.0,Returned,7,0.0,0.0
ORD02579,2023-10-19,2023-10,Nhà cửa & Đời sống,Hải Phòng,1090000.0,Delivered,10,5.0,1090000.0
ORD02580,2023-11-20,2023-11,Thời trang,TP.HCM,1530000.0,Delivered,11,3.0,1530000.0
ORD02581,2023-03-19,2023-03,Điện thoại & Phụ kiện,Cần Thơ,910000.0,Delivered,2,3.0,910000.0
ORD02582,2023-04-15,2023-04,Mỹ phẩm,Cần Thơ,860000.0,Delivered,12,5.0,860000.0
ORD02583,2023-06-18,2023-06,Thời trang,Hà Nội,680000.0,Returned,6,0.0,0.0
ORD02584,2023-08-05,2023-08,Nhà cửa & Đời sống,Hà Nội,2380000.0,Delivered,13,4.0,2380000.0
ORD02585,2023-04-29,2023-04,Điện thoại & Phụ kiện,Đà Nẵng,1000000.0,Returned,9,0.0,0.0
ORD02586,2023-07-09,2023-07,Thời trang,Hà Nội,3630000.0,Delivered,6,1.0,3630000.0
ORD02587,2023-09-12,2023-09,Điện thoại & Phụ kiện,Cần Thơ,4040000.0,Returned,3,0.0,0.0
ORD02588,2023-09-23,2023-09,Điện thoại & Phụ kiện,Đà Nẵng,100000.0,Delivered,1,3.0,100000.0
ORD02589,2023-05-29,2023-05,Điện thoại & Phụ kiện,Hà Nội,2780000.0,Canceled,12,0.0,0.0
ORD02590,2023-06-13,2023-06,Nhà cửa & Đời sống,TP.HCM,2950000.0,Returned,12,0.0,0.0
ORD02591,2023-05-20,2023-05,Mỹ phẩm,Hải Phòng,2060000.0,Delivered,4,5.0,2060000.0
ORD02592,2023-12-13,2023-12,Mỹ phẩm,Hà Nội,2830000.0,Delivered,4,4.0,2830000.0
ORD02593,2023-09-15,2023-09,Thời trang,Hà Nội,870000.0,Delivered,13,1.0,870000.0
ORD02594,2023-09-26,2023-09,Điện thoại & Phụ kiện,TP.HCM,1500000.0,Delivered,8,5.0,1500000.0
ORD02595,2023-06-30,2023-06,Điện thoại & Phụ kiện,Cần Thơ,2970000.0,Canceled,10,0.0,0.0
ORD02596,2023-06-09,2023-06,Điện thoại & Phụ kiện,TP.HCM,800000.0,Delivered,10,3.0,800000.0
ORD02597,2023-12-17,2023-12,Điện thoại & Phụ kiện,Hà Nội,4650000.0,Canceled,13,0.0,0.0
ORD02598,2023-10-15,2023-10,Mỹ phẩm,Cần Thơ,590000.0,Delivered,7,4.0,590000.0
ORD02599,2023-10-15,2023-10,Thời trang,Đà Nẵng,4640000.0,Delivered,10,4.0,4640000.0
ORD02600,2023-08-14,2023-08,Điện thoại & Phụ kiện,Hà Nội,3810000.0,Delivered,7,2.0,3810000.0
ORD02601,2023-01-11,2023-01,Điện thoại & Phụ kiện,TP.HCM,3780000.0,Delivered,7,2.0,3780000.0
ORD02602,2023-01-10,2023-01,Điện thoại & Phụ kiện,Đà Nẵng,890000.0,Delivered,12,4.0,890000.0
ORD02603,2023-09-28,2023-09,Thời trang,Hải Phòng,2440000.0,Returned,2,0.0,0.0
ORD02604,2023-09-30,2023-09,Nhà cửa & Đời sống,Đà Nẵng,2960000.0,Delivered,9,1.0,2960000.0
ORD02605,2023-07-02,2023-07,Thời trang,TP.HCM,3160000.0,Delivered,6,4.0,3160000.0
ORD02606,2023-06-02,2023-06,Mỹ phẩm,Đà Nẵng,1640000.0,Delivered,2,1.0,1640000.0
ORD02607,2023-11-11,2023-11,Thời trang,TP.HCM,690000.0,Delivered,1,2.0,690000.0
ORD02608,2023-11-30,2023-11,Điện thoại & Phụ kiện,Hà Nội,420000.0,Delivered,11,1.0,420000.0
ORD02609,2023-05-04,2023-05,Điện thoại & Phụ kiện,Cần Thơ,4460000.0,Delivered,1,4.0,4460000.0
ORD02610,2023-04-24,2023-04,Mỹ phẩm,Hải Phòng,1360000.0,Delivered,1,3.0,1360000.0
ORD02611,2023-10-05,2023-10,Mỹ phẩm,Cần Thơ,2300000.0,Canceled,4,0.0,0.0
ORD02612,2023-08-01,2023-08,Điện thoại & Phụ kiện,Cần Thơ,2090000.0,Delivered,4,5.0,2090000.0
ORD02613,2023-06-21,2023-06,Thời trang,Cần Thơ,4260000.0,Delivered,12,5.0,4260000.0
ORD02614,2023-10-15,2023-10,Thời trang,TP.HCM,1350000.0,Returned,9,0.0,0.0
ORD02615,2023-06-23,2023-06,Thời trang,TP.HCM,500000.0,Delivered,13,3.0,500000.0
ORD02616,2023-04-23,2023-04,Nhà cửa & Đời sống,Hải Phòng,2840000.0,Canceled,12,0.0,0.0
ORD02617,2023-05-02,2023-05,Thời trang,TP.HCM,4780000.0,Delivered,12,5.0,4780000.0
ORD02618,2023-02-01,2023-02,Thời trang,TP.HCM,3060000.0,Delivered,1,4.0,3060000.0
ORD02619,2023-08-10,2023-08,Điện thoại & Phụ kiện,TP.HCM,940000.0,Delivered,3,2.0,940000.0
ORD02620,2023-04-29,2023-04,Điện thoại & Phụ kiện,TP.HCM,980000.0,Delivered,3,5.0,980000.0
ORD02621,2023-02-08,2023-02,Điện thoại & Phụ kiện,Hà Nội,510000.0,Delivered,8,5.0,510000.0
ORD02622,2023-09-25,2023-09,Điện thoại & Phụ kiện,Hải Phòng,1290000.0,Delivered,2,3.0,1290000.0
ORD02623,2023-08-21,2023-08,Mỹ phẩm,TP.HCM,2880000.0,Delivered,6,4.0,2880000.0
ORD02624,2023-01-18,2023-01,Mỹ phẩm,Hải Phòng,4680000.0,Delivered,11,3.0,4680000.0
ORD02625,2023-05-29,2023-05,Điện thoại & Phụ kiện,Đà Nẵng,420000.0,Delivered,4,3.0,420000.0
ORD02626,2023-05-29,2023-05,Mỹ phẩm,Hà Nội,2850000.0,Canceled,13,0.0,0.0
ORD02627,2023-05-06,2023-05,Điện thoại & Phụ kiện,TP.HCM,1620000.0,Canceled,10,0.0,0.0
ORD02628,2023-10-29,2023-10,Điện thoại & Phụ kiện,Hà Nội,990000.0,Delivered,6,4.0,990000.0
ORD02629,2023-12-26,2023-12,Điện thoại & Phụ kiện,Hà Nội,1130000.0,Returned,13,0.0,0.0
ORD02630,2023-08-26,2023-08,Điện thoại & Phụ kiện,Đà Nẵng,4450000.0,Delivered,5,3.0,4450000.0
ORD02631,2023-05-15,2023-05,Điện thoại & Phụ kiện,Hải Phòng,210000.0,Delivered,12,2.0,210000.0
ORD02632,2023-05-31,2023-05,Thời trang,Hà Nội,1690000.0,Delivered,9,2.0,1690000.0
ORD02633,2023-08-24,2023-08,Thời trang,Cần Thơ,4260000.0,Canceled,9,0.0,0.0
ORD02634,2023-08-12,2023-08,Nhà cửa & Đời sống,Đà Nẵng,4670000.0,Canceled,1,0.0,0.0
ORD02635,2023-07-22,2023-07,Điện thoại & Phụ kiện,Cần Thơ,2050000.0,Delivered,3,5.0,2050000.0
ORD02636,2023-09-13,2023-09,Điện thoại & Phụ kiện,Đà Nẵng,4080000.0,Delivered,1,3.0,4080000.0
ORD02637,2023-03-27,2023-03,Điện thoại & Phụ kiện,Cần Thơ,3160000.0,Delivered,6,4.0,3160000.0
ORD02638,2023-05-30,2023-05,Thời trang,Cần Thơ,2710000.0,Delivered,12,2.0,2710000.0
ORD02639,2023-08-23,2023-08,Điện thoại & Phụ kiện,Hà Nội,1000000.0,Delivered,3,5.0,1000000.0
ORD02640,2023-12-11,2023-12,Mỹ phẩm,Hà Nội,2060000.0,Delivered,1,4.0,2060000.0
ORD02641,2023-01-22,2023-01,Thời trang,Đà Nẵng,780000.0,Delivered,6,2.0,780000.0
ORD02642,2023-12-14,2023-12,Thời trang,Hải Phòng,4750000.0,Delivered,5,4.0,4750000.0
ORD02643,2023-10-12,2023-10,Thời trang,Hà Nội,2290000.0,Canceled,12,0.0,0.0
ORD02644,2023-09-26,2023-09,Điện thoại & Phụ kiện,Hà Nội,4280000.0,Delivered,12,2.0,4280000.0
ORD02645,2023-09-15,2023-09,Điện thoại & Phụ kiện,TP.HCM,3880000.0,Delivered,8,4.0,3880000.0
ORD02646,2023-01-29,2023-01,Điện thoại & Phụ kiện,Hà Nội,2230000.0,Delivered,2,2.0,2230000.0
ORD02647,2023-08-01,2023-08,Thời trang,Hải Phòng,4270000.0,Returned,8,0.0,0.0
ORD02648,2023-10-10,2023-10,Điện thoại & Phụ kiện,TP.HCM,4560000.0,Delivered,12,1.0,4560000.0
ORD02649,2023-02-19,2023-02,Điện thoại & Phụ kiện,Cần Thơ,4610000.0,Delivered,5,4.0,4610000.0
ORD02650,2023-04-05,2023-04,Nhà cửa & Đời sống,Cần Thơ,1550000.0,Delivered,8,3.0,1550000.0
ORD02651,2023-03-29,2023-03,Điện thoại & Phụ kiện,TP.HCM,2420000.0,Delivered,12,5.0,2420000.0
ORD02652,2023-02-13,2023-02,Mỹ phẩm,TP.HCM,3800000.0,Delivered,10,2.0,3800000.0
ORD02653,2023-10-05,2023-10,Mỹ phẩm,TP.HCM,4190000.0,Delivered,4,2.0,4190000.0
ORD02654,2023-06-20,2023-06,Điện thoại & Phụ kiện,Đà Nẵng,2430000.0,Delivered,4,2.0,2430000.0
ORD02655,2023-07-08,2023-07,Điện thoại & Phụ kiện,Hải Phòng,2230000.0,Delivered,10,2.0,2230000.0
ORD02656,2023-12-19,2023-12,Điện thoại & Phụ kiện,Hải Phòng,3760000.0,Delivered,4,5.0,3760000.0
ORD02657,2023-07-03,2023-07,Thời trang,Cần Thơ,4900000.0,Delivered,11,3.0,4900000.0
ORD02658,2023-01-03,2023-01,Thời trang,Cần Thơ,700000.0,Returned,6,0.0,0.0
ORD02659,2023-07-10,2023-07,Mỹ phẩm,Cần Thơ,3720000.0,Returned,4,0.0,0.0
ORD02660,2023-04-28,2023-04,Nhà cửa & Đời sống,Hà Nội,870000.0,Delivered,9,5.0,870000.0
ORD02661,2023-01-19,2023-01,Thời trang,Cần Thơ,1040000.0,Delivered,9,4.0,1040000.0
ORD02662,2023-01-23,2023-01,Điện thoại & Phụ kiện,TP.HCM,3390000.0,Canceled,3,0.0,0.0
ORD02663,2023-01-30,2023-01,Điện thoại & Phụ kiện,Cần Thơ,2250000.0,Canceled,7,0.0,0.0
ORD02664,2023-10-22,2023-10,Mỹ phẩm,TP.HCM,2220000.0,Canceled,12,0.0,0.0
ORD02665,2023-04-18,2023-04,Điện thoại & Phụ kiện,Đà Nẵng,3130000.0,Delivered,5,2.0,3130000.0
ORD02666,2023-10-08,2023-10,Điện thoại & Phụ kiện,Hà Nội,2090000.0,Delivered,12,5.0,2090000.0
ORD02667,2023-05-08,2023-05,Mỹ phẩm,Hà Nội,3610000.0,Returned,9,0.0,0.0
ORD02668,2023-08-17,2023-08,Thời trang,Hải Phòng,400000.0,Returned,2,0.0,0.0
ORD02669,2023-04-21,2023-04,Nhà cửa & Đời sống,Đà Nẵng,2990000.0,Delivered,3,3.0,2990000.0
ORD02670,2023-05-16,2023-05,Thời trang,TP.HCM,3520000.0,Returned,10,0.0,0.0
ORD02671,2023-12-28,2023-12,Điện thoại & Phụ kiện,Đà Nẵng,4820000.0,Canceled,5,0.0,0.0
ORD02672,2023-07-05,2023-07,Nhà cửa & Đời sống,Hà Nội,1440000.0,Delivered,12,1.0,1440000.0
ORD02673,2023-05-24,2023-05,Điện thoại & Phụ kiện,TP.HCM,920000.0,Delivered,5,1.0,920000.0
ORD02674,2023-03-13,2023-03,Điện thoại & Phụ kiện,Đà Nẵng,4000000.0,Delivered,10,2.0,4000000.0
ORD02675,2023-05-09,2023-05,Thời trang,Hà Nội,560000.0,Delivered,12,5.0,560000.0
ORD02676,2023-12-30,2023-12,Điện thoại & Phụ kiện,TP.HCM,4010000.0,Returned,7,0.0,0.0
ORD02677,2023-09-18,2023-09,Thời trang,TP.HCM,2150000.0,Delivered,13,3.0,2150000.0
ORD02678,2023-01-03,2023-01,Điện thoại & Phụ kiện,Hà Nội,3940000.0,Canceled,8,0.0,0.0
ORD02679,2023-04-14,2023-04,Thời trang,TP.HCM,3900000.0,Canceled,8,0.0,0.0
ORD02680,2023-08-12,2023-08,Điện thoại & Phụ kiện,Hà Nội,860000.0,Delivered,1,2.0,860000.0
ORD02681,2023-11-16,2023-11,Mỹ phẩm,Cần Thơ,2680000.0,Delivered,1,2.0,2680000.0
ORD02682,2023-12-28,2023-12,Mỹ phẩm,Cần Thơ,4460000.0,Delivered,3,4.0,4460000.0
ORD02683,2023-12-20,2023-12,Điện thoại & Phụ kiện,TP.HCM,1010000.0,Delivered,1,1.0,1010000.0
ORD02684,2023-01-10,2023-01,Điện thoại & Phụ kiện,TP.HCM,4310000.0,Delivered,1,5.0,4310000.0
ORD02685,2023-10-29,2023-10,Điện thoại & Phụ kiện,Hà Nội,4440000.0,Delivered,10,5.0,4440000.0
ORD02686,2023-08-19,2023-08,Điện thoại & Phụ kiện,TP.HCM,4080000.0,Delivered,8,1.0,4080000.0
ORD02687,2023-08-07,2023-08,Mỹ phẩm,Hải Phòng,1090000.0,Delivered,1,5.0,1090000.0
ORD02688,2023-03-07,2023-03,Mỹ phẩm,Cần Thơ,3920000.0,Delivered,9,3.0,3920000.0
ORD02689,2023-04-22,2023-04,Điện thoại & Phụ kiện,TP.HCM,2040000.0,Delivered,2,3.0,2040000.0
ORD02690,2023-01-13,2023-01,Điện thoại & Phụ kiện,TP.HCM,2010000.0,Returned,9,0.0,0.0
ORD02691,2023-03-27,2023-03,Điện thoại & Phụ kiện,Đà Nẵng,770000.0,Delivered,7,4.0,770000.0
ORD02692,2023-08-22,2023-08,Thời trang,TP.HCM,3980000.0,Returned,9,0.0,0.0
ORD02693,2023-03-31,2023-03,Điện thoại & Phụ kiện,Hải Phòng,2510000.0,Returned,3,0.0,0.0
ORD02694,2023-11-10,2023-11,Nhà cửa & Đời sống,Cần Thơ,990000.0,Returned,1,0.0,0.0
ORD02695,2023-02-23,2023-02,Mỹ phẩm,Đà Nẵng,3540000.0,Delivered,1,1.0,3540000.0
ORD02696,2023-01-12,2023-01,Điện thoại & Phụ kiện,Hà Nội,190000.0,Canceled,11,0.0,0.0
ORD02697,2023-07-28,2023-07,Thời trang,Hà Nội,2730000.0,Delivered,10,4.0,2730000.0
ORD02698,2023-01-14,2023-01,Nhà cửa & Đời sống,Cần Thơ,2770000.0,Delivered,6,5.0,2770000.0
ORD02699,2023-05-01,2023-05,Thời trang,Hà Nội,3290000.0,Canceled,7,0.0,0.0
ORD02700,2023-01-20,2023-01,Điện thoại & Phụ kiện,Hải Phòng,1270000.0,Delivered,9,3.0,1270000.0
ORD02701,2023-03-16,2023-03,Điện thoại & Phụ kiện,TP.HCM,2590000.0,Returned,6,0.0,0.0
ORD02702,2023-08-31,2023-08,Mỹ phẩm,Cần Thơ,680000.0,Delivered,5,4.0,680000.0
ORD02703,2023-08-11,2023-08,Thời trang,Đà Nẵng,2040000.0,Delivered,2,4.0,2040000.0
ORD02704,2023-03-11,2023-03,Thời trang,TP.HCM,4840000.0,Delivered,2,4.0,4840000.0
ORD02705,2023-11-08,2023-11,Mỹ phẩm,Hà Nội,590000.0,Delivered,8,4.0,590000.0
ORD02706,2023-07-30,2023-07,Mỹ phẩm,Hà Nội,4160000.0,Delivered,1,2.0,4160000.0
ORD02707,2023-04-11,2023-04,Nhà cửa & Đời sống,Đà Nẵng,3050000.0,Delivered,8,4.0,3050000.0
ORD02708,2023-07-05,2023-07,Điện thoại & Phụ kiện,Hải Phòng,3870000.0,Delivered,11,3.0,3870000.0
ORD02709,2023-05-12,2023-05,Thời trang,Đà Nẵng,1060000.0,Delivered,10,3.0,1060000.0
ORD02710,2023-04-21,2023-04,Mỹ phẩm,Cần Thơ,4710000.0,Delivered,11,5.0,4710000.0
ORD02711,2023-05-12,2023-05,Mỹ phẩm,Đà Nẵng,1360000.0,Delivered,7,3.0,1360000.0
ORD02712,2023-01-20,2023-01,Thời trang,Hà Nội,2550000.0,Delivered,7,3.0,2550000.0
ORD02713,2023-01-24,2023-01,Điện thoại & Phụ kiện,Hải Phòng,960000.0,Delivered,5,2.0,960000.0
ORD02714,2023-08-15,2023-08,Mỹ phẩm,Hải Phòng,4880000.0,Delivered,3,3.0,4880000.0
ORD02715,2023-06-03,2023-06,Mỹ phẩm,Đà Nẵng,860000.0,Delivered,7,1.0,860000.0
ORD02716,2023-10-20,2023-10,Điện thoại & Phụ kiện,Cần Thơ,3860000.0,Delivered,7,3.0,3860000.0
ORD02717,2023-08-18,2023-08,Thời trang,Hà Nội,2130000.0,Delivered,7,5.0,2130000.0
ORD02718,2023-11-06,2023-11,Điện thoại & Phụ kiện,TP.HCM,4920000.0,Delivered,12,5.0,4920000.0
ORD02719,2023-12-25,2023-12,Điện thoại & Phụ kiện,Hải Phòng,1550000.0,Delivered,11,4.0,1550000.0
ORD02720,2023-07-21,2023-07,Điện thoại & Phụ kiện,Đà Nẵng,1580000.0,Delivered,2,2.0,1580000.0
ORD02721,2023-02-07,2023-02,Thời trang,Cần Thơ,1200000.0,Delivered,3,5.0,1200000.0
ORD02722,2023-09-17,2023-09,Thời trang,Cần Thơ,4990000.0,Delivered,3,1.0,4990000.0
ORD02723,2023-07-07,2023-07,Thời trang,Hà Nội,1380000.0,Delivered,4,1.0,1380000.0
ORD02724,2023-02-26,2023-02,Thời trang,Hải Phòng,2620000.0,Delivered,12,4.0,2620000.0
ORD02725,2023-01-20,2023-01,Mỹ phẩm,Hà Nội,1750000.0,Delivered,9,2.0,1750000.0
ORD02726,2023-09-30,2023-09,Điện thoại & Phụ kiện,TP.HCM,3060000.0,Delivered,10,2.0,3060000.0
ORD02727,2023-04-29,2023-04,Điện thoại & Phụ kiện,TP.HCM,4350000.0,Canceled,1,0.0,0.0
ORD02728,2023-03-12,2023-03,Mỹ phẩm,TP.HCM,1460000.0,Delivered,12,1.0,1460000.0
ORD02729,2023-01-04,2023-01,Điện thoại & Phụ kiện,Cần Thơ,2880000.0,Delivered,7,1.0,2880000.0
ORD02730,2023-08-09,2023-08,Nhà cửa & Đời sống,Hải Phòng,3430000.0,Canceled,7,0.0,0.0
ORD02731,2023-01-14,2023-01,Mỹ phẩm,Hà Nội,200000.0,Delivered,11,1.0,200000.0
ORD02732,2023-01-03,2023-01,Thời trang,Hà Nội,800000.0,Returned,4,0.0,0.0
ORD02733,2023-08-04,2023-08,Nhà cửa & Đời sống,TP.HCM,1680000.0,Delivered,13,2.0,1680000.0
ORD02734,2023-08-17,2023-08,Điện thoại & Phụ kiện,Hải Phòng,2250000.0,Returned,11,0.0,0.0
ORD02735,2023-12-02,2023-12,Điện thoại & Phụ kiện,Hải Phòng,350000.0,Delivered,1,5.0,350000.0
ORD02736,2023-07-05,2023-07,Thời trang,Đà Nẵng,2950000.0,Delivered,3,2.0,2950000.0
ORD02737,2023-02-24,2023-02,Điện thoại & Phụ kiện,Hải Phòng,1710000.0,Delivered,5,4.0,1710000.0
ORD02738,2023-09-11,2023-09,Nhà cửa & Đời sống,Hải Phòng,4390000.0,Returned,12,0.0,0.0
ORD02739,2023-01-24,2023-01,Điện thoại & Phụ kiện,Hà Nội,1110000.0,Delivered,2,3.0,1110000.0
ORD02740,2023-06-11,2023-06,Thời trang,Hải Phòng,780000.0,Canceled,7,0.0,0.0
ORD02741,2023-06-07,2023-06,Thời trang,Hải Phòng,1420000.0,Delivered,10,4.0,1420000.0
ORD02742,2023-03-23,2023-03,Thời trang,Hà Nội,1980000.0,Delivered,10,1.0,1980000.0
ORD02743,2023-06-08,2023-06,Điện thoại & Phụ kiện,Hải Phòng,2200000.0,Delivered,7,4.0,2200000.0
ORD02744,2023-07-07,2023-07,Điện thoại & Phụ kiện,Hà Nội,2520000.0,Delivered,12,4.0,2520000.0
ORD02745,2023-03-01,2023-03,Mỹ phẩm,Đà Nẵng,1750000.0,Delivered,10,5.0,1750000.0
ORD02746,2023-11-01,2023-11,Điện thoại & Phụ kiện,Cần Thơ,4210000.0,Canceled,5,0.0,0.0
ORD02747,2023-11-15,2023-11,Mỹ phẩm,Hà Nội,4190000.0,Returned,12,0.0,0.0
ORD02748,2023-07-30,2023-07,Thời trang,Hà Nội,700000.0,Delivered,10,5.0,700000.0
ORD02749,2023-06-01,2023-06,Mỹ phẩm,Hải Phòng,3710000.0,Returned,6,0.0,0.0
ORD02750,2023-04-19,2023-04,Mỹ phẩm,Hà Nội,2880000.0,Delivered,1,2.0,2880000.0
ORD02751,2023-03-17,2023-03,Điện thoại & Phụ kiện,TP.HCM,4390000.0,Delivered,4,4.0,4390000.0
ORD02752,2023-01-30,2023-01,Thời trang,TP.HCM,1220000.0,Canceled,4,0.0,0.0
ORD02753,2023-11-10,2023-11,Mỹ phẩm,Đà Nẵng,390000.0,Canceled,11,0.0,0.0
ORD02754,2023-04-27,2023-04,Thời trang,Hà Nội,3320000.0,Delivered,8,1.0,3320000.0
ORD02755,2023-12-22,2023-12,Nhà cửa & Đời sống,Hải Phòng,4850000.0,Delivered,2,3.0,4850000.0
ORD02756,2023-07-11,2023-07,Thời trang,Hải Phòng,1700000.0,Canceled,1,0.0,0.0
ORD02757,2023-01-19,2023-01,Điện thoại & Phụ kiện,Cần Thơ,2430000.0,Delivered,7,4.0,2430000.0
ORD02758,2023-06-22,2023-06,Điện thoại & Phụ kiện,Đà Nẵng,3960000.0,Delivered,6,1.0,3960000.0
ORD02759,2023-08-16,2023-08,Nhà cửa & Đời sống,Hải Phòng,4620000.0,Delivered,5,3.0,4620000.0
ORD02760,2023-12-16,2023-12,Điện thoại & Phụ kiện,Cần Thơ,3860000.0,Returned,12,0.0,0.0
ORD02761,2023-07-02,2023-07,Mỹ phẩm,Hải Phòng,3480000.0,Canceled,13,0.0,0.0
ORD02762,2023-04-23,2023-04,Mỹ phẩm,Cần Thơ,1790000.0,Canceled,13,0.0,0.0
ORD02763,2023-07-02,2023-07,Điện thoại & Phụ kiện,TP.HCM,3270000.0,Delivered,13,5.0,3270000.0
ORD02764,2023-05-26,2023-05,Điện thoại & Phụ kiện,TP.HCM,1950000.0,Delivered,8,4.0,1950000.0
ORD02765,2023-11-15,2023-11,Mỹ phẩm,Hải Phòng,660000.0,Delivered,11,3.0,660000.0
ORD02766,2023-04-26,2023-04,Điện thoại & Phụ kiện,Đà Nẵng,2490000.0,Returned,13,0.0,0.0
ORD02767,2023-04-23,2023-04,Mỹ phẩm,Hà Nội,2660000.0,Delivered,2,5.0,2660000.0
ORD02768,2023-09-08,2023-09,Thời trang,Đà Nẵng,3670000.0,Delivered,2,1.0,3670000.0
ORD02769,2023-09-08,2023-09,Thời trang,Đà Nẵng,2100000.0,Canceled,9,0.0,0.0
ORD02770,2023-10-30,2023-10,Mỹ phẩm,Hà Nội,4530000.0,Delivered,1,1.0,4530000.0
ORD02771,2023-11-09,2023-11,Điện thoại & Phụ kiện,TP.HCM,3340000.0,Returned,6,0.0,0.0
ORD02772,2023-04-28,2023-04,Thời trang,TP.HCM,3240000.0,Delivered,13,4.0,3240000.0
ORD02773,2023-10-28,2023-10,Điện thoại & Phụ kiện,Hà Nội,3110000.0,Delivered,13,3.0,3110000.0
ORD02774,2023-06-10,2023-06,Điện thoại & Phụ kiện,Cần Thơ,1150000.0,Delivered,3,3.0,1150000.0
ORD02775,2023-07-17,2023-07,Thời trang,Đà Nẵng,2990000.0,Canceled,13,0.0,0.0
ORD02776,2023-09-17,2023-09,Mỹ phẩm,Hải Phòng,1100000.0,Canceled,5,0.0,0.0
ORD02777,2023-05-28,2023-05,Điện thoại & Phụ kiện,TP.HCM,1060000.0,Delivered,8,2.0,1060000.0
ORD02778,2023-08-28,2023-08,Thời trang,Hải Phòng,1620000.0,Delivered,7,1.0,1620000.0
ORD02779,2023-02-16,2023-02,Thời trang,Hà Nội,4350000.0,Returned,13,0.0,0.0
ORD02780,2023-07-17,2023-07,Điện thoại & Phụ kiện,Hải Phòng,380000.0,Delivered,12,5.0,380000.0
ORD02781,2023-02-16,2023-02,Điện thoại & Phụ kiện,Hải Phòng,1620000.0,Delivered,4,4.0,1620000.0
ORD02782,2023-03-19,2023-03,Nhà cửa & Đời sống,Đà Nẵng,4470000.0,Delivered,8,4.0,4470000.0
ORD02783,2023-05-04,2023-05,Mỹ phẩm,Hà Nội,3880000.0,Canceled,11,0.0,0.0
ORD02784,2023-03-16,2023-03,Thời trang,Hải Phòng,820000.0,Delivered,11,5.0,820000.0
ORD02785,2023-12-25,2023-12,Thời trang,TP.HCM,2630000.0,Delivered,10,1.0,2630000.0
ORD02786,2023-05-17,2023-05,Điện thoại & Phụ kiện,Hà Nội,4600000.0,Returned,11,0.0,0.0
ORD02787,2023-03-31,2023-03,Thời trang,TP.HCM,4080000.0,Delivered,2,4.0,4080000.0
ORD02788,2023-11-21,2023-11,Thời trang,Cần Thơ,130000.0,Delivered,7,1.0,130000.0
ORD02789,2023-03-02,2023-03,Thời trang,Hải Phòng,2460000.0,Delivered,5,2.0,2460000.0
ORD02790,2023-05-18,2023-05,Điện thoại & Phụ kiện,Hà Nội,470000.0,Returned,11,0.0,0.0
ORD02791,2023-02-19,2023-02,Điện thoại & Phụ kiện,TP.HCM,290000.0,Delivered,6,3.0,290000.0
ORD02792,2023-09-16,2023-09,Điện thoại & Phụ kiện,Hải Phòng,1220000.0,Delivered,3,1.0,1220000.0
ORD02793,2023-04-17,2023-04,Nhà cửa & Đời sống,Đà Nẵng,320000.0,Delivered,11,1.0,320000.0
ORD02794,2023-04-23,2023-04,Thời trang,TP.HCM,4300000.0,Delivered,10,2.0,4300000.0
ORD02795,2023-12-16,2023-12,Thời trang,TP.HCM,4550000.0,Returned,7,0.0,0.0
ORD02796,2023-09-11,2023-09,Điện thoại & Phụ kiện,Cần Thơ,3760000.0,Delivered,7,2.0,3760000.0
ORD02797,2023-04-28,2023-04,Điện thoại & Phụ kiện,Đà Nẵng,1450000.0,Delivered,2,4.0,1450000.0
ORD02798,2023-07-17,2023-07,Mỹ phẩm,Cần Thơ,4300000.0,Delivered,1,5.0,4300000.0
ORD02799,2023-12-03,2023-12,Thời trang,Đà Nẵng,2570000.0,Delivered,10,1.0,2570000.0
ORD02800,2023-12-31,2023-12,Thời trang,TP.HCM,3100000.0,Canceled,2,0.0,0.0
ORD02801,2023-02-20,2023-02,Điện thoại & Phụ kiện,Cần Thơ,1060000.0,Delivered,12,1.0,1060000.0
ORD02802,2023-09-02,2023-09,Mỹ phẩm,Hải Phòng,420000.0,Delivered,8,1.0,420000.0
ORD02803,2023-02-04,2023-02,Điện thoại & Phụ kiện,Đà Nẵng,1440000.0,Canceled,11,0.0,0.0
ORD02804,2023-10-29,2023-10,Điện thoại & Phụ kiện,TP.HCM,2640000.0,Delivered,10,1.0,2640000.0
ORD02805,2023-03-10,2023-03,Thời trang,Hà Nội,2870000.0,Delivered,3,3.0,2870000.0
ORD02806,2023-12-15,2023-12,Điện thoại & Phụ kiện,Đà Nẵng,1420000.0,Returned,11,0.0,0.0
ORD02807,2023-11-16,2023-11,Điện thoại & Phụ kiện,Đà Nẵng,2470000.0,Delivered,4,5.0,2470000.0
ORD02808,2023-02-18,2023-02,Thời trang,Hải Phòng,240000.0,Delivered,8,3.0,240000.0
ORD02809,2023-03-15,2023-03,Thời trang,Đà Nẵng,2860000.0,Canceled,3,0.0,0.0
ORD02810,2023-07-11,2023-07,Mỹ phẩm,Đà Nẵng,1350000.0,Returned,6,0.0,0.0
ORD02811,2023-09-18,2023-09,Thời trang,Hải Phòng,3540000.0,Delivered,2,5.0,3540000.0
ORD02812,2023-12-22,2023-12,Điện thoại & Phụ kiện,Hải Phòng,260000.0,Delivered,3,4.0,260000.0
ORD02813,2023-03-11,2023-03,Điện thoại & Phụ kiện,Cần Thơ,3210000.0,Canceled,1,0.0,0.0
ORD02814,2023-03-31,2023-03,Nhà cửa & Đời sống,TP.HCM,590000.0,Delivered,9,2.0,590000.0
ORD02815,2023-09-17,2023-09,Thời trang,TP.HCM,1440000.0,Delivered,4,5.0,1440000.0
ORD02816,2023-05-06,2023-05,Mỹ phẩm,Cần Thơ,1270000.0,Returned,6,0.0,0.0
ORD02817,2023-08-19,2023-08,Điện thoại & Phụ kiện,TP.HCM,3870000.0,Delivered,7,5.0,3870000.0
ORD02818,2023-10-22,2023-10,Thời trang,Đà Nẵng,3150000.0,Delivered,2,1.0,3150000.0
ORD02819,2023-05-09,2023-05,Điện thoại & Phụ kiện,Cần Thơ,690000.0,Delivered,8,5.0,690000.0
ORD02820,2023-10-07,2023-10,Thời trang,Cần Thơ,1340000.0,Delivered,12,3.0,1340000.0
ORD02821,2023-11-09,2023-11,Nhà cửa & Đời sống,TP.HCM,4760000.0,Delivered,9,2.0,4760000.0
ORD02822,2023-04-10,2023-04,Nhà cửa & Đời sống,Hà Nội,1250000.0,Delivered,10,1.0,1250000.0
ORD02823,2023-11-22,2023-11,Thời trang,TP.HCM,4000000.0,Canceled,11,0.0,0.0
ORD02824,2023-10-24,2023-10,Thời trang,Hà Nội,4330000.0,Canceled,2,0.0,0.0
ORD02825,2023-07-01,2023-07,Nhà cửa & Đời sống,Cần Thơ,1820000.0,Delivered,5,3.0,1820000.0
ORD02826,2023-06-23,2023-06,Thời trang,Hà Nội,1960000.0,Delivered,2,2.0,1960000.0
ORD02827,2023-11-12,2023-11,Điện thoại & Phụ kiện,Đà Nẵng,970000.0,Delivered,11,3.0,970000.0
ORD02828,2023-12-30,2023-12,Thời trang,Hải Phòng,2120000.0,Delivered,5,5.0,2120000.0
ORD02829,2023-07-07,2023-07,Điện thoại & Phụ kiện,Hà Nội,3700000.0,Delivered,7,2.0,3700000.0
ORD02830,2023-02-26,2023-02,Thời trang,Hải Phòng,3200000.0,Canceled,6,0.0,0.0
ORD02831,2023-01-31,2023-01,Thời trang,Đà Nẵng,3290000.0,Delivered,4,1.0,3290000.0
ORD02832,2023-03-25,2023-03,Thời trang,Hải Phòng,4580000.0,Delivered,2,5.0,4580000.0
ORD02833,2023-06-01,2023-06,Điện thoại & Phụ kiện,Đà Nẵng,1910000.0,Returned,7,0.0,0.0
ORD02834,2023-02-05,2023-02,Điện thoại & Phụ kiện,Hải Phòng,3610000.0,Delivered,12,1.0,3610000.0
ORD02835,2023-08-01,2023-08,Thời trang,Hải Phòng,1770000.0,Delivered,10,2.0,1770000.0
ORD02836,2023-12-30,2023-12,Mỹ phẩm,TP.HCM,1900000.0,Delivered,9,5.0,1900000.0
ORD02837,2023-04-16,2023-04,Thời trang,Hà Nội,3090000.0,Delivered,1,2.0,3090000.0
ORD02838,2023-12-08,2023-12,Điện thoại & Phụ kiện,Hải Phòng,4560000.0,Delivered,3,4.0,4560000.0
ORD02839,2023-08-08,2023-08,Nhà cửa & Đời sống,Cần Thơ,1390000.0,Delivered,7,2.0,1390000.0
ORD02840,2023-06-12,2023-06,Nhà cửa & Đời sống,TP.HCM,4720000.0,Delivered,9,5.0,4720000.0
ORD02841,2023-08-08,2023-08,Điện thoại & Phụ kiện,Hà Nội,1580000.0,Delivered,13,2.0,1580000.0
ORD02842,2023-09-27,2023-09,Điện thoại & Phụ kiện,TP.HCM,4810000.0,Returned,5,0.0,0.0
ORD02843,2023-04-30,2023-04,Mỹ phẩm,Hà Nội,3150000.0,Delivered,7,1.0,3150000.0
ORD02844,2023-12-02,2023-12,Mỹ phẩm,Đà Nẵng,2180000.0,Delivered,10,3.0,2180000.0
ORD02845,2023-07-01,2023-07,Nhà cửa & Đời sống,Hải Phòng,1200000.0,Delivered,7,3.0,1200000.0
ORD02846,2023-04-16,2023-04,Mỹ phẩm,Cần Thơ,4450000.0,Delivered,4,4.0,4450000.0
ORD02847,2023-08-05,2023-08,Thời trang,TP.HCM,1460000.0,Delivered,5,1.0,1460000.0
ORD02848,2023-07-24,2023-07,Thời trang,TP.HCM,3640000.0,Delivered,2,3.0,3640000.0
ORD02849,2023-03-11,2023-03,Điện thoại & Phụ kiện,TP.HCM,4130000.0,Canceled,8,0.0,0.0
ORD02850,2023-02-13,2023-02,Điện thoại & Phụ kiện,TP.HCM,2200000.0,Delivered,12,4.0,2200000.0
ORD02851,2023-11-25,2023-11,Thời trang,Hải Phòng,1550000.0,Delivered,1,5.0,1550000.0
ORD02852,2023-10-28,2023-10,Thời trang,Hà Nội,930000.0,Delivered,2,3.0,930000.0
ORD02853,2023-08-16,2023-08,Thời trang,Hải Phòng,390000.0,Delivered,12,3.0,390000.0
ORD02854,2023-07-03,2023-07,Mỹ phẩm,Đà Nẵng,4970000.0,Delivered,3,1.0,4970000.0
ORD02855,2023-04-17,2023-04,Điện thoại & Phụ kiện,Hải Phòng,740000.0,Delivered,7,4.0,740000.0
ORD02856,2023-03-25,2023-03,Thời trang,Hải Phòng,330000.0,Delivered,6,1.0,330000.0
ORD02857,2023-12-04,2023-12,Điện thoại & Phụ kiện,Đà Nẵng,4810000.0,Delivered,7,1.0,4810000.0
ORD02858,2023-09-07,2023-09,Thời trang,Hải Phòng,4400000.0,Delivered,11,4.0,4400000.0
ORD02859,2023-12-29,2023-12,Mỹ phẩm,Hà Nội,2200000.0,Returned,5,0.0,0.0
ORD02860,2023-01-21,2023-01,Thời trang,Cần Thơ,2310000.0,Delivered,4,3.0,2310000.0
ORD02861,2023-07-15,2023-07,Nhà cửa & Đời sống,Đà Nẵng,990000.0,Delivered,7,1.0,990000.0
ORD02862,2023-06-27,2023-06,Điện thoại & Phụ kiện,TP.HCM,1150000.0,Delivered,3,3.0,1150000.0
ORD02863,2023-01-07,2023-01,Thời trang,Hà Nội,1810000.0,Delivered,13,4.0,1810000.0
ORD02864,2023-03-11,2023-03,Điện thoại & Phụ kiện,Cần Thơ,2390000.0,Canceled,10,0.0,0.0
ORD02865,2023-05-07,2023-05,Thời trang,Hà Nội,4220000.0,Delivered,7,5.0,4220000.0
ORD02866,2023-06-09,2023-06,Mỹ phẩm,Hà Nội,860000.0,Canceled,2,0.0,0.0
ORD02867,2023-09-05,2023-09,Thời trang,TP.HCM,770000.0,Delivered,12,4.0,770000.0
ORD02868,2023-07-22,2023-07,Mỹ phẩm,Cần Thơ,3740000.0,Canceled,12,0.0,0.0
ORD02869,2023-05-28,2023-05,Điện thoại & Phụ kiện,Hà Nội,4100000.0,Delivered,8,5.0,4100000.0
ORD02870,2023-05-23,2023-05,Mỹ phẩm,TP.HCM,3620000.0,Delivered,12,1.0,3620000.0
ORD02871,2023-07-18,2023-07,Điện thoại & Phụ kiện,Đà Nẵng,3980000.0,Delivered,6,2.0,3980000.0
ORD02872,2023-06-03,2023-06,Mỹ phẩm,TP.HCM,1010000.0,Delivered,12,4.0,1010000.0
ORD02873,2023-05-22,2023-05,Điện thoại & Phụ kiện,Hải Phòng,970000.0,Delivered,3,2.0,970000.0
ORD02874,2023-11-09,2023-11,Điện thoại & Phụ kiện,TP.HCM,4740000.0,Delivered,3,5.0,4740000.0
ORD02875,2023-06-14,2023-06,Thời trang,TP.HCM,590000.0,Delivered,5,4.0,590000.0
ORD02876,2023-11-10,2023-11,Nhà cửa & Đời sống,TP.HCM,1120000.0,Delivered,3,2.0,1120000.0
ORD02877,2023-01-21,2023-01,Điện thoại & Phụ kiện,Hà Nội,3770000.0,Delivered,6,4.0,3770000.0
ORD02878,2023-03-23,2023-03,Điện thoại & Phụ kiện,Cần Thơ,4330000.0,Delivered,2,5.0,4330000.0
ORD02879,2023-03-10,2023-03,Mỹ phẩm,TP.HCM,550000.0,Delivered,8,1.0,550000.0
ORD02880,2023-05-11,2023-05,Điện thoại & Phụ kiện,TP.HCM,1880000.0,Delivered,13,5.0,1880000.0
ORD02881,2023-03-28,2023-03,Điện thoại & Phụ kiện,Hải Phòng,2760000.0,Delivered,11,1.0,2760000.0
ORD02882,2023-08-06,2023-08,Thời trang,Hải Phòng,2770000.0,Delivered,12,3.0,2770000.0
ORD02883,2023-11-01,2023-11,Điện thoại & Phụ kiện,Đà Nẵng,4060000.0,Canceled,11,0.0,0.0
ORD02884,2023-12-11,2023-12,Nhà cửa & Đời sống,Đà Nẵng,3290000.0,Delivered,9,1.0,3290000.0
ORD02885,2023-12-07,2023-12,Mỹ phẩm,Hải Phòng,170000.0,Delivered,13,3.0,170000.0
ORD02886,2023-06-10,2023-06,Thời trang,Cần Thơ,4580000.0,Delivered,7,3.0,4580000.0
ORD02887,2023-06-27,2023-06,Nhà cửa & Đời sống,Đà Nẵng,2740000.0,Delivered,3,3.0,2740000.0
ORD02888,2023-04-27,2023-04,Thời trang,Cần Thơ,4850000.0,Delivered,11,4.0,4850000.0
ORD02889,2023-07-15,2023-07,Điện thoại & Phụ kiện,Hải Phòng,3950000.0,Delivered,10,5.0,3950000.0
ORD02890,2023-11-23,2023-11,Điện thoại & Phụ kiện,Đà Nẵng,870000.0,Delivered,4,5.0,870000.0
ORD02891,2023-03-27,2023-03,Thời trang,TP.HCM,4060000.0,Delivered,12,5.0,4060000.0
ORD02892,2023-10-16,2023-10,Điện thoại & Phụ kiện,Hải Phòng,2490000.0,Delivered,10,5.0,2490000.0
ORD02893,2023-03-22,2023-03,Nhà cửa & Đời sống,Đà Nẵng,2670000.0,Delivered,2,4.0,2670000.0
ORD02894,2023-06-01,2023-06,Mỹ phẩm,Cần Thơ,2050000.0,Delivered,9,5.0,2050000.0
ORD02895,2023-03-02,2023-03,Điện thoại & Phụ kiện,Cần Thơ,4690000.0,Delivered,5,1.0,4690000.0
ORD02896,2023-03-02,2023-03,Thời trang,Đà Nẵng,4410000.0,Delivered,12,3.0,4410000.0
ORD02897,2023-12-20,2023-12,Mỹ phẩm,Cần Thơ,3390000.0,Canceled,2,0.0,0.0
ORD02898,2023-01-28,2023-01,Nhà cửa & Đời sống,Đà Nẵng,1400000.0,Canceled,10,0.0,0.0
ORD02899,2023-02-12,2023-02,Mỹ phẩm,Đà Nẵng,4610000.0,Delivered,6,5.0,4610000.0
ORD02900,2023-06-18,2023-06,Thời trang,Cần Thơ,3990000.0,Delivered,7,3.0,3990000.0
ORD02901,2023-03-27,2023-03,Mỹ phẩm,Hà Nội,3520000.0,Delivered,13,1.0,3520000.0
ORD02902,2023-06-26,2023-06,Thời trang,TP.HCM,2700000.0,Delivered,2,3.0,2700000.0
ORD02903,2023-01-17,2023-01,Thời trang,Hải Phòng,2510000.0,Returned,1,0.0,0.0
ORD02904,2023-04-08,2023-04,Điện thoại & Phụ kiện,TP.HCM,3960000.0,Delivered,13,3.0,3960000.0
ORD02905,2023-07-17,2023-07,Điện thoại & Phụ kiện,Hải Phòng,4030000.0,Canceled,7,0.0,0.0
ORD02906,2023-04-08,2023-04,Thời trang,Hải Phòng,1800000.0,Delivered,1,1.0,1800000.0
ORD02907,2023-03-06,2023-03,Điện thoại & Phụ kiện,TP.HCM,1560000.0,Canceled,3,0.0,0.0
ORD02908,2023-11-26,2023-11,Điện thoại & Phụ kiện,Đà Nẵng,2790000.0,Delivered,4,4.0,2790000.0
ORD02909,2023-12-07,2023-12,Mỹ phẩm,Cần Thơ,1580000.0,Delivered,2,4.0,1580000.0
ORD02910,2023-01-05,2023-01,Điện thoại & Phụ kiện,Hà Nội,3890000.0,Delivered,7,2.0,3890000.0
ORD02911,2023-01-02,2023-01,Thời trang,Hà Nội,3080000.0,Canceled,5,0.0,0.0
ORD02912,2023-01-22,2023-01,Thời trang,Hà Nội,370000.0,Delivered,1,5.0,370000.0
ORD02913,2023-04-22,2023-04,Nhà cửa & Đời sống,TP.HCM,1580000.0,Returned,12,0.0,0.0
ORD02914,2023-02-26,2023-02,Thời trang,TP.HCM,4290000.0,Delivered,12,5.0,4290000.0
ORD02915,2023-03-07,2023-03,Điện thoại & Phụ kiện,Đà Nẵng,2890000.0,Delivered,8,5.0,2890000.0
ORD02916,2023-11-26,2023-11,Thời trang,Hà Nội,1910000.0,Returned,10,0.0,0.0
ORD02917,2023-04-08,2023-04,Mỹ phẩm,Đà Nẵng,1750000.0,Canceled,7,0.0,0.0
ORD02918,2023-05-24,2023-05,Nhà cửa & Đời sống,Hà Nội,260000.0,Canceled,4,0.0,0.0
ORD02919,2023-05-05,2023-05,Thời trang,TP.HCM,1590000.0,Delivered,2,4.0,1590000.0
ORD02920,2023-06-16,2023-06,Điện thoại & Phụ kiện,Cần Thơ,3480000.0,Returned,7,0.0,0.0
ORD02921,2023-03-27,2023-03,Nhà cửa & Đời sống,Cần Thơ,540000.0,Delivered,11,2.0,540000.0
ORD02922,2023-03-17,2023-03,Điện thoại & Phụ kiện,Cần Thơ,3390000.0,Delivered,2,5.0,3390000.0
ORD02923,2023-12-10,2023-12,Thời trang,Cần Thơ,1980000.0,Returned,6,0.0,0.0
ORD02924,2023-10-21,2023-10,Thời trang,Hải Phòng,1480000.0,Delivered,1,4.0,1480000.0
ORD02925,2023-02-28,2023-02,Điện thoại & Phụ kiện,Hà Nội,700000.0,Delivered,7,2.0,700000.0
ORD02926,2023-05-18,2023-05,Điện thoại & Phụ kiện,Cần Thơ,3030000.0,Delivered,7,5.0,3030000.0
ORD02927,2023-04-09,2023-04,Điện thoại & Phụ kiện,Hải Phòng,3310000.0,Delivered,12,5.0,3310000.0
ORD02928,2023-07-11,2023-07,Thời trang,Hải Phòng,420000.0,Delivered,4,4.0,420000.0
ORD02929,2023-08-31,2023-08,Nhà cửa & Đời sống,Hải Phòng,3080000.0,Delivered,4,1.0,3080000.0
ORD02930,2023-11-15,2023-11,Điện thoại & Phụ kiện,Đà Nẵng,4240000.0,Delivered,10,1.0,4240000.0
ORD02931,2023-02-18,2023-02,Mỹ phẩm,Đà Nẵng,1210000.0,Delivered,5,3.0,1210000.0
ORD02932,2023-02-01,2023-02,Điện thoại & Phụ kiện,Hải Phòng,3000000.0,Delivered,2,4.0,3000000.0
ORD02933,2023-10-04,2023-10,Thời trang,Cần Thơ,460000.0,Delivered,9,3.0,460000.0
ORD02934,2023-01-20,2023-01,Điện thoại & Phụ kiện,Hà Nội,4400000.0,Delivered,10,4.0,4400000.0
ORD02935,2023-06-03,2023-06,Nhà cửa & Đời sống,TP.HCM,1090000.0,Delivered,4,5.0,1090000.0
ORD02936,2023-03-09,2023-03,Mỹ phẩm,Đà Nẵng,320000.0,Canceled,11,0.0,0.0
ORD02937,2023-08-02,2023-08,Thời trang,Cần Thơ,4290000.0,Canceled,9,0.0,0.0
ORD02938,2023-05-23,2023-05,Mỹ phẩm,Cần Thơ,4330000.0,Delivered,3,3.0,4330000.0
ORD02939,2023-08-20,2023-08,Thời trang,TP.HCM,4960000.0,Delivered,9,4.0,4960000.0
ORD02940,2023-08-01,2023-08,Nhà cửa & Đời sống,TP.HCM,2270000.0,Delivered,1,3.0,2270000.0
ORD02941,2023-03-20,2023-03,Mỹ phẩm,Cần Thơ,980000.0,Delivered,7,4.0,980000.0
ORD02942,2023-08-02,2023-08,Nhà cửa & Đời sống,TP.HCM,2180000.0,Returned,4,0.0,0.0
ORD02943,2023-04-26,2023-04,Thời trang,Cần Thơ,2800000.0,Delivered,7,3.0,2800000.0
ORD02944,2023-04-02,2023-04,Điện thoại & Phụ kiện,TP.HCM,4300000.0,Delivered,10,5.0,4300000.0
ORD02945,2023-09-27,2023-09,Thời trang,TP.HCM,2460000.0,Delivered,6,5.0,2460000.0
ORD02946,2023-06-17,2023-06,Điện thoại & Phụ kiện,Cần Thơ,3970000.0,Returned,4,0.0,0.0
ORD02947,2023-02-27,2023-02,Thời trang,Hải Phòng,4150000.0,Delivered,4,5.0,4150000.0
ORD02948,2023-10-11,2023-10,Thời trang,Cần Thơ,2180000.0,Delivered,8,5.0,2180000.0
ORD02949,2023-01-26,2023-01,Thời trang,Hà Nội,2870000.0,Delivered,7,3.0,2870000.0
ORD02950,2023-03-07,2023-03,Điện thoại & Phụ kiện,TP.HCM,4740000.0,Delivered,4,4.0,4740000.0
ORD02951,2023-09-05,2023-09,Điện thoại & Phụ kiện,Đà Nẵng,2150000.0,Canceled,11,0.0,0.0
ORD02952,2023-09-11,2023-09,Thời trang,TP.HCM,870000.0,Delivered,6,4.0,870000.0
ORD02953,2023-02-13,2023-02,Nhà cửa & Đời sống,Hà Nội,4100000.0,Delivered,6,5.0,4100000.0
ORD02954,2023-04-07,2023-04,Điện thoại & Phụ kiện,Đà Nẵng,3370000.0,Delivered,1,4.0,3370000.0
ORD02955,2023-02-11,2023-02,Thời trang,Đà Nẵng,1070000.0,Delivered,13,4.0,1070000.0
ORD02956,2023-08-15,2023-08,Mỹ phẩm,Cần Thơ,3550000.0,Delivered,2,2.0,3550000.0
ORD02957,2023-09-19,2023-09,Thời trang,Hải Phòng,3740000.0,Delivered,4,4.0,3740000.0
ORD02958,2023-06-16,2023-06,Điện thoại & Phụ kiện,Cần Thơ,3590000.0,Delivered,6,2.0,3590000.0
ORD02959,2023-10-06,2023-10,Thời trang,Đà Nẵng,4790000.0,Delivered,6,3.0,4790000.0
ORD02960,2023-03-30,2023-03,Điện thoại & Phụ kiện,Đà Nẵng,3450000.0,Delivered,1,2.0,3450000.0
ORD02961,2023-06-27,2023-06,Nhà cửa & Đời sống,Hải Phòng,1030000.0,Canceled,8,0.0,0.0
ORD02962,2023-07-16,2023-07,Điện thoại & Phụ kiện,TP.HCM,890000.0,Canceled,2,0.0,0.0
ORD02963,2023-11-03,2023-11,Điện thoại & Phụ kiện,Hải Phòng,470000.0,Canceled,13,0.0,0.0
ORD02964,2023-09-24,2023-09,Điện thoại & Phụ kiện,Cần Thơ,4170000.0,Delivered,5,5.0,4170000.0
ORD02965,2023-09-25,2023-09,Điện thoại & Phụ kiện,TP.HCM,2370000.0,Delivered,4,4.0,2370000.0
ORD02966,2023-03-15,2023-03,Mỹ phẩm,Cần Thơ,4920000.0,Delivered,5,2.0,4920000.0
ORD02967,2023-01-08,2023-01,Điện thoại & Phụ kiện,Hải Phòng,1430000.0,Delivered,5,1.0,1430000.0
ORD02968,2023-10-24,2023-10,Điện thoại & Phụ kiện,TP.HCM,2050000.0,Canceled,10,0.0,0.0
ORD02969,2023-06-13,2023-06,Thời trang,Hải Phòng,4750000.0,Canceled,8,0.0,0.0
ORD02970,2023-03-26,2023-03,Điện thoại & Phụ kiện,Hà Nội,3990000.0,Canceled,10,0.0,0.0
ORD02971,2023-03-13,2023-03,Điện thoại & Phụ kiện,Đà Nẵng,2910000.0,Delivered,7,2.0,2910000.0
ORD02972,2023-02-24,2023-02,Mỹ phẩm,TP.HCM,1100000.0,Canceled,12,0.0,0.0
ORD02973,2023-02-16,2023-02,Mỹ phẩm,Đà Nẵng,4840000.0,Returned,9,0.0,0.0
ORD02974,2023-08-26,2023-08,Nhà cửa & Đời sống,Hà Nội,4340000.0,Delivered,12,5.0,4340000.0
ORD02975,2023-04-14,2023-04,Mỹ phẩm,TP.HCM,840000.0,Delivered,11,4.0,840000.0
ORD02976,2023-07-29,2023-07,Thời trang,Đà Nẵng,3030000.0,Delivered,13,1.0,3030000.0
ORD02977,2023-02-11,2023-02,Điện thoại & Phụ kiện,Đà Nẵng,2170000.0,Delivered,1,1.0,2170000.0
ORD02978,2023-11-12,2023-11,Mỹ phẩm,TP.HCM,920000.0,Canceled,6,0.0,0.0
ORD02979,2023-09-25,2023-09,Mỹ phẩm,Đà Nẵng,4360000.0,Delivered,6,2.0,4360000.0
ORD02980,2023-09-20,2023-09,Mỹ phẩm,Đà Nẵng,4460000.0,Delivered,2,4.0,4460000.0
ORD02981,2023-12-02,2023-12,Thời trang,TP.HCM,1520000.0,Delivered,11,2.0,1520000.0
ORD02982,2023-12-31,2023-12,Điện thoại & Phụ kiện,Đà Nẵng,4830000.0,Delivered,8,4.0,4830000.0
ORD02983,2023-09-16,2023-09,Mỹ phẩm,Đà Nẵng,650000.0,Delivered,6,5.0,650000.0
ORD02984,2023-10-10,2023-10,Mỹ phẩm,Cần Thơ,3700000.0,Returned,11,0.0,0.0
ORD02985,2023-04-24,2023-04,Nhà cửa & Đời sống,Cần Thơ,4490000.0,Delivered,13,5.0,4490000.0
ORD02986,2023-12-29,2023-12,Điện thoại & Phụ kiện,Hà Nội,2960000.0,Canceled,10,0.0,0.0
ORD02987,2023-02-09,2023-02,Điện thoại & Phụ kiện,Cần Thơ,2200000.0,Canceled,9,0.0,0.0
ORD02988,2023-08-08,2023-08,Điện thoại & Phụ kiện,Cần Thơ,4500000.0,Delivered,10,4.0,4500000.0
ORD02989,2023-05-09,2023-05,Mỹ phẩm,Hà Nội,1880000.0,Returned,5,0.0,0.0
ORD02990,2023-01-08,2023-01,Điện thoại & Phụ kiện,Đà Nẵng,4170000.0,Delivered,7,3.0,4170000.0
ORD02991,2023-04-11,2023-04,Điện thoại & Phụ kiện,Đà Nẵng,670000.0,Delivered,6,5.0,670000.0
ORD02992,2023-06-25,2023-06,Nhà cửa & Đời sống,Cần Thơ,820000.0,Delivered,11,3.0,820000.0
ORD02993,2023-04-17,2023-04,Điện thoại & Phụ kiện,Hà Nội,2240000.0,Delivered,5,5.0,2240000.0
ORD02994,2023-04-11,2023-04,Mỹ phẩm,Đà Nẵng,3970000.0,Delivered,6,3.0,3970000.0
ORD02995,2023-09-17,2023-09,Điện thoại & Phụ kiện,Hải Phòng,2750000.0,Canceled,4,0.0,0.0
ORD02996,2023-09-03,2023-09,Mỹ phẩm,TP.HCM,4560000.0,Delivered,3,1.0,4560000.0
ORD02997,2023-10-02,2023-10,Thời trang,TP.HCM,820000.0,Delivered,13,3.0,820000.0
ORD02998,2023-02-01,2023-02,Nhà cửa & Đời sống,TP.HCM,4760000.0,Delivered,1,5.0,4760000.0
ORD02999,2023-05-17,2023-05,Nhà cửa & Đời sống,Cần Thơ,2800000.0,Delivered,1,2.0,2800000.0
ORD03000,2023-01-12,2023-01,Điện thoại & Phụ kiện,TP.HCM,3630000.0,Delivered,6,2.0,3630000.0
ORD03001,2023-10-29,2023-10,Điện thoại & Phụ kiện,TP.HCM,2430000.0,Delivered,9,3.0,2430000.0
ORD03002,2023-01-16,2023-01,Điện thoại & Phụ kiện,Hải Phòng,3280000.0,Delivered,8,3.0,3280000.0
ORD03003,2023-05-09,2023-05,Thời trang,Đà Nẵng,280000.0,Delivered,12,4.0,280000.0
ORD03004,2023-03-04,2023-03,Mỹ phẩm,Hải Phòng,1220000.0,Delivered,2,5.0,1220000.0
ORD03005,2023-04-19,2023-04,Thời trang,Cần Thơ,720000.0,Returned,9,0.0,0.0
ORD03006,2023-01-21,2023-01,Thời trang,TP.HCM,3810000.0,Delivered,8,2.0,3810000.0
ORD03007,2023-06-07,2023-06,Điện thoại & Phụ kiện,Đà Nẵng,1930000.0,Delivered,12,2.0,1930000.0
ORD03008,2023-09-26,2023-09,Mỹ phẩm,TP.HCM,2860000.0,Canceled,9,0.0,0.0
ORD03009,2023-06-11,2023-06,Nhà cửa & Đời sống,TP.HCM,1710000.0,Delivered,4,5.0,1710000.0
ORD03010,2023-09-17,2023-09,Điện thoại & Phụ kiện,Cần Thơ,2520000.0,Delivered,9,1.0,2520000.0
ORD03011,2023-04-12,2023-04,Thời trang,TP.HCM,1540000.0,Delivered,2,3.0,1540000.0
ORD03012,2023-08-11,2023-08,Điện thoại & Phụ kiện,Hà Nội,1550000.0,Canceled,13,0.0,0.0
ORD03013,2023-02-28,2023-02,Thời trang,Đà Nẵng,900000.0,Canceled,1,0.0,0.0
ORD03014,2023-09-04,2023-09,Thời trang,Đà Nẵng,3310000.0,Canceled,13,0.0,0.0
ORD03015,2023-05-08,2023-05,Điện thoại & Phụ kiện,Hà Nội,4440000.0,Delivered,9,4.0,4440000.0
ORD03016,2023-10-10,2023-10,Thời trang,Cần Thơ,3300000.0,Canceled,10,0.0,0.0
ORD03017,2023-11-21,2023-11,Điện thoại & Phụ kiện,TP.HCM,520000.0,Delivered,8,3.0,520000.0
ORD03018,2023-01-25,2023-01,Thời trang,TP.HCM,3220000.0,Delivered,7,3.0,3220000.0
ORD03019,2023-05-11,2023-05,Thời trang,Đà Nẵng,4030000.0,Delivered,13,3.0,4030000.0
ORD03020,2023-12-19,2023-12,Điện thoại & Phụ kiện,Cần Thơ,3020000.0,Delivered,8,3.0,3020000.0
ORD03021,2023-07-15,2023-07,Mỹ phẩm,Cần Thơ,1850000.0,Delivered,12,5.0,1850000.0
ORD03022,2023-10-08,2023-10,Mỹ phẩm,Cần Thơ,3850000.0,Delivered,1,3.0,3850000.0
ORD03023,2023-06-03,2023-06,Điện thoại & Phụ kiện,TP.HCM,780000.0,Delivered,9,5.0,780000.0
ORD03024,2023-05-13,2023-05,Điện thoại & Phụ kiện,Cần Thơ,650000.0,Delivered,12,3.0,650000.0
ORD03025,2023-08-15,2023-08,Mỹ phẩm,Hà Nội,1280000.0,Delivered,10,3.0,1280000.0
ORD03026,2023-07-08,2023-07,Nhà cửa & Đời sống,Hải Phòng,2130000.0,Delivered,11,5.0,2130000.0
ORD03027,2023-09-22,2023-09,Điện thoại & Phụ kiện,Cần Thơ,4290000.0,Delivered,9,3.0,4290000.0
ORD03028,2023-05-14,2023-05,Điện thoại & Phụ kiện,Hải Phòng,4240000.0,Delivered,12,2.0,4240000.0
ORD03029,2023-07-30,2023-07,Điện thoại & Phụ kiện,TP.HCM,640000.0,Delivered,11,3.0,640000.0
ORD03030,2023-03-01,2023-03,Thời trang,Cần Thơ,470000.0,Delivered,9,4.0,470000.0
ORD03031,2023-12-30,2023-12,Điện thoại & Phụ kiện,Đà Nẵng,2520000.0,Canceled,13,0.0,0.0
ORD03032,2023-12-30,2023-12,Điện thoại & Phụ kiện,TP.HCM,2100000.0,Delivered,6,3.0,2100000.0
ORD03033,2023-08-01,2023-08,Thời trang,Hà Nội,2450000.0,Delivered,4,3.0,2450000.0
ORD03034,2023-08-04,2023-08,Thời trang,Hà Nội,4830000.0,Delivered,13,5.0,4830000.0
ORD03035,2023-08-14,2023-08,Điện thoại & Phụ kiện,Hải Phòng,240000.0,Canceled,2,0.0,0.0
ORD03036,2023-05-11,2023-05,Thời trang,Hải Phòng,1530000.0,Delivered,11,2.0,1530000.0
ORD03037,2023-03-17,2023-03,Thời trang,Đà Nẵng,860000.0,Delivered,4,2.0,860000.0
ORD03038,2023-10-13,2023-10,Điện thoại & Phụ kiện,Đà Nẵng,4820000.0,Delivered,7,3.0,4820000.0
ORD03039,2023-10-04,2023-10,Điện thoại & Phụ kiện,Hà Nội,4870000.0,Canceled,1,0.0,0.0
ORD03040,2023-06-05,2023-06,Mỹ phẩm,Cần Thơ,3180000.0,Returned,9,0.0,0.0
ORD03041,2023-09-05,2023-09,Điện thoại & Phụ kiện,Hà Nội,4490000.0,Delivered,3,3.0,4490000.0
ORD03042,2023-08-06,2023-08,Mỹ phẩm,Hà Nội,2720000.0,Canceled,13,0.0,0.0
ORD03043,2023-07-09,2023-07,Nhà cửa & Đời sống,Đà Nẵng,1940000.0,Delivered,13,3.0,1940000.0
ORD03044,2023-06-12,2023-06,Điện thoại & Phụ kiện,Hải Phòng,640000.0,Canceled,4,0.0,0.0
ORD03045,2023-06-29,2023-06,Điện thoại & Phụ kiện,Đà Nẵng,3170000.0,Canceled,12,0.0,0.0
ORD03046,2023-02-03,2023-02,Thời trang,Đà Nẵng,130000.0,Delivered,5,1.0,130000.0
ORD03047,2023-02-10,2023-02,Mỹ phẩm,Đà Nẵng,3080000.0,Delivered,12,4.0,3080000.0
ORD03048,2023-11-03,2023-11,Nhà cửa & Đời sống,Hà Nội,490000.0,Returned,13,0.0,0.0
ORD03049,2023-12-04,2023-12,Mỹ phẩm,Cần Thơ,2390000.0,Delivered,3,2.0,2390000.0
ORD03050,2023-11-10,2023-11,Điện thoại & Phụ kiện,Hà Nội,3860000.0,Returned,4,0.0,0.0
ORD03051,2023-03-16,2023-03,Thời trang,TP.HCM,2950000.0,Delivered,5,3.0,2950000.0
ORD03052,2023-10-06,2023-10,Thời trang,Đà Nẵng,1470000.0,Delivered,12,1.0,1470000.0
ORD03053,2023-06-25,2023-06,Thời trang,Đà Nẵng,4870000.0,Delivered,1,5.0,4870000.0
ORD03054,2023-05-30,2023-05,Điện thoại & Phụ kiện,TP.HCM,1120000.0,Canceled,9,0.0,0.0
ORD03055,2023-09-30,2023-09,Điện thoại & Phụ kiện,Đà Nẵng,160000.0,Delivered,10,5.0,160000.0
ORD03056,2023-11-21,2023-11,Mỹ phẩm,Đà Nẵng,1730000.0,Delivered,13,3.0,1730000.0
ORD03057,2023-04-18,2023-04,Thời trang,Đà Nẵng,4280000.0,Delivered,10,1.0,4280000.0
ORD03058,2023-05-19,2023-05,Điện thoại & Phụ kiện,TP.HCM,4810000.0,Returned,13,0.0,0.0
ORD03059,2023-12-16,2023-12,Điện thoại & Phụ kiện,Hà Nội,4320000.0,Delivered,4,5.0,4320000.0
ORD03060,2023-09-28,2023-09,Mỹ phẩm,Đà Nẵng,4290000.0,Delivered,13,5.0,4290000.0
ORD03061,2023-12-13,2023-12,Mỹ phẩm,Cần Thơ,3740000.0,Delivered,9,2.0,3740000.0
ORD03062,2023-10-16,2023-10,Điện thoại & Phụ kiện,TP.HCM,2850000.0,Returned,4,0.0,0.0
ORD03063,2023-07-31,2023-07,Điện thoại & Phụ kiện,Hải Phòng,580000.0,Delivered,1,3.0,580000.0
ORD03064,2023-09-29,2023-09,Điện thoại & Phụ kiện,TP.HCM,1050000.0,Delivered,12,1.0,1050000.0
ORD03065,2023-03-07,2023-03,Nhà cửa & Đời sống,Hà Nội,680000.0,Delivered,5,5.0,680000.0
ORD03066,2023-09-05,2023-09,Thời trang,TP.HCM,2400000.0,Delivered,13,3.0,2400000.0
ORD03067,2023-06-05,2023-06,Thời trang,Hải Phòng,1860000.0,Delivered,9,4.0,1860000.0
ORD03068,2023-02-16,2023-02,Thời trang,Cần Thơ,990000.0,Delivered,3,3.0,990000.0
ORD03069,2023-07-20,2023-07,Điện thoại & Phụ kiện,Hải Phòng,2910000.0,Canceled,5,0.0,0.0
ORD03070,2023-05-28,2023-05,Mỹ phẩm,TP.HCM,450000.0,Delivered,3,3.0,450000.0
ORD03071,2023-05-04,2023-05,Thời trang,Hải Phòng,1800000.0,Delivered,12,2.0,1800000.0
ORD03072,2023-01-01,2023-01,Điện thoại & Phụ kiện,TP.HCM,1350000.0,Delivered,3,3.0,1350000.0
ORD03073,2023-09-04,2023-09,Điện thoại & Phụ kiện,Cần Thơ,4920000.0,Returned,1,0.0,0.0
ORD03074,2023-12-09,2023-12,Thời trang,Cần Thơ,3080000.0,Delivered,2,4.0,3080000.0
ORD03075,2023-05-08,2023-05,Nhà cửa & Đời sống,Hà Nội,3640000.0,Delivered,2,5.0,3640000.0
ORD03076,2023-07-10,2023-07,Điện thoại & Phụ kiện,Cần Thơ,2130000.0,Delivered,9,5.0,2130000.0
ORD03077,2023-03-08,2023-03,Mỹ phẩm,Đà Nẵng,2980000.0,Delivered,7,3.0,2980000.0
ORD03078,2023-01-04,2023-01,Mỹ phẩm,Hải Phòng,3650000.0,Canceled,8,0.0,0.0
ORD03079,2023-10-30,2023-10,Điện thoại & Phụ kiện,Hải Phòng,4710000.0,Delivered,2,3.0,4710000.0
ORD03080,2023-10-21,2023-10,Điện thoại & Phụ kiện,TP.HCM,1060000.0,Delivered,9,2.0,1060000.0
ORD03081,2023-05-23,2023-05,Điện thoại & Phụ kiện,Cần Thơ,2470000.0,Delivered,13,2.0,2470000.0
ORD03082,2023-07-10,2023-07,Mỹ phẩm,Hà Nội,1820000.0,Delivered,3,4.0,1820000.0
ORD03083,2023-01-21,2023-01,Điện thoại & Phụ kiện,Hà Nội,3100000.0,Delivered,10,3.0,3100000.0
ORD03084,2023-08-15,2023-08,Điện thoại & Phụ kiện,Hà Nội,970000.0,Delivered,13,4.0,970000.0
ORD03085,2023-11-09,2023-11,Thời trang,Đà Nẵng,4080000.0,Delivered,2,1.0,4080000.0
ORD03086,2023-04-27,2023-04,Mỹ phẩm,Cần Thơ,3600000.0,Delivered,12,5.0,3600000.0
ORD03087,2023-10-29,2023-10,Điện thoại & Phụ kiện,Hà Nội,260000.0,Delivered,1,5.0,260000.0
ORD03088,2023-05-22,2023-05,Thời trang,Đà Nẵng,1490000.0,Returned,9,0.0,0.0
ORD03089,2023-02-08,2023-02,Thời trang,Hải Phòng,2630000.0,Delivered,8,4.0,2630000.0
ORD03090,2023-12-21,2023-12,Thời trang,TP.HCM,2870000.0,Delivered,13,4.0,2870000.0
ORD03091,2023-09-09,2023-09,Mỹ phẩm,Cần Thơ,1600000.0,Delivered,12,1.0,1600000.0
ORD03092,2023-11-29,2023-11,Điện thoại & Phụ kiện,Cần Thơ,3550000.0,Delivered,11,4.0,3550000.0
ORD03093,2023-07-26,2023-07,Mỹ phẩm,Hải Phòng,3430000.0,Canceled,4,0.0,0.0
ORD03094,2023-07-29,2023-07,Thời trang,Cần Thơ,1490000.0,Delivered,7,2.0,1490000.0
ORD03095,2023-04-25,2023-04,Thời trang,Cần Thơ,1230000.0,Returned,12,0.0,0.0
ORD03096,2023-08-13,2023-08,Thời trang,Cần Thơ,770000.0,Delivered,3,3.0,770000.0
ORD03097,2023-05-14,2023-05,Thời trang,Cần Thơ,3750000.0,Delivered,3,2.0,3750000.0
ORD03098,2023-09-08,2023-09,Điện thoại & Phụ kiện,Đà Nẵng,1880000.0,Delivered,4,2.0,1880000.0
ORD03099,2023-08-07,2023-08,Thời trang,Đà Nẵng,1340000.0,Delivered,2,5.0,1340000.0
ORD03100,2023-04-01,2023-04,Thời trang,TP.HCM,4060000.0,Delivered,10,3.0,4060000.0
ORD03101,2023-12-20,2023-12,Thời trang,Cần Thơ,3220000.0,Canceled,4,0.0,0.0
ORD03102,2023-02-15,2023-02,Điện thoại & Phụ kiện,Hải Phòng,3200000.0,Delivered,10,1.0,3200000.0
ORD03103,2023-02-07,2023-02,Nhà cửa & Đời sống,Hà Nội,3470000.0,Returned,3,0.0,0.0
ORD03104,2023-05-22,2023-05,Thời trang,TP.HCM,3720000.0,Delivered,8,3.0,3720000.0
ORD03105,2023-04-10,2023-04,Điện thoại & Phụ kiện,Hà Nội,4210000.0,Delivered,11,4.0,4210000.0
ORD03106,2023-11-24,2023-11,Thời trang,Hà Nội,3670000.0,Delivered,2,5.0,3670000.0
ORD03107,2023-07-09,2023-07,Mỹ phẩm,Cần Thơ,2420000.0,Delivered,11,5.0,2420000.0
ORD03108,2023-02-04,2023-02,Mỹ phẩm,Hải Phòng,4370000.0,Canceled,9,0.0,0.0
ORD03109,2023-05-27,2023-05,Thời trang,Hà Nội,1560000.0,Delivered,3,2.0,1560000.0
ORD03110,2023-01-30,2023-01,Mỹ phẩm,Hà Nội,4390000.0,Canceled,4,0.0,0.0
ORD03111,2023-11-30,2023-11,Điện thoại & Phụ kiện,TP.HCM,1200000.0,Delivered,13,2.0,1200000.0
ORD03112,2023-03-25,2023-03,Thời trang,Hải Phòng,3720000.0,Canceled,10,0.0,0.0
ORD03113,2023-10-08,2023-10,Mỹ phẩm,Hải Phòng,3670000.0,Delivered,10,1.0,3670000.0
ORD03114,2023-12-10,2023-12,Mỹ phẩm,Hà Nội,2470000.0,Delivered,3,5.0,2470000.0
ORD03115,2023-09-27,2023-09,Thời trang,Hải Phòng,120000.0,Delivered,3,2.0,120000.0
ORD03116,2023-06-03,2023-06,Mỹ phẩm,TP.HCM,2200000.0,Delivered,8,4.0,2200000.0
ORD03117,2023-04-12,2023-04,Điện thoại & Phụ kiện,TP.HCM,4130000.0,Delivered,8,4.0,4130000.0
ORD03118,2023-08-03,2023-08,Mỹ phẩm,TP.HCM,340000.0,Delivered,13,3.0,340000.0
ORD03119,2023-05-30,2023-05,Điện thoại & Phụ kiện,Cần Thơ,3400000.0,Delivered,13,3.0,3400000.0
ORD03120,2023-03-24,2023-03,Điện thoại & Phụ kiện,Hà Nội,1930000.0,Delivered,6,1.0,1930000.0
ORD03121,2023-04-20,2023-04,Điện thoại & Phụ kiện,Hải Phòng,4740000.0,Returned,4,0.0,0.0
ORD03122,2023-10-02,2023-10,Thời trang,TP.HCM,700000.0,Delivered,1,3.0,700000.0
ORD03123,2023-07-20,2023-07,Điện thoại & Phụ kiện,Hà Nội,1320000.0,Returned,4,0.0,0.0
ORD03124,2023-10-11,2023-10,Điện thoại & Phụ kiện,Hà Nội,640000.0,Delivered,8,5.0,640000.0
ORD03125,2023-06-22,2023-06,Điện thoại & Phụ kiện,Cần Thơ,1720000.0,Delivered,6,4.0,1720000.0
ORD03126,2023-11-23,2023-11,Điện thoại & Phụ kiện,Hải Phòng,4710000.0,Delivered,2,1.0,4710000.0
ORD03127,2023-07-25,2023-07,Thời trang,Hải Phòng,1960000.0,Delivered,3,3.0,1960000.0
ORD03128,2023-03-04,2023-03,Thời trang,TP.HCM,480000.0,Canceled,12,0.0,0.0
ORD03129,2023-03-14,2023-03,Điện thoại & Phụ kiện,TP.HCM,1940000.0,Returned,7,0.0,0.0
ORD03130,2023-09-08,2023-09,Mỹ phẩm,Hà Nội,920000.0,Delivered,11,1.0,920000.0
ORD03131,2023-05-04,2023-05,Mỹ phẩm,Hải Phòng,2040000.0,Returned,11,0.0,0.0
ORD03132,2023-05-01,2023-05,Mỹ phẩm,Hải Phòng,430000.0,Delivered,4,1.0,430000.0
ORD03133,2023-10-02,2023-10,Điện thoại & Phụ kiện,TP.HCM,1220000.0,Returned,4,0.0,0.0
ORD03134,2023-04-30,2023-04,Mỹ phẩm,Đà Nẵng,4340000.0,Delivered,5,1.0,4340000.0
ORD03135,2023-11-13,2023-11,Điện thoại & Phụ kiện,Hà Nội,4150000.0,Returned,8,0.0,0.0
ORD03136,2023-06-13,2023-06,Điện thoại & Phụ kiện,Hải Phòng,2390000.0,Canceled,7,0.0,0.0
ORD03137,2023-10-13,2023-10,Điện thoại & Phụ kiện,Cần Thơ,2920000.0,Delivered,9,5.0,2920000.0
ORD03138,2023-09-22,2023-09,Mỹ phẩm,Cần Thơ,4140000.0,Delivered,5,4.0,4140000.0
ORD03139,2023-11-16,2023-11,Điện thoại & Phụ kiện,Đà Nẵng,4340000.0,Delivered,1,1.0,4340000.0
ORD03140,2023-06-10,2023-06,Điện thoại & Phụ kiện,TP.HCM,2960000.0,Delivered,4,3.0,2960000.0
ORD03141,2023-11-04,2023-11,Điện thoại & Phụ kiện,TP.HCM,1640000.0,Canceled,6,0.0,0.0
ORD03142,2023-03-30,2023-03,Mỹ phẩm,TP.HCM,1740000.0,Canceled,6,0.0,0.0
ORD03143,2023-05-22,2023-05,Thời trang,Cần Thơ,4590000.0,Delivered,9,2.0,4590000.0
ORD03144,2023-07-22,2023-07,Điện thoại & Phụ kiện,TP.HCM,1910000.0,Delivered,10,5.0,1910000.0
ORD03145,2023-11-05,2023-11,Thời trang,Cần Thơ,2480000.0,Delivered,13,5.0,2480000.0
ORD03146,2023-08-15,2023-08,Thời trang,Đà Nẵng,1460000.0,Delivered,5,5.0,1460000.0
ORD03147,2023-11-30,2023-11,Thời trang,Hà Nội,3480000.0,Delivered,5,4.0,3480000.0
ORD03148,2023-08-10,2023-08,Điện thoại & Phụ kiện,Hải Phòng,4350000.0,Delivered,6,4.0,4350000.0
ORD03149,2023-02-10,2023-02,Mỹ phẩm,Đà Nẵng,4290000.0,Delivered,11,5.0,4290000.0
ORD03150,2023-07-15,2023-07,Điện thoại & Phụ kiện,Cần Thơ,2750000.0,Delivered,6,2.0,2750000.0
ORD03151,2023-03-09,2023-03,Thời trang,Đà Nẵng,1960000.0,Delivered,3,1.0,1960000.0
ORD03152,2023-09-21,2023-09,Điện thoại & Phụ kiện,Hải Phòng,490000.0,Delivered,6,3.0,490000.0
ORD03153,2023-01-02,2023-01,Điện thoại & Phụ kiện,Hà Nội,3190000.0,Delivered,8,4.0,3190000.0
ORD03154,2023-12-27,2023-12,Điện thoại & Phụ kiện,Hải Phòng,1760000.0,Returned,12,0.0,0.0
ORD03155,2023-05-05,2023-05,Thời trang,Cần Thơ,4000000.0,Delivered,6,4.0,4000000.0
ORD03156,2023-04-20,2023-04,Điện thoại & Phụ kiện,Hải Phòng,2690000.0,Canceled,12,0.0,0.0
ORD03157,2023-03-27,2023-03,Mỹ phẩm,Đà Nẵng,1520000.0,Delivered,11,4.0,1520000.0
ORD03158,2023-04-30,2023-04,Điện thoại & Phụ kiện,TP.HCM,2130000.0,Canceled,5,0.0,0.0
ORD03159,2023-05-07,2023-05,Thời trang,Đà Nẵng,1850000.0,Delivered,3,5.0,1850000.0
ORD03160,2023-09-12,2023-09,Mỹ phẩm,Cần Thơ,2710000.0,Canceled,1,0.0,0.0
ORD03161,2023-07-02,2023-07,Thời trang,Hà Nội,2610000.0,Canceled,5,0.0,0.0
ORD03162,2023-01-16,2023-01,Mỹ phẩm,Hải Phòng,3380000.0,Delivered,6,3.0,3380000.0
ORD03163,2023-03-03,2023-03,Thời trang,Hà Nội,4280000.0,Returned,6,0.0,0.0
ORD03164,2023-06-07,2023-06,Điện thoại & Phụ kiện,Cần Thơ,2090000.0,Delivered,6,1.0,2090000.0
ORD03165,2023-09-25,2023-09,Mỹ phẩm,Hải Phòng,2080000.0,Delivered,3,2.0,2080000.0
ORD03166,2023-02-04,2023-02,Điện thoại & Phụ kiện,Đà Nẵng,2050000.0,Delivered,4,2.0,2050000.0
ORD03167,2023-09-24,2023-09,Thời trang,Đà Nẵng,3230000.0,Returned,3,0.0,0.0
ORD03168,2023-03-05,2023-03,Mỹ phẩm,Cần Thơ,860000.0,Canceled,2,0.0,0.0
ORD03169,2023-02-19,2023-02,Điện thoại & Phụ kiện,Hải Phòng,280000.0,Delivered,8,5.0,280000.0
ORD03170,2023-09-12,2023-09,Điện thoại & Phụ kiện,Đà Nẵng,710000.0,Delivered,7,3.0,710000.0
ORD03171,2023-05-29,2023-05,Thời trang,Cần Thơ,3360000.0,Canceled,11,0.0,0.0
ORD03172,2023-11-21,2023-11,Mỹ phẩm,Cần Thơ,4030000.0,Canceled,8,0.0,0.0
ORD03173,2023-10-31,2023-10,Nhà cửa & Đời sống,Hà Nội,2900000.0,Returned,13,0.0,0.0
ORD03174,2023-10-03,2023-10,Thời trang,Đà Nẵng,4370000.0,Delivered,6,2.0,4370000.0
ORD03175,2023-12-23,2023-12,Thời trang,Hải Phòng,2590000.0,Delivered,11,3.0,2590000.0
ORD03176,2023-06-21,2023-06,Nhà cửa & Đời sống,Đà Nẵng,2360000.0,Delivered,12,4.0,2360000.0
ORD03177,2023-07-20,2023-07,Điện thoại & Phụ kiện,Đà Nẵng,1360000.0,Delivered,7,5.0,1360000.0
ORD03178,2023-11-20,2023-11,Điện thoại & Phụ kiện,Đà Nẵng,670000.0,Delivered,1,4.0,670000.0
ORD03179,2023-02-04,2023-02,Mỹ phẩm,Cần Thơ,4180000.0,Delivered,10,3.0,4180000.0
ORD03180,2023-08-04,2023-08,Mỹ phẩm,TP.HCM,4860000.0,Delivered,5,5.0,4860000.0
ORD03181,2023-03-06,2023-03,Mỹ phẩm,TP.HCM,3850000.0,Delivered,4,1.0,3850000.0
ORD03182,2023-01-08,2023-01,Thời trang,Hà Nội,2130000.0,Delivered,10,2.0,2130000.0
ORD03183,2023-10-28,2023-10,Điện thoại & Phụ kiện,Đà Nẵng,2520000.0,Delivered,3,2.0,2520000.0
ORD03184,2023-12-09,2023-12,Thời trang,TP.HCM,3760000.0,Delivered,2,3.0,3760000.0
ORD03185,2023-11-28,2023-11,Điện thoại & Phụ kiện,Hà Nội,4330000.0,Delivered,9,3.0,4330000.0
ORD03186,2023-03-17,2023-03,Điện thoại & Phụ kiện,Cần Thơ,3410000.0,Delivered,8,2.0,3410000.0
ORD03187,2023-06-23,2023-06,Mỹ phẩm,Đà Nẵng,3350000.0,Delivered,10,4.0,3350000.0
ORD03188,2023-02-16,2023-02,Điện thoại & Phụ kiện,Hải Phòng,2610000.0,Returned,2,0.0,0.0
ORD03189,2023-01-15,2023-01,Mỹ phẩm,Cần Thơ,4030000.0,Delivered,6,1.0,4030000.0
ORD03190,2023-12-27,2023-12,Thời trang,Hà Nội,3310000.0,Canceled,3,0.0,0.0
ORD03191,2023-05-27,2023-05,Thời trang,Cần Thơ,3850000.0,Delivered,3,3.0,3850000.0
ORD03192,2023-01-26,2023-01,Điện thoại & Phụ kiện,Hải Phòng,4180000.0,Canceled,5,0.0,0.0
ORD03193,2023-11-04,2023-11,Điện thoại & Phụ kiện,Cần Thơ,2080000.0,Delivered,7,3.0,2080000.0
ORD03194,2023-04-03,2023-04,Điện thoại & Phụ kiện,Hà Nội,4970000.0,Delivered,7,1.0,4970000.0
ORD03195,2023-08-20,2023-08,Nhà cửa & Đời sống,Hải Phòng,3520000.0,Canceled,11,0.0,0.0
ORD03196,2023-01-21,2023-01,Mỹ phẩm,Hải Phòng,2490000.0,Delivered,10,1.0,2490000.0
ORD03197,2023-11-03,2023-11,Thời trang,Cần Thơ,1480000.0,Delivered,1,4.0,1480000.0
ORD03198,2023-02-07,2023-02,Điện thoại & Phụ kiện,Hải Phòng,1310000.0,Delivered,11,2.0,1310000.0
ORD03199,2023-10-03,2023-10,Nhà cửa & Đời sống,Cần Thơ,4290000.0,Delivered,7,2.0,4290000.0
ORD03200,2023-06-06,2023-06,Điện thoại & Phụ kiện,Đà Nẵng,580000.0,Returned,7,0.0,0.0
ORD03201,2023-06-28,2023-06,Điện thoại & Phụ kiện,Hải Phòng,3130000.0,Returned,6,0.0,0.0
ORD03202,2023-05-12,2023-05,Thời trang,Cần Thơ,1240000.0,Delivered,6,2.0,1240000.0
ORD03203,2023-11-07,2023-11,Nhà cửa & Đời sống,Đà Nẵng,3520000.0,Delivered,13,3.0,3520000.0
ORD03204,2023-12-14,2023-12,Điện thoại & Phụ kiện,Hải Phòng,2600000.0,Returned,13,0.0,0.0
ORD03205,2023-01-28,2023-01,Điện thoại & Phụ kiện,Đà Nẵng,160000.0,Canceled,2,0.0,0.0
ORD03206,2023-09-17,2023-09,Nhà cửa & Đời sống,Hải Phòng,2280000.0,Delivered,3,2.0,2280000.0
ORD03207,2023-03-17,2023-03,Điện thoại & Phụ kiện,Hà Nội,860000.0,Delivered,3,3.0,860000.0
ORD03208,2023-03-08,2023-03,Điện thoại & Phụ kiện,Hà Nội,1880000.0,Delivered,13,5.0,1880000.0
ORD03209,2023-12-08,2023-12,Thời trang,Cần Thơ,1540000.0,Returned,3,0.0,0.0
ORD03210,2023-07-13,2023-07,Mỹ phẩm,TP.HCM,4250000.0,Delivered,2,4.0,4250000.0
ORD03211,2023-06-11,2023-06,Thời trang,Hà Nội,1630000.0,Delivered,9,4.0,1630000.0
ORD03212,2023-12-13,2023-12,Nhà cửa & Đời sống,TP.HCM,1300000.0,Delivered,6,2.0,1300000.0
ORD03213,2023-12-27,2023-12,Thời trang,Đà Nẵng,1330000.0,Returned,2,0.0,0.0
ORD03214,2023-09-14,2023-09,Điện thoại & Phụ kiện,Đà Nẵng,1590000.0,Canceled,3,0.0,0.0
ORD03215,2023-03-13,2023-03,Nhà cửa & Đời sống,TP.HCM,4060000.0,Delivered,10,5.0,4060000.0
ORD03216,2023-03-28,2023-03,Thời trang,Cần Thơ,3900000.0,Delivered,6,1.0,3900000.0
ORD03217,2023-09-19,2023-09,Điện thoại & Phụ kiện,Hải Phòng,2770000.0,Returned,4,0.0,0.0
ORD03218,2023-08-02,2023-08,Thời trang,TP.HCM,3360000.0,Delivered,7,5.0,3360000.0
ORD03219,2023-06-02,2023-06,Điện thoại & Phụ kiện,TP.HCM,100000.0,Delivered,6,4.0,100000.0
ORD03220,2023-07-29,2023-07,Điện thoại & Phụ kiện,TP.HCM,1700000.0,Canceled,6,0.0,0.0
ORD03221,2023-03-02,2023-03,Điện thoại & Phụ kiện,TP.HCM,2530000.0,Delivered,12,1.0,2530000.0
ORD03222,2023-09-25,2023-09,Thời trang,TP.HCM,3840000.0,Delivered,3,2.0,3840000.0
ORD03223,2023-09-19,2023-09,Mỹ phẩm,Cần Thơ,4070000.0,Delivered,11,2.0,4070000.0
ORD03224,2023-08-06,2023-08,Thời trang,Hà Nội,2600000.0,Delivered,8,1.0,2600000.0
ORD03225,2023-10-10,2023-10,Nhà cửa & Đời sống,Hải Phòng,3760000.0,Canceled,9,0.0,0.0
ORD03226,2023-05-16,2023-05,Điện thoại & Phụ kiện,Hà Nội,730000.0,Delivered,6,2.0,730000.0
ORD03227,2023-12-28,2023-12,Điện thoại & Phụ kiện,TP.HCM,3080000.0,Delivered,2,4.0,3080000.0
ORD03228,2023-04-03,2023-04,Điện thoại & Phụ kiện,Hà Nội,2570000.0,Delivered,1,4.0,2570000.0
ORD03229,2023-04-19,2023-04,Điện thoại & Phụ kiện,Cần Thơ,4510000.0,Delivered,3,4.0,4510000.0
ORD03230,2023-08-29,2023-08,Điện thoại & Phụ kiện,Đà Nẵng,3060000.0,Canceled,3,0.0,0.0
ORD03231,2023-12-21,2023-12,Mỹ phẩm,Hà Nội,4740000.0,Delivered,8,2.0,4740000.0
ORD03232,2023-05-22,2023-05,Nhà cửa & Đời sống,Hải Phòng,4610000.0,Delivered,5,3.0,4610000.0
ORD03233,2023-10-18,2023-10,Nhà cửa & Đời sống,Cần Thơ,1240000.0,Delivered,1,5.0,1240000.0
ORD03234,2023-08-25,2023-08,Điện thoại & Phụ kiện,Đà Nẵng,3040000.0,Delivered,11,5.0,3040000.0
ORD03235,2023-12-06,2023-12,Mỹ phẩm,Cần Thơ,100000.0,Delivered,4,5.0,100000.0
ORD03236,2023-11-08,2023-11,Điện thoại & Phụ kiện,TP.HCM,500000.0,Canceled,7,0.0,0.0
ORD03237,2023-06-26,2023-06,Điện thoại & Phụ kiện,Đà Nẵng,1820000.0,Delivered,5,2.0,1820000.0
ORD03238,2023-05-21,2023-05,Mỹ phẩm,Hải Phòng,970000.0,Canceled,10,0.0,0.0
ORD03239,2023-07-08,2023-07,Thời trang,Đà Nẵng,4910000.0,Delivered,13,2.0,4910000.0
ORD03240,2023-02-18,2023-02,Điện thoại & Phụ kiện,Hải Phòng,1070000.0,Delivered,6,3.0,1070000.0
ORD03241,2023-10-29,2023-10,Thời trang,TP.HCM,970000.0,Delivered,10,2.0,970000.0
ORD03242,2023-07-09,2023-07,Điện thoại & Phụ kiện,Hải Phòng,2600000.0,Delivered,4,1.0,2600000.0
ORD03243,2023-05-16,2023-05,Mỹ phẩm,Cần Thơ,3440000.0,Canceled,2,0.0,0.0
ORD03244,2023-02-12,2023-02,Thời trang,Hà Nội,4740000.0,Delivered,9,5.0,4740000.0
ORD03245,2023-12-19,2023-12,Nhà cửa & Đời sống,Cần Thơ,1500000.0,Delivered,2,3.0,1500000.0
ORD03246,2023-03-31,2023-03,Điện thoại & Phụ kiện,Cần Thơ,800000.0,Returned,2,0.0,0.0
ORD03247,2023-10-22,2023-10,Điện thoại & Phụ kiện,Đà Nẵng,1460000.0,Delivered,13,3.0,1460000.0
ORD03248,2023-12-07,2023-12,Thời trang,TP.HCM,4560000.0,Delivered,12,4.0,4560000.0
ORD03249,2023-09-02,2023-09,Thời trang,Hà Nội,1080000.0,Returned,2,0.0,0.0
ORD03250,2023-07-11,2023-07,Điện thoại & Phụ kiện,Hải Phòng,1600000.0,Delivered,1,1.0,1600000.0
ORD03251,2023-11-14,2023-11,Mỹ phẩm,Đà Nẵng,4470000.0,Canceled,13,0.0,0.0
ORD03252,2023-04-16,2023-04,Mỹ phẩm,TP.HCM,1840000.0,Delivered,12,1.0,1840000.0
ORD03253,2023-12-29,2023-12,Nhà cửa & Đời sống,Hà Nội,1760000.0,Delivered,12,5.0,1760000.0
ORD03254,2023-11-06,2023-11,Mỹ phẩm,Cần Thơ,3520000.0,Delivered,3,3.0,3520000.0
ORD03255,2023-08-21,2023-08,Mỹ phẩm,TP.HCM,4190000.0,Delivered,6,2.0,4190000.0
ORD03256,2023-09-22,2023-09,Thời trang,TP.HCM,2660000.0,Delivered,7,2.0,2660000.0
ORD03257,2023-12-10,2023-12,Mỹ phẩm,TP.HCM,4070000.0,Delivered,1,2.0,4070000.0
ORD03258,2023-02-06,2023-02,Điện thoại & Phụ kiện,Cần Thơ,2330000.0,Canceled,5,0.0,0.0
ORD03259,2023-11-01,2023-11,Điện thoại & Phụ kiện,Hải Phòng,3770000.0,Canceled,5,0.0,0.0
ORD03260,2023-02-10,2023-02,Điện thoại & Phụ kiện,Đà Nẵng,3390000.0,Delivered,1,5.0,3390000.0
ORD03261,2023-01-17,2023-01,Thời trang,Hải Phòng,740000.0,Delivered,4,3.0,740000.0
ORD03262,2023-12-10,2023-12,Điện thoại & Phụ kiện,Hà Nội,780000.0,Delivered,10,3.0,780000.0
ORD03263,2023-10-04,2023-10,Nhà cửa & Đời sống,Đà Nẵng,760000.0,Delivered,1,4.0,760000.0
ORD03264,2023-11-03,2023-11,Điện thoại & Phụ kiện,Hà Nội,4420000.0,Delivered,13,4.0,4420000.0
ORD03265,2023-02-28,2023-02,Điện thoại & Phụ kiện,Cần Thơ,590000.0,Delivered,1,4.0,590000.0
ORD03266,2023-07-02,2023-07,Thời trang,Hải Phòng,3230000.0,Delivered,12,5.0,3230000.0
ORD03267,2023-02-10,2023-02,Điện thoại & Phụ kiện,TP.HCM,3180000.0,Returned,7,0.0,0.0
ORD03268,2023-02-08,2023-02,Điện thoại & Phụ kiện,Đà Nẵng,1000000.0,Delivered,7,1.0,1000000.0
ORD03269,2023-07-11,2023-07,Điện thoại & Phụ kiện,TP.HCM,1240000.0,Delivered,3,4.0,1240000.0
ORD03270,2023-09-24,2023-09,Thời trang,Hà Nội,3830000.0,Delivered,7,2.0,3830000.0
ORD03271,2023-05-27,2023-05,Thời trang,TP.HCM,660000.0,Canceled,3,0.0,0.0
ORD03272,2023-11-29,2023-11,Mỹ phẩm,TP.HCM,3510000.0,Canceled,2,0.0,0.0
ORD03273,2023-05-07,2023-05,Mỹ phẩm,Cần Thơ,270000.0,Canceled,10,0.0,0.0
ORD03274,2023-02-15,2023-02,Thời trang,Cần Thơ,2810000.0,Canceled,4,0.0,0.0
ORD03275,2023-02-14,2023-02,Điện thoại & Phụ kiện,Hải Phòng,1390000.0,Delivered,10,4.0,1390000.0
ORD03276,2023-01-01,2023-01,Điện thoại & Phụ kiện,Hà Nội,2780000.0,Delivered,3,4.0,2780000.0
ORD03277,2023-06-17,2023-06,Mỹ phẩm,Cần Thơ,4380000.0,Canceled,12,0.0,0.0
ORD03278,2023-04-18,2023-04,Điện thoại & Phụ kiện,Cần Thơ,890000.0,Delivered,7,1.0,890000.0
ORD03279,2023-01-19,2023-01,Điện thoại & Phụ kiện,Hải Phòng,4650000.0,Delivered,12,1.0,4650000.0
ORD03280,2023-11-28,2023-11,Mỹ phẩm,Đà Nẵng,3080000.0,Canceled,12,0.0,0.0
ORD03281,2023-03-13,2023-03,Thời trang,Hải Phòng,4650000.0,Canceled,1,0.0,0.0
ORD03282,2023-04-19,2023-04,Điện thoại & Phụ kiện,TP.HCM,3190000.0,Returned,6,0.0,0.0
ORD03283,2023-09-25,2023-09,Điện thoại & Phụ kiện,TP.HCM,2110000.0,Returned,2,0.0,0.0
ORD03284,2023-08-28,2023-08,Nhà cửa & Đời sống,Cần Thơ,2340000.0,Delivered,8,5.0,2340000.0
ORD03285,2023-10-28,2023-10,Mỹ phẩm,Cần Thơ,1680000.0,Returned,5,0.0,0.0
ORD03286,2023-03-31,2023-03,Mỹ phẩm,Hải Phòng,2130000.0,Delivered,3,5.0,2130000.0
ORD03287,2023-04-13,2023-04,Thời trang,Hải Phòng,1460000.0,Delivered,10,3.0,1460000.0
ORD03288,2023-09-07,2023-09,Thời trang,Hà Nội,4940000.0,Delivered,7,3.0,4940000.0
ORD03289,2023-01-08,2023-01,Nhà cửa & Đời sống,TP.HCM,820000.0,Delivered,11,5.0,820000.0
ORD03290,2023-06-02,2023-06,Nhà cửa & Đời sống,Hải Phòng,570000.0,Returned,2,0.0,0.0
ORD03291,2023-12-13,2023-12,Điện thoại & Phụ kiện,Đà Nẵng,270000.0,Delivered,5,5.0,270000.0
ORD03292,2023-06-23,2023-06,Mỹ phẩm,Hà Nội,4870000.0,Delivered,11,5.0,4870000.0
ORD03293,2023-12-09,2023-12,Điện thoại & Phụ kiện,Hải Phòng,4890000.0,Delivered,8,3.0,4890000.0
ORD03294,2023-06-07,2023-06,Điện thoại & Phụ kiện,Cần Thơ,4970000.0,Delivered,13,5.0,4970000.0
ORD03295,2023-08-03,2023-08,Thời trang,Hải Phòng,4800000.0,Delivered,11,4.0,4800000.0
ORD03296,2023-06-26,2023-06,Thời trang,Cần Thơ,2760000.0,Delivered,1,4.0,2760000.0
ORD03297,2023-06-24,2023-06,Nhà cửa & Đời sống,Cần Thơ,4550000.0,Delivered,1,5.0,4550000.0
ORD03298,2023-12-06,2023-12,Điện thoại & Phụ kiện,TP.HCM,3490000.0,Delivered,3,4.0,3490000.0
ORD03299,2023-12-04,2023-12,Thời trang,TP.HCM,280000.0,Delivered,3,5.0,280000.0
ORD03300,2023-05-26,2023-05,Nhà cửa & Đời sống,Hải Phòng,1090000.0,Delivered,13,3.0,1090000.0
ORD03301,2023-11-20,2023-11,Nhà cửa & Đời sống,Hải Phòng,1250000.0,Delivered,7,5.0,1250000.0
ORD03302,2023-06-10,2023-06,Điện thoại & Phụ kiện,Đà Nẵng,3550000.0,Returned,6,0.0,0.0
ORD03303,2023-05-07,2023-05,Điện thoại & Phụ kiện,Hà Nội,830000.0,Delivered,7,3.0,830000.0
ORD03304,2023-03-23,2023-03,Thời trang,Hà Nội,2890000.0,Delivered,4,4.0,2890000.0
ORD03305,2023-05-27,2023-05,Điện thoại & Phụ kiện,Hải Phòng,2780000.0,Delivered,11,4.0,2780000.0
ORD03306,2023-08-27,2023-08,Nhà cửa & Đời sống,TP.HCM,1340000.0,Canceled,2,0.0,0.0
ORD03307,2023-03-25,2023-03,Nhà cửa & Đời sống,Đà Nẵng,1250000.0,Canceled,2,0.0,0.0
ORD03308,2023-04-23,2023-04,Điện thoại & Phụ kiện,Hà Nội,1830000.0,Returned,10,0.0,0.0
ORD03309,2023-08-13,2023-08,Điện thoại & Phụ kiện,Hải Phòng,1900000.0,Delivered,1,2.0,1900000.0
ORD03310,2023-11-28,2023-11,Điện thoại & Phụ kiện,TP.HCM,2350000.0,Returned,13,0.0,0.0
ORD03311,2023-08-31,2023-08,Nhà cửa & Đời sống,TP.HCM,1660000.0,Returned,9,0.0,0.0
ORD03312,2023-05-23,2023-05,Điện thoại & Phụ kiện,TP.HCM,1730000.0,Canceled,7,0.0,0.0
ORD03313,2023-02-10,2023-02,Thời trang,Cần Thơ,800000.0,Delivered,10,5.0,800000.0
ORD03314,2023-09-15,2023-09,Thời trang,TP.HCM,2310000.0,Canceled,3,0.0,0.0
ORD03315,2023-10-12,2023-10,Thời trang,Hải Phòng,1350000.0,Delivered,2,5.0,1350000.0
ORD03316,2023-04-15,2023-04,Điện thoại & Phụ kiện,Đà Nẵng,1540000.0,Canceled,3,0.0,0.0
ORD03317,2023-07-21,2023-07,Điện thoại & Phụ kiện,Hải Phòng,1850000.0,Delivered,7,4.0,1850000.0
ORD03318,2023-11-03,2023-11,Nhà cửa & Đời sống,TP.HCM,4700000.0,Canceled,5,0.0,0.0
ORD03319,2023-11-27,2023-11,Nhà cửa & Đời sống,Đà Nẵng,1610000.0,Delivered,12,4.0,1610000.0
ORD03320,2023-09-23,2023-09,Mỹ phẩm,Hà Nội,1910000.0,Delivered,3,5.0,1910000.0
ORD03321,2023-07-29,2023-07,Điện thoại & Phụ kiện,Hà Nội,3840000.0,Canceled,9,0.0,0.0
ORD03322,2023-02-20,2023-02,Điện thoại & Phụ kiện,Hải Phòng,4880000.0,Delivered,2,5.0,4880000.0
ORD03323,2023-04-28,2023-04,Thời trang,Đà Nẵng,3560000.0,Delivered,7,5.0,3560000.0
ORD03324,2023-07-20,2023-07,Điện thoại & Phụ kiện,Hải Phòng,940000.0,Delivered,10,4.0,940000.0
ORD03325,2023-02-08,2023-02,Nhà cửa & Đời sống,Đà Nẵng,3730000.0,Canceled,6,0.0,0.0
ORD03326,2023-01-28,2023-01,Thời trang,Đà Nẵng,3920000.0,Delivered,6,2.0,3920000.0
ORD03327,2023-09-16,2023-09,Điện thoại & Phụ kiện,Hải Phòng,1300000.0,Delivered,7,3.0,1300000.0
ORD03328,2023-03-25,2023-03,Nhà cửa & Đời sống,Đà Nẵng,1380000.0,Delivered,6,3.0,1380000.0
ORD03329,2023-06-04,2023-06,Nhà cửa & Đời sống,TP.HCM,4720000.0,Delivered,2,3.0,4720000.0
ORD03330,2023-04-27,2023-04,Điện thoại & Phụ kiện,Đà Nẵng,4600000.0,Delivered,11,4.0,4600000.0
ORD03331,2023-01-02,2023-01,Thời trang,Đà Nẵng,150000.0,Delivered,5,4.0,150000.0
ORD03332,2023-04-03,2023-04,Điện thoại & Phụ kiện,Hải Phòng,3430000.0,Delivered,3,3.0,3430000.0
ORD03333,2023-06-15,2023-06,Điện thoại & Phụ kiện,Hà Nội,1920000.0,Delivered,9,1.0,1920000.0
ORD03334,2023-12-16,2023-12,Điện thoại & Phụ kiện,Cần Thơ,470000.0,Returned,8,0.0,0.0
ORD03335,2023-10-23,2023-10,Thời trang,Đà Nẵng,4260000.0,Delivered,10,5.0,4260000.0
ORD03336,2023-09-15,2023-09,Nhà cửa & Đời sống,Cần Thơ,1250000.0,Delivered,11,3.0,1250000.0
ORD03337,2023-03-22,2023-03,Thời trang,Đà Nẵng,1110000.0,Delivered,2,3.0,1110000.0
ORD03338,2023-09-25,2023-09,Điện thoại & Phụ kiện,Hải Phòng,170000.0,Delivered,1,1.0,170000.0
ORD03339,2023-08-23,2023-08,Thời trang,Hải Phòng,2270000.0,Canceled,4,0.0,0.0
ORD03340,2023-11-17,2023-11,Điện thoại & Phụ kiện,Đà Nẵng,2160000.0,Delivered,4,4.0,2160000.0
ORD03341,2023-11-07,2023-11,Mỹ phẩm,Hải Phòng,870000.0,Delivered,12,5.0,870000.0
ORD03342,2023-10-28,2023-10,Thời trang,Hải Phòng,3770000.0,Delivered,10,3.0,3770000.0
ORD03343,2023-12-23,2023-12,Điện thoại & Phụ kiện,Đà Nẵng,4130000.0,Delivered,11,2.0,4130000.0
ORD03344,2023-08-01,2023-08,Điện thoại & Phụ kiện,Hà Nội,640000.0,Delivered,2,5.0,640000.0
ORD03345,2023-03-03,2023-03,Mỹ phẩm,Đà Nẵng,3130000.0,Canceled,7,0.0,0.0
ORD03346,2023-02-18,2023-02,Điện thoại & Phụ kiện,Hà Nội,4760000.0,Returned,13,0.0,0.0
ORD03347,2023-05-07,2023-05,Mỹ phẩm,Hải Phòng,4490000.0,Delivered,3,4.0,4490000.0
ORD03348,2023-08-11,2023-08,Điện thoại & Phụ kiện,Hà Nội,4900000.0,Delivered,7,4.0,4900000.0
ORD03349,2023-10-06,2023-10,Điện thoại & Phụ kiện,Hải Phòng,2370000.0,Delivered,7,1.0,2370000.0
ORD03350,2023-10-21,2023-10,Thời trang,Hà Nội,970000.0,Canceled,1,0.0,0.0
ORD03351,2023-10-11,2023-10,Nhà cửa & Đời sống,Hà Nội,190000.0,Delivered,6,3.0,190000.0
ORD03352,2023-10-04,2023-10,Nhà cửa & Đời sống,Đà Nẵng,3170000.0,Delivered,4,4.0,3170000.0
ORD03353,2023-04-17,2023-04,Điện thoại & Phụ kiện,Hà Nội,4430000.0,Delivered,11,5.0,4430000.0
ORD03354,2023-05-26,2023-05,Điện thoại & Phụ kiện,Hải Phòng,2990000.0,Canceled,8,0.0,0.0
ORD03355,2023-04-09,2023-04,Điện thoại & Phụ kiện,Đà Nẵng,1730000.0,Delivered,8,5.0,1730000.0
ORD03356,2023-03-14,2023-03,Thời trang,Hà Nội,2480000.0,Delivered,3,5.0,2480000.0
ORD03357,2023-05-02,2023-05,Thời trang,Đà Nẵng,3260000.0,Delivered,4,4.0,3260000.0
ORD03358,2023-01-30,2023-01,Nhà cửa & Đời sống,Cần Thơ,4930000.0,Canceled,1,0.0,0.0
ORD03359,2023-07-07,2023-07,Nhà cửa & Đời sống,Đà Nẵng,1530000.0,Delivered,10,2.0,1530000.0
ORD03360,2023-12-30,2023-12,Điện thoại & Phụ kiện,Cần Thơ,3440000.0,Delivered,2,2.0,3440000.0
ORD03361,2023-12-20,2023-12,Thời trang,Cần Thơ,270000.0,Delivered,7,2.0,270000.0
ORD03362,2023-10-15,2023-10,Mỹ phẩm,Đà Nẵng,800000.0,Delivered,11,4.0,800000.0
ORD03363,2023-07-14,2023-07,Mỹ phẩm,Hải Phòng,1840000.0,Delivered,12,4.0,1840000.0
ORD03364,2023-06-05,2023-06,Điện thoại & Phụ kiện,Hải Phòng,3510000.0,Returned,7,0.0,0.0
ORD03365,2023-06-21,2023-06,Điện thoại & Phụ kiện,Hải Phòng,2970000.0,Delivered,13,4.0,2970000.0
ORD03366,2023-12-01,2023-12,Thời trang,TP.HCM,3080000.0,Delivered,9,3.0,3080000.0
ORD03367,2023-02-10,2023-02,Điện thoại & Phụ kiện,Cần Thơ,3480000.0,Delivered,10,3.0,3480000.0
ORD03368,2023-03-04,2023-03,Điện thoại & Phụ kiện,Đà Nẵng,4330000.0,Delivered,9,2.0,4330000.0
ORD03369,2023-01-23,2023-01,Điện thoại & Phụ kiện,Hải Phòng,2570000.0,Delivered,9,4.0,2570000.0
ORD03370,2023-12-26,2023-12,Thời trang,Hải Phòng,2020000.0,Returned,6,0.0,0.0
ORD03371,2023-03-16,2023-03,Điện thoại & Phụ kiện,Đà Nẵng,4280000.0,Delivered,8,5.0,4280000.0
ORD03372,2023-02-17,2023-02,Điện thoại & Phụ kiện,Cần Thơ,3340000.0,Returned,9,0.0,0.0
ORD03373,2023-06-09,2023-06,Điện thoại & Phụ kiện,Đà Nẵng,3150000.0,Delivered,12,5.0,3150000.0
ORD03374,2023-11-09,2023-11,Mỹ phẩm,TP.HCM,2770000.0,Delivered,7,1.0,2770000.0
ORD03375,2023-04-28,2023-04,Mỹ phẩm,TP.HCM,2130000.0,Delivered,4,5.0,2130000.0
ORD03376,2023-04-10,2023-04,Thời trang,Đà Nẵng,3500000.0,Delivered,4,3.0,3500000.0
ORD03377,2023-06-16,2023-06,Thời trang,Cần Thơ,1320000.0,Delivered,6,4.0,1320000.0
ORD03378,2023-10-17,2023-10,Nhà cửa & Đời sống,Hải Phòng,670000.0,Delivered,11,1.0,670000.0
ORD03379,2023-06-05,2023-06,Điện thoại & Phụ kiện,TP.HCM,3480000.0,Delivered,4,4.0,3480000.0
ORD03380,2023-01-07,2023-01,Điện thoại & Phụ kiện,TP.HCM,4560000.0,Delivered,11,4.0,4560000.0
ORD03381,2023-07-15,2023-07,Điện thoại & Phụ kiện,Cần Thơ,2100000.0,Delivered,7,3.0,2100000.0
ORD03382,2023-02-25,2023-02,Điện thoại & Phụ kiện,TP.HCM,4420000.0,Delivered,8,2.0,4420000.0
ORD03383,2023-11-17,2023-11,Điện thoại & Phụ kiện,TP.HCM,1210000.0,Canceled,8,0.0,0.0
ORD03384,2023-07-12,2023-07,Nhà cửa & Đời sống,Cần Thơ,1370000.0,Delivered,8,1.0,1370000.0
ORD03385,2023-02-16,2023-02,Thời trang,Đà Nẵng,450000.0,Delivered,2,3.0,450000.0
ORD03386,2023-05-28,2023-05,Thời trang,Hải Phòng,2430000.0,Delivered,10,4.0,2430000.0
ORD03387,2023-10-02,2023-10,Nhà cửa & Đời sống,Hải Phòng,3190000.0,Canceled,2,0.0,0.0
ORD03388,2023-06-06,2023-06,Điện thoại & Phụ kiện,TP.HCM,560000.0,Delivered,2,5.0,560000.0
ORD03389,2023-07-21,2023-07,Điện thoại & Phụ kiện,Hải Phòng,1240000.0,Canceled,2,0.0,0.0
ORD03390,2023-05-06,2023-05,Thời trang,Đà Nẵng,4250000.0,Delivered,4,1.0,4250000.0
ORD03391,2023-11-01,2023-11,Thời trang,TP.HCM,2640000.0,Delivered,5,1.0,2640000.0
ORD03392,2023-10-21,2023-10,Điện thoại & Phụ kiện,Hải Phòng,4920000.0,Delivered,4,3.0,4920000.0
ORD03393,2023-03-05,2023-03,Thời trang,Hà Nội,2320000.0,Returned,5,0.0,0.0
ORD03394,2023-11-21,2023-11,Thời trang,Hà Nội,1330000.0,Returned,4,0.0,0.0
ORD03395,2023-06-25,2023-06,Thời trang,Hà Nội,4460000.0,Returned,7,0.0,0.0
ORD03396,2023-04-26,2023-04,Thời trang,Hà Nội,1690000.0,Delivered,10,4.0,1690000.0
ORD03397,2023-07-23,2023-07,Điện thoại & Phụ kiện,Hà Nội,4550000.0,Canceled,1,0.0,0.0
ORD03398,2023-11-17,2023-11,Điện thoại & Phụ kiện,TP.HCM,4300000.0,Delivered,13,3.0,4300000.0
ORD03399,2023-01-31,2023-01,Thời trang,Cần Thơ,1050000.0,Delivered,1,4.0,1050000.0
ORD03400,2023-04-23,2023-04,Điện thoại & Phụ kiện,Cần Thơ,1160000.0,Delivered,2,2.0,1160000.0
ORD03401,2023-12-31,2023-12,Nhà cửa & Đời sống,TP.HCM,1290000.0,Delivered,13,4.0,1290000.0
ORD03402,2023-11-21,2023-11,Thời trang,TP.HCM,1100000.0,Returned,1,0.0,0.0
ORD03403,2023-12-10,2023-12,Điện thoại & Phụ kiện,Đà Nẵng,1120000.0,Delivered,12,2.0,1120000.0
ORD03404,2023-03-08,2023-03,Mỹ phẩm,Cần Thơ,1750000.0,Delivered,10,5.0,1750000.0
ORD03405,2023-03-16,2023-03,Thời trang,Hà Nội,4230000.0,Delivered,12,3.0,4230000.0
ORD03406,2023-02-14,2023-02,Điện thoại & Phụ kiện,TP.HCM,1950000.0,Delivered,12,2.0,1950000.0
ORD03407,2023-09-17,2023-09,Mỹ phẩm,Hà Nội,410000.0,Delivered,10,5.0,410000.0
ORD03408,2023-06-03,2023-06,Mỹ phẩm,Cần Thơ,750000.0,Canceled,13,0.0,0.0
ORD03409,2023-06-04,2023-06,Thời trang,Hải Phòng,1880000.0,Delivered,11,4.0,1880000.0
ORD03410,2023-12-29,2023-12,Điện thoại & Phụ kiện,Hải Phòng,2760000.0,Delivered,3,1.0,2760000.0
ORD03411,2023-08-22,2023-08,Thời trang,TP.HCM,4520000.0,Delivered,6,1.0,4520000.0
ORD03412,2023-02-20,2023-02,Mỹ phẩm,Đà Nẵng,4130000.0,Delivered,10,2.0,4130000.0
ORD03413,2023-11-02,2023-11,Điện thoại & Phụ kiện,Hà Nội,460000.0,Delivered,11,3.0,460000.0
ORD03414,2023-09-19,2023-09,Điện thoại & Phụ kiện,TP.HCM,2100000.0,Delivered,6,4.0,2100000.0
ORD03415,2023-11-11,2023-11,Mỹ phẩm,Đà Nẵng,3670000.0,Delivered,1,2.0,3670000.0
ORD03416,2023-05-05,2023-05,Điện thoại & Phụ kiện,Hà Nội,580000.0,Delivered,6,2.0,580000.0
ORD03417,2023-09-02,2023-09,Mỹ phẩm,Cần Thơ,2840000.0,Delivered,5,2.0,2840000.0
ORD03418,2023-01-30,2023-01,Thời trang,Hải Phòng,4480000.0,Delivered,7,1.0,4480000.0
ORD03419,2023-05-02,2023-05,Thời trang,Đà Nẵng,1770000.0,Returned,6,0.0,0.0
ORD03420,2023-05-05,2023-05,Điện thoại & Phụ kiện,Hà Nội,2720000.0,Canceled,12,0.0,0.0
ORD03421,2023-02-06,2023-02,Mỹ phẩm,TP.HCM,1420000.0,Delivered,12,1.0,1420000.0
ORD03422,2023-06-19,2023-06,Điện thoại & Phụ kiện,Hà Nội,3070000.0,Delivered,7,2.0,3070000.0
ORD03423,2023-05-04,2023-05,Thời trang,TP.HCM,3530000.0,Delivered,2,5.0,3530000.0
ORD03424,2023-12-23,2023-12,Thời trang,Hải Phòng,1850000.0,Canceled,12,0.0,0.0
ORD03425,2023-02-04,2023-02,Mỹ phẩm,Hải Phòng,4980000.0,Delivered,1,5.0,4980000.0
ORD03426,2023-03-28,2023-03,Nhà cửa & Đời sống,Hà Nội,4000000.0,Canceled,7,0.0,0.0
ORD03427,2023-05-14,2023-05,Thời trang,Hà Nội,200000.0,Delivered,9,3.0,200000.0
ORD03428,2023-07-15,2023-07,Điện thoại & Phụ kiện,TP.HCM,2100000.0,Delivered,2,4.0,2100000.0
ORD03429,2023-10-01,2023-10,Nhà cửa & Đời sống,TP.HCM,4420000.0,Delivered,12,2.0,4420000.0
ORD03430,2023-07-20,2023-07,Thời trang,Đà Nẵng,4230000.0,Delivered,7,2.0,4230000.0
ORD03431,2023-10-12,2023-10,Điện thoại & Phụ kiện,Đà Nẵng,3060000.0,Delivered,3,1.0,3060000.0
ORD03432,2023-03-18,2023-03,Điện thoại & Phụ kiện,Đà Nẵng,120000.0,Delivered,6,5.0,120000.0
ORD03433,2023-02-28,2023-02,Mỹ phẩm,Hà Nội,2230000.0,Canceled,3,0.0,0.0
ORD03434,2023-05-06,2023-05,Điện thoại & Phụ kiện,Đà Nẵng,3050000.0,Canceled,13,0.0,0.0
ORD03435,2023-04-19,2023-04,Thời trang,Hà Nội,3160000.0,Delivered,10,4.0,3160000.0
ORD03436,2023-08-12,2023-08,Thời trang,Hải Phòng,4770000.0,Delivered,13,3.0,4770000.0
ORD03437,2023-10-05,2023-10,Điện thoại & Phụ kiện,Cần Thơ,410000.0,Delivered,11,2.0,410000.0
ORD03438,2023-03-09,2023-03,Thời trang,Hải Phòng,570000.0,Delivered,11,2.0,570000.0
ORD03439,2023-03-10,2023-03,Điện thoại & Phụ kiện,Hà Nội,3360000.0,Delivered,11,1.0,3360000.0
ORD03440,2023-06-14,2023-06,Thời trang,Hà Nội,2610000.0,Delivered,5,3.0,2610000.0
ORD03441,2023-11-01,2023-11,Thời trang,Cần Thơ,2080000.0,Delivered,2,1.0,2080000.0
ORD03442,2023-06-11,2023-06,Thời trang,TP.HCM,4130000.0,Delivered,8,3.0,4130000.0
ORD03443,2023-12-31,2023-12,Mỹ phẩm,TP.HCM,980000.0,Returned,8,0.0,0.0
ORD03444,2023-12-08,2023-12,Mỹ phẩm,TP.HCM,1180000.0,Canceled,7,0.0,0.0
ORD03445,2023-11-05,2023-11,Mỹ phẩm,Đà Nẵng,3000000.0,Delivered,6,3.0,3000000.0
ORD03446,2023-12-09,2023-12,Điện thoại & Phụ kiện,TP.HCM,1170000.0,Delivered,1,1.0,1170000.0
ORD03447,2023-02-11,2023-02,Điện thoại & Phụ kiện,Đà Nẵng,4170000.0,Returned,8,0.0,0.0
ORD03448,2023-12-20,2023-12,Thời trang,Đà Nẵng,490000.0,Delivered,1,2.0,490000.0
ORD03449,2023-04-19,2023-04,Nhà cửa & Đời sống,TP.HCM,4700000.0,Delivered,8,4.0,4700000.0
ORD03450,2023-02-20,2023-02,Mỹ phẩm,TP.HCM,610000.0,Delivered,11,1.0,610000.0
ORD03451,2023-09-07,2023-09,Mỹ phẩm,Cần Thơ,1210000.0,Delivered,2,3.0,1210000.0
ORD03452,2023-12-07,2023-12,Điện thoại & Phụ kiện,Cần Thơ,3040000.0,Delivered,8,4.0,3040000.0
ORD03453,2023-01-21,2023-01,Thời trang,Đà Nẵng,770000.0,Returned,10,0.0,0.0
ORD03454,2023-10-27,2023-10,Thời trang,Cần Thơ,1980000.0,Delivered,12,2.0,1980000.0
ORD03455,2023-05-19,2023-05,Điện thoại & Phụ kiện,Đà Nẵng,3410000.0,Canceled,4,0.0,0.0
ORD03456,2023-12-25,2023-12,Điện thoại & Phụ kiện,Hà Nội,2180000.0,Delivered,7,4.0,2180000.0
ORD03457,2023-11-20,2023-11,Nhà cửa & Đời sống,Đà Nẵng,740000.0,Delivered,5,1.0,740000.0
ORD03458,2023-04-02,2023-04,Điện thoại & Phụ kiện,Đà Nẵng,710000.0,Returned,8,0.0,0.0
ORD03459,2023-10-07,2023-10,Điện thoại & Phụ kiện,Cần Thơ,4740000.0,Canceled,12,0.0,0.0
ORD03460,2023-05-05,2023-05,Điện thoại & Phụ kiện,Hà Nội,2670000.0,Delivered,6,4.0,2670000.0
ORD03461,2023-04-21,2023-04,Nhà cửa & Đời sống,Hải Phòng,1430000.0,Delivered,5,4.0,1430000.0
ORD03462,2023-12-20,2023-12,Thời trang,Hải Phòng,1310000.0,Delivered,1,4.0,1310000.0
ORD03463,2023-05-19,2023-05,Thời trang,Hải Phòng,3400000.0,Delivered,3,1.0,3400000.0
ORD03464,2023-09-30,2023-09,Nhà cửa & Đời sống,Hà Nội,1800000.0,Delivered,10,4.0,1800000.0
ORD03465,2023-04-09,2023-04,Điện thoại & Phụ kiện,TP.HCM,2190000.0,Delivered,9,1.0,2190000.0
ORD03466,2023-09-09,2023-09,Thời trang,Hà Nội,3050000.0,Delivered,9,5.0,3050000.0
ORD03467,2023-12-04,2023-12,Điện thoại & Phụ kiện,Cần Thơ,980000.0,Delivered,5,5.0,980000.0
ORD03468,2023-04-14,2023-04,Điện thoại & Phụ kiện,Đà Nẵng,1760000.0,Delivered,3,1.0,1760000.0
ORD03469,2023-08-02,2023-08,Mỹ phẩm,Đà Nẵng,370000.0,Delivered,6,5.0,370000.0
ORD03470,2023-09-06,2023-09,Mỹ phẩm,Cần Thơ,2470000.0,Delivered,5,2.0,2470000.0
ORD03471,2023-06-01,2023-06,Điện thoại & Phụ kiện,Cần Thơ,3450000.0,Returned,1,0.0,0.0
ORD03472,2023-09-07,2023-09,Điện thoại & Phụ kiện,Đà Nẵng,720000.0,Canceled,2,0.0,0.0
ORD03473,2023-10-02,2023-10,Thời trang,TP.HCM,4570000.0,Delivered,12,3.0,4570000.0
ORD03474,2023-06-14,2023-06,Điện thoại & Phụ kiện,TP.HCM,2640000.0,Delivered,5,1.0,2640000.0
ORD03475,2023-12-07,2023-12,Điện thoại & Phụ kiện,TP.HCM,4050000.0,Delivered,9,5.0,4050000.0
ORD03476,2023-01-08,2023-01,Điện thoại & Phụ kiện,Cần Thơ,500000.0,Delivered,12,1.0,500000.0
ORD03477,2023-10-11,2023-10,Điện thoại & Phụ kiện,Đà Nẵng,380000.0,Delivered,4,5.0,380000.0
ORD03478,2023-01-05,2023-01,Mỹ phẩm,Đà Nẵng,2880000.0,Delivered,9,2.0,2880000.0
ORD03479,2023-05-25,2023-05,Điện thoại & Phụ kiện,Đà Nẵng,4780000.0,Returned,3,0.0,0.0
ORD03480,2023-04-11,2023-04,Điện thoại & Phụ kiện,Hà Nội,890000.0,Delivered,1,1.0,890000.0
ORD03481,2023-06-13,2023-06,Thời trang,Hà Nội,600000.0,Delivered,6,3.0,600000.0
ORD03482,2023-05-27,2023-05,Mỹ phẩm,Hải Phòng,1210000.0,Delivered,10,2.0,1210000.0
ORD03483,2023-03-05,2023-03,Điện thoại & Phụ kiện,Hà Nội,3700000.0,Delivered,7,4.0,3700000.0
ORD03484,2023-04-01,2023-04,Điện thoại & Phụ kiện,TP.HCM,3100000.0,Delivered,4,4.0,3100000.0
ORD03485,2023-04-27,2023-04,Điện thoại & Phụ kiện,TP.HCM,990000.0,Returned,10,0.0,0.0
ORD03486,2023-12-20,2023-12,Mỹ phẩm,TP.HCM,2380000.0,Delivered,5,2.0,2380000.0
ORD03487,2023-09-24,2023-09,Thời trang,TP.HCM,1590000.0,Delivered,4,1.0,1590000.0
ORD03488,2023-11-06,2023-11,Mỹ phẩm,Hải Phòng,2520000.0,Delivered,3,1.0,2520000.0
ORD03489,2023-06-22,2023-06,Nhà cửa & Đời sống,TP.HCM,1470000.0,Canceled,1,0.0,0.0
ORD03490,2023-02-16,2023-02,Mỹ phẩm,Cần Thơ,1440000.0,Canceled,13,0.0,0.0
ORD03491,2023-05-20,2023-05,Thời trang,Cần Thơ,4660000.0,Delivered,6,5.0,4660000.0
ORD03492,2023-09-03,2023-09,Thời trang,Cần Thơ,980000.0,Delivered,10,2.0,980000.0
ORD03493,2023-05-29,2023-05,Điện thoại & Phụ kiện,Hà Nội,240000.0,Delivered,5,3.0,240000.0
ORD03494,2023-09-03,2023-09,Nhà cửa & Đời sống,Đà Nẵng,3420000.0,Delivered,11,5.0,3420000.0
ORD03495,2023-01-05,2023-01,Điện thoại & Phụ kiện,Hải Phòng,3710000.0,Delivered,1,1.0,3710000.0
ORD03496,2023-07-03,2023-07,Điện thoại & Phụ kiện,Cần Thơ,1830000.0,Delivered,5,4.0,1830000.0
ORD03497,2023-01-20,2023-01,Thời trang,Cần Thơ,990000.0,Returned,6,0.0,0.0
ORD03498,2023-02-15,2023-02,Điện thoại & Phụ kiện,TP.HCM,2220000.0,Delivered,10,2.0,2220000.0
ORD03499,2023-01-12,2023-01,Thời trang,Cần Thơ,3520000.0,Delivered,5,2.0,3520000.0
ORD03500,2023-03-11,2023-03,Thời trang,TP.HCM,700000.0,Delivered,1,5.0,700000.0
ORD03501,2023-01-17,2023-01,Thời trang,TP.HCM,3730000.0,Delivered,5,3.0,3730000.0
ORD03502,2023-05-27,2023-05,Mỹ phẩm,Đà Nẵng,2290000.0,Delivered,10,1.0,2290000.0
ORD03503,2023-06-03,2023-06,Điện thoại & Phụ kiện,Hà Nội,700000.0,Delivered,1,5.0,700000.0
ORD03504,2023-10-31,2023-10,Thời trang,TP.HCM,3160000.0,Delivered,11,2.0,3160000.0
ORD03505,2023-04-18,2023-04,Thời trang,TP.HCM,1750000.0,Delivered,3,3.0,1750000.0
ORD03506,2023-08-24,2023-08,Thời trang,Đà Nẵng,210000.0,Canceled,12,0.0,0.0
ORD03507,2023-11-04,2023-11,Mỹ phẩm,TP.HCM,2250000.0,Delivered,13,1.0,2250000.0
ORD03508,2023-12-18,2023-12,Điện thoại & Phụ kiện,Hải Phòng,860000.0,Delivered,2,2.0,860000.0
ORD03509,2023-03-11,2023-03,Thời trang,Hà Nội,2410000.0,Delivered,13,3.0,2410000.0
ORD03510,2023-07-02,2023-07,Điện thoại & Phụ kiện,Hải Phòng,1210000.0,Delivered,1,4.0,1210000.0
ORD03511,2023-09-07,2023-09,Nhà cửa & Đời sống,Cần Thơ,750000.0,Delivered,4,2.0,750000.0
ORD03512,2023-08-16,2023-08,Điện thoại & Phụ kiện,Hà Nội,1910000.0,Delivered,2,4.0,1910000.0
ORD03513,2023-04-12,2023-04,Mỹ phẩm,Cần Thơ,4320000.0,Delivered,5,2.0,4320000.0
ORD03514,2023-03-16,2023-03,Điện thoại & Phụ kiện,TP.HCM,2130000.0,Returned,10,0.0,0.0
ORD03515,2023-08-04,2023-08,Điện thoại & Phụ kiện,Đà Nẵng,4320000.0,Delivered,1,5.0,4320000.0
ORD03516,2023-07-22,2023-07,Thời trang,Hải Phòng,3800000.0,Canceled,12,0.0,0.0
ORD03517,2023-07-11,2023-07,Mỹ phẩm,Cần Thơ,2150000.0,Delivered,10,3.0,2150000.0
ORD03518,2023-09-06,2023-09,Thời trang,TP.HCM,2950000.0,Canceled,1,0.0,0.0
ORD03519,2023-08-30,2023-08,Nhà cửa & Đời sống,Hải Phòng,1140000.0,Delivered,11,3.0,1140000.0
ORD03520,2023-06-28,2023-06,Thời trang,Hải Phòng,2510000.0,Canceled,10,0.0,0.0
ORD03521,2023-08-07,2023-08,Thời trang,Cần Thơ,2440000.0,Delivered,4,5.0,2440000.0
ORD03522,2023-03-23,2023-03,Điện thoại & Phụ kiện,TP.HCM,1850000.0,Delivered,7,3.0,1850000.0
ORD03523,2023-04-02,2023-04,Mỹ phẩm,Đà Nẵng,2200000.0,Delivered,2,2.0,2200000.0
ORD03524,2023-06-24,2023-06,Điện thoại & Phụ kiện,Cần Thơ,400000.0,Delivered,2,3.0,400000.0
ORD03525,2023-08-27,2023-08,Mỹ phẩm,Hải Phòng,2440000.0,Delivered,1,3.0,2440000.0
ORD03526,2023-09-17,2023-09,Nhà cửa & Đời sống,Hải Phòng,2510000.0,Delivered,5,2.0,2510000.0
ORD03527,2023-12-31,2023-12,Nhà cửa & Đời sống,Hà Nội,1620000.0,Delivered,6,3.0,1620000.0
ORD03528,2023-06-12,2023-06,Thời trang,TP.HCM,2050000.0,Delivered,13,2.0,2050000.0
ORD03529,2023-02-17,2023-02,Thời trang,Hà Nội,4440000.0,Delivered,6,4.0,4440000.0
ORD03530,2023-11-25,2023-11,Mỹ phẩm,Đà Nẵng,2780000.0,Canceled,2,0.0,0.0
ORD03531,2023-11-24,2023-11,Điện thoại & Phụ kiện,Cần Thơ,4930000.0,Canceled,12,0.0,0.0
ORD03532,2023-04-26,2023-04,Thời trang,Hải Phòng,4560000.0,Delivered,12,3.0,4560000.0
ORD03533,2023-12-03,2023-12,Điện thoại & Phụ kiện,TP.HCM,3930000.0,Delivered,7,2.0,3930000.0
ORD03534,2023-12-03,2023-12,Thời trang,Hải Phòng,1790000.0,Canceled,6,0.0,0.0
ORD03535,2023-08-13,2023-08,Điện thoại & Phụ kiện,Hà Nội,4470000.0,Canceled,8,0.0,0.0
ORD03536,2023-12-18,2023-12,Điện thoại & Phụ kiện,Hà Nội,3660000.0,Delivered,6,5.0,3660000.0
ORD03537,2023-11-24,2023-11,Điện thoại & Phụ kiện,Cần Thơ,3320000.0,Canceled,9,0.0,0.0
ORD03538,2023-05-27,2023-05,Thời trang,TP.HCM,3450000.0,Delivered,10,3.0,3450000.0
ORD03539,2023-03-04,2023-03,Thời trang,TP.HCM,4830000.0,Delivered,2,2.0,4830000.0
ORD03540,2023-10-21,2023-10,Điện thoại & Phụ kiện,Cần Thơ,2410000.0,Delivered,7,4.0,2410000.0
ORD03541,2023-11-19,2023-11,Thời trang,Hà Nội,1930000.0,Delivered,5,3.0,1930000.0
ORD03542,2023-11-21,2023-11,Điện thoại & Phụ kiện,Hà Nội,3680000.0,Delivered,1,5.0,3680000.0
ORD03543,2023-01-13,2023-01,Thời trang,Hà Nội,2840000.0,Delivered,3,4.0,2840000.0
ORD03544,2023-07-08,2023-07,Thời trang,Hải Phòng,4390000.0,Delivered,4,2.0,4390000.0
ORD03545,2023-10-14,2023-10,Thời trang,Đà Nẵng,4080000.0,Delivered,12,3.0,4080000.0
ORD03546,2023-07-27,2023-07,Mỹ phẩm,Hà Nội,410000.0,Delivered,2,5.0,410000.0
ORD03547,2023-04-24,2023-04,Điện thoại & Phụ kiện,Đà Nẵng,1860000.0,Delivered,7,5.0,1860000.0
ORD03548,2023-01-22,2023-01,Mỹ phẩm,Đà Nẵng,4140000.0,Delivered,1,4.0,4140000.0
ORD03549,2023-12-15,2023-12,Thời trang,TP.HCM,740000.0,Delivered,3,3.0,740000.0
ORD03550,2023-08-02,2023-08,Thời trang,Cần Thơ,2070000.0,Canceled,12,0.0,0.0
ORD03551,2023-06-20,2023-06,Thời trang,Hải Phòng,360000.0,Canceled,9,0.0,0.0
ORD03552,2023-11-19,2023-11,Điện thoại & Phụ kiện,Đà Nẵng,1600000.0,Delivered,11,1.0,1600000.0
ORD03553,2023-02-23,2023-02,Thời trang,Hải Phòng,3120000.0,Delivered,2,5.0,3120000.0
ORD03554,2023-10-25,2023-10,Thời trang,TP.HCM,4880000.0,Delivered,5,4.0,4880000.0
ORD03555,2023-11-16,2023-11,Điện thoại & Phụ kiện,Hà Nội,2770000.0,Returned,4,0.0,0.0
ORD03556,2023-05-06,2023-05,Điện thoại & Phụ kiện,Đà Nẵng,940000.0,Delivered,12,4.0,940000.0
ORD03557,2023-10-04,2023-10,Điện thoại & Phụ kiện,Cần Thơ,750000.0,Delivered,3,5.0,750000.0
ORD03558,2023-07-23,2023-07,Nhà cửa & Đời sống,TP.HCM,1420000.0,Delivered,5,1.0,1420000.0
ORD03559,2023-07-13,2023-07,Thời trang,Hải Phòng,4020000.0,Canceled,6,0.0,0.0
ORD03560,2023-06-18,2023-06,Điện thoại & Phụ kiện,Hà Nội,4130000.0,Delivered,1,3.0,4130000.0
ORD03561,2023-06-01,2023-06,Điện thoại & Phụ kiện,Hải Phòng,3750000.0,Delivered,2,1.0,3750000.0
ORD03562,2023-02-04,2023-02,Thời trang,Cần Thơ,910000.0,Delivered,1,4.0,910000.0
ORD03563,2023-07-03,2023-07,Mỹ phẩm,Đà Nẵng,3900000.0,Delivered,3,3.0,3900000.0
ORD03564,2023-10-13,2023-10,Điện thoại & Phụ kiện,Cần Thơ,3280000.0,Delivered,8,1.0,3280000.0
ORD03565,2023-02-26,2023-02,Điện thoại & Phụ kiện,Hải Phòng,4790000.0,Delivered,8,4.0,4790000.0
ORD03566,2023-08-10,2023-08,Mỹ phẩm,Hải Phòng,3370000.0,Delivered,4,5.0,3370000.0
ORD03567,2023-10-30,2023-10,Điện thoại & Phụ kiện,Cần Thơ,1070000.0,Canceled,6,0.0,0.0
ORD03568,2023-06-12,2023-06,Điện thoại & Phụ kiện,Cần Thơ,820000.0,Delivered,12,1.0,820000.0
ORD03569,2023-01-19,2023-01,Nhà cửa & Đời sống,Cần Thơ,3360000.0,Delivered,9,3.0,3360000.0
ORD03570,2023-09-21,2023-09,Thời trang,Hà Nội,390000.0,Canceled,7,0.0,0.0
ORD03571,2023-10-09,2023-10,Điện thoại & Phụ kiện,Hải Phòng,1340000.0,Delivered,2,5.0,1340000.0
ORD03572,2023-04-23,2023-04,Điện thoại & Phụ kiện,TP.HCM,2190000.0,Canceled,11,0.0,0.0
ORD03573,2023-11-23,2023-11,Điện thoại & Phụ kiện,Hà Nội,4840000.0,Canceled,2,0.0,0.0
ORD03574,2023-01-30,2023-01,Điện thoại & Phụ kiện,Hà Nội,2810000.0,Delivered,3,3.0,2810000.0
ORD03575,2023-05-15,2023-05,Mỹ phẩm,Hà Nội,2220000.0,Delivered,8,3.0,2220000.0
ORD03576,2023-03-08,2023-03,Thời trang,TP.HCM,1420000.0,Delivered,10,3.0,1420000.0
ORD03577,2023-03-06,2023-03,Mỹ phẩm,Cần Thơ,1660000.0,Returned,9,0.0,0.0
ORD03578,2023-10-19,2023-10,Nhà cửa & Đời sống,Hải Phòng,560000.0,Delivered,13,2.0,560000.0
ORD03579,2023-01-25,2023-01,Thời trang,Đà Nẵng,3660000.0,Delivered,3,3.0,3660000.0
ORD03580,2023-02-06,2023-02,Điện thoại & Phụ kiện,Đà Nẵng,3720000.0,Delivered,9,2.0,3720000.0
ORD03581,2023-01-01,2023-01,Thời trang,Hải Phòng,3910000.0,Canceled,12,0.0,0.0
ORD03582,2023-02-06,2023-02,Nhà cửa & Đời sống,TP.HCM,310000.0,Canceled,12,0.0,0.0
ORD03583,2023-05-21,2023-05,Mỹ phẩm,Đà Nẵng,4710000.0,Returned,10,0.0,0.0
ORD03584,2023-08-20,2023-08,Điện thoại & Phụ kiện,Hà Nội,4500000.0,Delivered,12,4.0,4500000.0
ORD03585,2023-05-16,2023-05,Thời trang,Đà Nẵng,920000.0,Delivered,8,1.0,920000.0
ORD03586,2023-07-07,2023-07,Thời trang,Hải Phòng,4280000.0,Delivered,5,2.0,4280000.0
ORD03587,2023-05-08,2023-05,Nhà cửa & Đời sống,Hà Nội,4810000.0,Delivered,11,4.0,4810000.0
ORD03588,2023-07-20,2023-07,Điện thoại & Phụ kiện,Đà Nẵng,2430000.0,Delivered,10,2.0,2430000.0
ORD03589,2023-05-07,2023-05,Thời trang,Hải Phòng,690000.0,Delivered,3,1.0,690000.0
ORD03590,2023-09-14,2023-09,Mỹ phẩm,TP.HCM,4630000.0,Delivered,11,3.0,4630000.0
ORD03591,2023-06-13,2023-06,Thời trang,Hải Phòng,1970000.0,Returned,7,0.0,0.0
ORD03592,2023-02-04,2023-02,Thời trang,TP.HCM,670000.0,Delivered,9,1.0,670000.0
ORD03593,2023-07-13,2023-07,Điện thoại & Phụ kiện,Hà Nội,2680000.0,Returned,12,0.0,0.0
ORD03594,2023-07-10,2023-07,Điện thoại & Phụ kiện,Hải Phòng,1710000.0,Delivered,6,5.0,1710000.0
ORD03595,2023-04-14,2023-04,Điện thoại & Phụ kiện,Cần Thơ,3100000.0,Delivered,3,4.0,3100000.0
ORD03596,2023-01-23,2023-01,Nhà cửa & Đời sống,Cần Thơ,3150000.0,Delivered,5,3.0,3150000.0
ORD03597,2023-09-22,2023-09,Điện thoại & Phụ kiện,Cần Thơ,110000.0,Delivered,7,3.0,110000.0
ORD03598,2023-10-17,2023-10,Thời trang,Cần Thơ,2800000.0,Delivered,8,2.0,2800000.0
ORD03599,2023-09-17,2023-09,Thời trang,Cần Thơ,4300000.0,Delivered,13,4.0,4300000.0
ORD03600,2023-12-24,2023-12,Điện thoại & Phụ kiện,TP.HCM,1520000.0,Canceled,12,0.0,0.0
ORD03601,2023-03-16,2023-03,Thời trang,Hải Phòng,1970000.0,Canceled,4,0.0,0.0
ORD03602,2023-12-21,2023-12,Mỹ phẩm,Hà Nội,3610000.0,Delivered,2,2.0,3610000.0
ORD03603,2023-03-13,2023-03,Mỹ phẩm,Cần Thơ,3500000.0,Canceled,10,0.0,0.0
ORD03604,2023-09-16,2023-09,Thời trang,Cần Thơ,4570000.0,Delivered,2,5.0,4570000.0
ORD03605,2023-07-07,2023-07,Thời trang,Hà Nội,4740000.0,Returned,12,0.0,0.0
ORD03606,2023-06-22,2023-06,Điện thoại & Phụ kiện,Hà Nội,4910000.0,Delivered,3,1.0,4910000.0
ORD03607,2023-10-17,2023-10,Nhà cửa & Đời sống,Cần Thơ,2330000.0,Returned,8,0.0,0.0
ORD03608,2023-02-14,2023-02,Điện thoại & Phụ kiện,TP.HCM,3760000.0,Delivered,1,1.0,3760000.0
ORD03609,2023-03-02,2023-03,Mỹ phẩm,Hà Nội,1890000.0,Canceled,7,0.0,0.0
ORD03610,2023-03-24,2023-03,Điện thoại & Phụ kiện,Hải Phòng,320000.0,Delivered,6,3.0,320000.0
ORD03611,2023-05-03,2023-05,Nhà cửa & Đời sống,Hải Phòng,3640000.0,Delivered,2,4.0,3640000.0
ORD03612,2023-12-24,2023-12,Mỹ phẩm,TP.HCM,460000.0,Delivered,9,2.0,460000.0
ORD03613,2023-01-16,2023-01,Mỹ phẩm,Đà Nẵng,1160000.0,Delivered,13,3.0,1160000.0
ORD03614,2023-03-07,2023-03,Điện thoại & Phụ kiện,TP.HCM,3060000.0,Delivered,12,2.0,3060000.0
ORD03615,2023-05-25,2023-05,Thời trang,Cần Thơ,2380000.0,Returned,5,0.0,0.0
ORD03616,2023-06-11,2023-06,Thời trang,Đà Nẵng,3220000.0,Delivered,2,3.0,3220000.0
ORD03617,2023-08-22,2023-08,Mỹ phẩm,Cần Thơ,1060000.0,Delivered,3,5.0,1060000.0
ORD03618,2023-05-24,2023-05,Điện thoại & Phụ kiện,Hải Phòng,2900000.0,Delivered,7,3.0,2900000.0
ORD03619,2023-12-24,2023-12,Nhà cửa & Đời sống,Hà Nội,1190000.0,Delivered,7,4.0,1190000.0
ORD03620,2023-07-07,2023-07,Mỹ phẩm,Cần Thơ,460000.0,Delivered,10,1.0,460000.0
ORD03621,2023-11-18,2023-11,Điện thoại & Phụ kiện,Hải Phòng,490000.0,Delivered,1,3.0,490000.0
ORD03622,2023-01-13,2023-01,Mỹ phẩm,TP.HCM,940000.0,Delivered,10,5.0,940000.0
ORD03623,2023-07-03,2023-07,Thời trang,Cần Thơ,3110000.0,Canceled,11,0.0,0.0
ORD03624,2023-04-21,2023-04,Thời trang,Hải Phòng,1970000.0,Delivered,11,1.0,1970000.0
ORD03625,2023-10-17,2023-10,Điện thoại & Phụ kiện,Hà Nội,2490000.0,Canceled,12,0.0,0.0
ORD03626,2023-10-22,2023-10,Thời trang,Cần Thơ,3670000.0,Returned,4,0.0,0.0
ORD03627,2023-08-03,2023-08,Mỹ phẩm,Hải Phòng,4970000.0,Delivered,6,4.0,4970000.0
ORD03628,2023-04-30,2023-04,Thời trang,Cần Thơ,3630000.0,Canceled,8,0.0,0.0
ORD03629,2023-02-24,2023-02,Thời trang,Hà Nội,280000.0,Delivered,3,4.0,280000.0
ORD03630,2023-01-27,2023-01,Thời trang,Cần Thơ,3560000.0,Delivered,3,5.0,3560000.0
ORD03631,2023-04-28,2023-04,Mỹ phẩm,Cần Thơ,4020000.0,Delivered,8,2.0,4020000.0
ORD03632,2023-08-09,2023-08,Điện thoại & Phụ kiện,Hải Phòng,3340000.0,Delivered,8,3.0,3340000.0
ORD03633,2023-08-19,2023-08,Mỹ phẩm,Đà Nẵng,2700000.0,Returned,8,0.0,0.0
ORD03634,2023-02-22,2023-02,Thời trang,Cần Thơ,4820000.0,Delivered,1,1.0,4820000.0
ORD03635,2023-10-22,2023-10,Điện thoại & Phụ kiện,Đà Nẵng,4190000.0,Delivered,8,2.0,4190000.0
ORD03636,2023-11-17,2023-11,Điện thoại & Phụ kiện,TP.HCM,4120000.0,Delivered,8,1.0,4120000.0
ORD03637,2023-08-21,2023-08,Thời trang,Cần Thơ,1670000.0,Delivered,2,3.0,1670000.0
ORD03638,2023-06-07,2023-06,Mỹ phẩm,Đà Nẵng,4930000.0,Returned,12,0.0,0.0
ORD03639,2023-09-26,2023-09,Điện thoại & Phụ kiện,TP.HCM,3130000.0,Delivered,9,4.0,3130000.0
ORD03640,2023-01-21,2023-01,Mỹ phẩm,Hải Phòng,1210000.0,Delivered,7,2.0,1210000.0
ORD03641,2023-02-22,2023-02,Điện thoại & Phụ kiện,Cần Thơ,1530000.0,Delivered,8,5.0,1530000.0
ORD03642,2023-10-02,2023-10,Thời trang,Hải Phòng,2650000.0,Delivered,2,4.0,2650000.0
ORD03643,2023-11-09,2023-11,Nhà cửa & Đời sống,TP.HCM,4640000.0,Delivered,4,5.0,4640000.0
ORD03644,2023-10-08,2023-10,Mỹ phẩm,Hải Phòng,270000.0,Delivered,7,1.0,270000.0
ORD03645,2023-08-02,2023-08,Điện thoại & Phụ kiện,Hải Phòng,1930000.0,Delivered,6,3.0,1930000.0
ORD03646,2023-01-31,2023-01,Thời trang,Hà Nội,4140000.0,Canceled,7,0.0,0.0
ORD03647,2023-12-03,2023-12,Điện thoại & Phụ kiện,TP.HCM,2960000.0,Delivered,1,2.0,2960000.0
ORD03648,2023-07-02,2023-07,Thời trang,Hải Phòng,3940000.0,Canceled,8,0.0,0.0
ORD03649,2023-01-23,2023-01,Mỹ phẩm,Đà Nẵng,1400000.0,Returned,13,0.0,0.0
ORD03650,2023-02-01,2023-02,Mỹ phẩm,TP.HCM,4880000.0,Returned,7,0.0,0.0
ORD03651,2023-03-15,2023-03,Điện thoại & Phụ kiện,Hà Nội,2900000.0,Delivered,13,2.0,2900000.0
ORD03652,2023-01-10,2023-01,Nhà cửa & Đời sống,Cần Thơ,2540000.0,Returned,4,0.0,0.0
ORD03653,2023-02-23,2023-02,Thời trang,Hải Phòng,170000.0,Canceled,1,0.0,0.0
ORD03654,2023-02-21,2023-02,Điện thoại & Phụ kiện,Đà Nẵng,2020000.0,Canceled,8,0.0,0.0
ORD03655,2023-05-28,2023-05,Thời trang,Hà Nội,3270000.0,Delivered,10,4.0,3270000.0
ORD03656,2023-06-09,2023-06,Thời trang,TP.HCM,4000000.0,Delivered,7,2.0,4000000.0
ORD03657,2023-01-14,2023-01,Thời trang,Hải Phòng,160000.0,Returned,8,0.0,0.0
ORD03658,2023-06-27,2023-06,Thời trang,Hà Nội,1450000.0,Delivered,10,2.0,1450000.0
ORD03659,2023-02-22,2023-02,Thời trang,Hà Nội,280000.0,Delivered,1,3.0,280000.0
ORD03660,2023-12-01,2023-12,Điện thoại & Phụ kiện,Đà Nẵng,4100000.0,Delivered,5,4.0,4100000.0
ORD03661,2023-01-22,2023-01,Mỹ phẩm,Cần Thơ,1480000.0,Returned,9,0.0,0.0
ORD03662,2023-01-30,2023-01,Thời trang,Cần Thơ,3760000.0,Delivered,5,4.0,3760000.0
ORD03663,2023-07-10,2023-07,Điện thoại & Phụ kiện,Cần Thơ,4980000.0,Returned,13,0.0,0.0
ORD03664,2023-09-17,2023-09,Mỹ phẩm,TP.HCM,1860000.0,Delivered,10,3.0,1860000.0
ORD03665,2023-07-24,2023-07,Nhà cửa & Đời sống,Hà Nội,200000.0,Delivered,12,1.0,200000.0
ORD03666,2023-02-28,2023-02,Nhà cửa & Đời sống,TP.HCM,4950000.0,Delivered,3,4.0,4950000.0
ORD03667,2023-09-21,2023-09,Điện thoại & Phụ kiện,Hà Nội,500000.0,Delivered,9,2.0,500000.0
ORD03668,2023-01-12,2023-01,Điện thoại & Phụ kiện,Đà Nẵng,4550000.0,Delivered,13,2.0,4550000.0
ORD03669,2023-04-29,2023-04,Thời trang,Đà Nẵng,1230000.0,Delivered,9,2.0,1230000.0
ORD03670,2023-10-17,2023-10,Điện thoại & Phụ kiện,TP.HCM,1890000.0,Delivered,4,3.0,1890000.0
ORD03671,2023-12-04,2023-12,Nhà cửa & Đời sống,TP.HCM,2030000.0,Delivered,4,2.0,2030000.0
ORD03672,2023-09-05,2023-09,Điện thoại & Phụ kiện,Đà Nẵng,2050000.0,Delivered,11,2.0,2050000.0
ORD03673,2023-12-20,2023-12,Điện thoại & Phụ kiện,Hải Phòng,3570000.0,Delivered,8,2.0,3570000.0
ORD03674,2023-05-07,2023-05,Thời trang,Cần Thơ,2340000.0,Delivered,7,4.0,2340000.0
ORD03675,2023-03-16,2023-03,Điện thoại & Phụ kiện,Cần Thơ,3400000.0,Delivered,11,2.0,3400000.0
ORD03676,2023-12-27,2023-12,Mỹ phẩm,Đà Nẵng,3320000.0,Delivered,5,3.0,3320000.0
ORD03677,2023-07-23,2023-07,Thời trang,Cần Thơ,4330000.0,Returned,6,0.0,0.0
ORD03678,2023-02-18,2023-02,Điện thoại & Phụ kiện,Hải Phòng,2700000.0,Delivered,3,2.0,2700000.0
ORD03679,2023-03-20,2023-03,Điện thoại & Phụ kiện,Hải Phòng,1250000.0,Delivered,6,1.0,1250000.0
ORD03680,2023-08-29,2023-08,Thời trang,Hà Nội,4780000.0,Delivered,13,3.0,4780000.0
ORD03681,2023-12-15,2023-12,Điện thoại & Phụ kiện,TP.HCM,1590000.0,Delivered,8,1.0,1590000.0
ORD03682,2023-06-03,2023-06,Thời trang,Cần Thơ,1270000.0,Delivered,10,3.0,1270000.0
ORD03683,2023-10-01,2023-10,Thời trang,Hải Phòng,1740000.0,Delivered,13,1.0,1740000.0
ORD03684,2023-04-06,2023-04,Mỹ phẩm,TP.HCM,2610000.0,Delivered,11,2.0,2610000.0
ORD03685,2023-08-02,2023-08,Nhà cửa & Đời sống,TP.HCM,2760000.0,Delivered,9,1.0,2760000.0
ORD03686,2023-10-21,2023-10,Nhà cửa & Đời sống,Hà Nội,530000.0,Delivered,3,1.0,530000.0
ORD03687,2023-07-28,2023-07,Nhà cửa & Đời sống,TP.HCM,4790000.0,Delivered,8,3.0,4790000.0
ORD03688,2023-12-09,2023-12,Điện thoại & Phụ kiện,TP.HCM,4980000.0,Delivered,12,2.0,4980000.0
ORD03689,2023-03-29,2023-03,Điện thoại & Phụ kiện,Đà Nẵng,1900000.0,Delivered,3,3.0,1900000.0
ORD03690,2023-11-02,2023-11,Điện thoại & Phụ kiện,Hà Nội,860000.0,Returned,2,0.0,0.0
ORD03691,2023-09-21,2023-09,Mỹ phẩm,Hà Nội,3830000.0,Delivered,5,5.0,3830000.0
ORD03692,2023-11-21,2023-11,Nhà cửa & Đời sống,Cần Thơ,1250000.0,Canceled,4,0.0,0.0
ORD03693,2023-11-16,2023-11,Mỹ phẩm,TP.HCM,4540000.0,Delivered,13,4.0,4540000.0
ORD03694,2023-06-06,2023-06,Điện thoại & Phụ kiện,Cần Thơ,760000.0,Canceled,5,0.0,0.0
ORD03695,2023-06-05,2023-06,Nhà cửa & Đời sống,Hải Phòng,220000.0,Delivered,6,2.0,220000.0
ORD03696,2023-05-19,2023-05,Thời trang,TP.HCM,1010000.0,Delivered,3,1.0,1010000.0
ORD03697,2023-05-01,2023-05,Điện thoại & Phụ kiện,Hải Phòng,2550000.0,Delivered,1,4.0,2550000.0
ORD03698,2023-03-06,2023-03,Thời trang,Đà Nẵng,2760000.0,Delivered,4,3.0,2760000.0
ORD03699,2023-04-17,2023-04,Điện thoại & Phụ kiện,TP.HCM,1480000.0,Delivered,6,3.0,1480000.0
ORD03700,2023-05-27,2023-05,Thời trang,Cần Thơ,3500000.0,Delivered,2,3.0,3500000.0
ORD03701,2023-05-17,2023-05,Điện thoại & Phụ kiện,Cần Thơ,2530000.0,Delivered,2,2.0,2530000.0
ORD03702,2023-06-11,2023-06,Thời trang,TP.HCM,3500000.0,Delivered,1,3.0,3500000.0
ORD03703,2023-04-10,2023-04,Thời trang,Cần Thơ,4000000.0,Delivered,9,5.0,4000000.0
ORD03704,2023-12-04,2023-12,Mỹ phẩm,TP.HCM,2820000.0,Delivered,3,1.0,2820000.0
ORD03705,2023-11-03,2023-11,Thời trang,Hà Nội,3130000.0,Delivered,2,3.0,3130000.0
ORD03706,2023-05-21,2023-05,Thời trang,Cần Thơ,4070000.0,Delivered,4,2.0,4070000.0
ORD03707,2023-03-24,2023-03,Mỹ phẩm,TP.HCM,2000000.0,Delivered,6,1.0,2000000.0
ORD03708,2023-06-26,2023-06,Nhà cửa & Đời sống,TP.HCM,4570000.0,Canceled,1,0.0,0.0
ORD03709,2023-07-17,2023-07,Điện thoại & Phụ kiện,Cần Thơ,1060000.0,Returned,9,0.0,0.0
ORD03710,2023-04-22,2023-04,Thời trang,Hà Nội,3400000.0,Delivered,9,3.0,3400000.0
ORD03711,2023-02-25,2023-02,Điện thoại & Phụ kiện,Cần Thơ,2140000.0,Delivered,8,3.0,2140000.0
ORD03712,2023-06-28,2023-06,Điện thoại & Phụ kiện,TP.HCM,4580000.0,Delivered,6,2.0,4580000.0
ORD03713,2023-07-05,2023-07,Thời trang,Hà Nội,4270000.0,Delivered,4,5.0,4270000.0
ORD03714,2023-08-06,2023-08,Mỹ phẩm,Hải Phòng,1460000.0,Delivered,2,5.0,1460000.0
ORD03715,2023-11-12,2023-11,Điện thoại & Phụ kiện,Đà Nẵng,860000.0,Delivered,8,4.0,860000.0
ORD03716,2023-08-05,2023-08,Mỹ phẩm,Cần Thơ,3930000.0,Delivered,7,5.0,3930000.0
ORD03717,2023-04-30,2023-04,Mỹ phẩm,TP.HCM,460000.0,Delivered,12,2.0,460000.0
ORD03718,2023-06-24,2023-06,Nhà cửa & Đời sống,Hà Nội,2950000.0,Returned,4,0.0,0.0
ORD03719,2023-01-23,2023-01,Điện thoại & Phụ kiện,Hà Nội,4340000.0,Canceled,3,0.0,0.0
ORD03720,2023-08-01,2023-08,Nhà cửa & Đời sống,Hải Phòng,4380000.0,Canceled,6,0.0,0.0
ORD03721,2023-08-23,2023-08,Điện thoại & Phụ kiện,Cần Thơ,4940000.0,Delivered,1,2.0,4940000.0
ORD03722,2023-01-13,2023-01,Thời trang,Hà Nội,3120000.0,Delivered,2,2.0,3120000.0
ORD03723,2023-04-11,2023-04,Điện thoại & Phụ kiện,Hải Phòng,1440000.0,Canceled,7,0.0,0.0
ORD03724,2023-01-24,2023-01,Điện thoại & Phụ kiện,TP.HCM,1510000.0,Delivered,11,2.0,1510000.0
ORD03725,2023-12-30,2023-12,Mỹ phẩm,Hải Phòng,2630000.0,Delivered,3,4.0,2630000.0
ORD03726,2023-01-11,2023-01,Thời trang,Cần Thơ,570000.0,Delivered,13,4.0,570000.0
ORD03727,2023-09-30,2023-09,Điện thoại & Phụ kiện,Hải Phòng,2640000.0,Delivered,1,1.0,2640000.0
ORD03728,2023-10-08,2023-10,Điện thoại & Phụ kiện,Hà Nội,1430000.0,Delivered,2,3.0,1430000.0
ORD03729,2023-04-04,2023-04,Thời trang,Hà Nội,2990000.0,Canceled,10,0.0,0.0
ORD03730,2023-07-20,2023-07,Điện thoại & Phụ kiện,Đà Nẵng,2170000.0,Delivered,10,5.0,2170000.0
ORD03731,2023-01-21,2023-01,Mỹ phẩm,Hải Phòng,1100000.0,Canceled,9,0.0,0.0
ORD03732,2023-12-06,2023-12,Điện thoại & Phụ kiện,TP.HCM,4930000.0,Canceled,7,0.0,0.0
ORD03733,2023-07-30,2023-07,Điện thoại & Phụ kiện,Cần Thơ,550000.0,Returned,7,0.0,0.0
ORD03734,2023-05-20,2023-05,Điện thoại & Phụ kiện,Đà Nẵng,4520000.0,Delivered,10,4.0,4520000.0
ORD03735,2023-10-20,2023-10,Thời trang,Hải Phòng,790000.0,Delivered,8,1.0,790000.0
ORD03736,2023-10-25,2023-10,Điện thoại & Phụ kiện,TP.HCM,1450000.0,Returned,12,0.0,0.0
ORD03737,2023-04-11,2023-04,Điện thoại & Phụ kiện,Đà Nẵng,2890000.0,Delivered,12,2.0,2890000.0
ORD03738,2023-10-31,2023-10,Nhà cửa & Đời sống,Hà Nội,760000.0,Delivered,8,5.0,760000.0
ORD03739,2023-12-25,2023-12,Thời trang,Cần Thơ,130000.0,Delivered,9,5.0,130000.0
ORD03740,2023-01-28,2023-01,Điện thoại & Phụ kiện,Hải Phòng,2330000.0,Delivered,2,4.0,2330000.0
ORD03741,2023-02-10,2023-02,Thời trang,TP.HCM,100000.0,Delivered,8,3.0,100000.0
ORD03742,2023-12-21,2023-12,Mỹ phẩm,Hà Nội,2990000.0,Delivered,8,5.0,2990000.0
ORD03743,2023-10-30,2023-10,Điện thoại & Phụ kiện,Đà Nẵng,1180000.0,Delivered,13,3.0,1180000.0
ORD03744,2023-05-26,2023-05,Điện thoại & Phụ kiện,Cần Thơ,2740000.0,Delivered,5,4.0,2740000.0
ORD03745,2023-09-13,2023-09,Mỹ phẩm,Đà Nẵng,720000.0,Canceled,5,0.0,0.0
ORD03746,2023-08-15,2023-08,Thời trang,Đà Nẵng,4690000.0,Delivered,4,5.0,4690000.0
ORD03747,2023-08-24,2023-08,Thời trang,TP.HCM,2750000.0,Delivered,5,2.0,2750000.0
ORD03748,2023-12-27,2023-12,Điện thoại & Phụ kiện,Hà Nội,1470000.0,Returned,2,0.0,0.0
ORD03749,2023-01-13,2023-01,Điện thoại & Phụ kiện,Hải Phòng,4430000.0,Delivered,2,1.0,4430000.0
ORD03750,2023-07-29,2023-07,Thời trang,TP.HCM,530000.0,Canceled,5,0.0,0.0
ORD03751,2023-08-17,2023-08,Điện thoại & Phụ kiện,Cần Thơ,3830000.0,Delivered,11,2.0,3830000.0
ORD03752,2023-04-10,2023-04,Thời trang,Đà Nẵng,4410000.0,Delivered,13,5.0,4410000.0
ORD03753,2023-01-31,2023-01,Thời trang,Cần Thơ,4800000.0,Delivered,3,3.0,4800000.0
ORD03754,2023-01-16,2023-01,Điện thoại & Phụ kiện,TP.HCM,2710000.0,Delivered,1,4.0,2710000.0
ORD03755,2023-05-17,2023-05,Nhà cửa & Đời sống,TP.HCM,2250000.0,Delivered,9,2.0,2250000.0
ORD03756,2023-11-25,2023-11,Mỹ phẩm,Hải Phòng,1300000.0,Delivered,2,5.0,1300000.0
ORD03757,2023-06-15,2023-06,Mỹ phẩm,Đà Nẵng,1610000.0,Delivered,12,1.0,1610000.0
ORD03758,2023-11-06,2023-11,Điện thoại & Phụ kiện,TP.HCM,2220000.0,Canceled,10,0.0,0.0
ORD03759,2023-04-10,2023-04,Điện thoại & Phụ kiện,Cần Thơ,2430000.0,Delivered,2,1.0,2430000.0
ORD03760,2023-04-19,2023-04,Thời trang,Hải Phòng,3600000.0,Canceled,4,0.0,0.0
ORD03761,2023-12-09,2023-12,Điện thoại & Phụ kiện,Cần Thơ,1200000.0,Delivered,2,5.0,1200000.0
ORD03762,2023-06-22,2023-06,Nhà cửa & Đời sống,Đà Nẵng,4510000.0,Delivered,7,1.0,4510000.0
ORD03763,2023-08-25,2023-08,Điện thoại & Phụ kiện,Hải Phòng,3700000.0,Returned,12,0.0,0.0
ORD03764,2023-06-11,2023-06,Thời trang,Hải Phòng,3290000.0,Returned,10,0.0,0.0
ORD03765,2023-08-04,2023-08,Điện thoại & Phụ kiện,Hải Phòng,2310000.0,Delivered,1,1.0,2310000.0
ORD03766,2023-09-21,2023-09,Thời trang,Hà Nội,4490000.0,Canceled,11,0.0,0.0
ORD03767,2023-09-20,2023-09,Điện thoại & Phụ kiện,Hải Phòng,2350000.0,Delivered,2,5.0,2350000.0
ORD03768,2023-10-19,2023-10,Thời trang,Cần Thơ,2190000.0,Delivered,11,2.0,2190000.0
ORD03769,2023-10-01,2023-10,Điện thoại & Phụ kiện,Cần Thơ,4050000.0,Delivered,5,1.0,4050000.0
ORD03770,2023-01-03,2023-01,Mỹ phẩm,Đà Nẵng,4280000.0,Returned,2,0.0,0.0
ORD03771,2023-01-28,2023-01,Điện thoại & Phụ kiện,TP.HCM,800000.0,Returned,9,0.0,0.0
ORD03772,2023-11-22,2023-11,Nhà cửa & Đời sống,TP.HCM,4980000.0,Delivered,4,3.0,4980000.0
ORD03773,2023-05-29,2023-05,Mỹ phẩm,Hà Nội,3690000.0,Canceled,9,0.0,0.0
ORD03774,2023-01-28,2023-01,Điện thoại & Phụ kiện,Hải Phòng,980000.0,Canceled,11,0.0,0.0
ORD03775,2023-11-06,2023-11,Mỹ phẩm,Hà Nội,2710000.0,Delivered,12,5.0,2710000.0
ORD03776,2023-03-06,2023-03,Điện thoại & Phụ kiện,Đà Nẵng,4580000.0,Delivered,1,4.0,4580000.0
ORD03777,2023-12-22,2023-12,Nhà cửa & Đời sống,Đà Nẵng,3750000.0,Delivered,1,1.0,3750000.0
ORD03778,2023-01-21,2023-01,Thời trang,TP.HCM,4730000.0,Delivered,1,3.0,4730000.0
ORD03779,2023-09-09,2023-09,Điện thoại & Phụ kiện,Đà Nẵng,1970000.0,Canceled,4,0.0,0.0
ORD03780,2023-08-23,2023-08,Điện thoại & Phụ kiện,Hải Phòng,1210000.0,Delivered,9,3.0,1210000.0
ORD03781,2023-08-15,2023-08,Điện thoại & Phụ kiện,Cần Thơ,4610000.0,Delivered,8,2.0,4610000.0
ORD03782,2023-01-13,2023-01,Nhà cửa & Đời sống,Đà Nẵng,4220000.0,Delivered,7,2.0,4220000.0
ORD03783,2023-11-09,2023-11,Điện thoại & Phụ kiện,Hà Nội,4310000.0,Delivered,1,1.0,4310000.0
ORD03784,2023-02-18,2023-02,Thời trang,Hải Phòng,2480000.0,Delivered,3,4.0,2480000.0
ORD03785,2023-04-28,2023-04,Thời trang,Đà Nẵng,4850000.0,Delivered,9,4.0,4850000.0
ORD03786,2023-02-23,2023-02,Nhà cửa & Đời sống,Đà Nẵng,2650000.0,Delivered,9,2.0,2650000.0
ORD03787,2023-05-18,2023-05,Điện thoại & Phụ kiện,Hải Phòng,1590000.0,Delivered,5,1.0,1590000.0
ORD03788,2023-02-22,2023-02,Thời trang,Đà Nẵng,1360000.0,Canceled,12,0.0,0.0
ORD03789,2023-02-13,2023-02,Thời trang,Cần Thơ,4010000.0,Delivered,13,4.0,4010000.0
ORD03790,2023-10-30,2023-10,Mỹ phẩm,TP.HCM,3280000.0,Delivered,6,3.0,3280000.0
ORD03791,2023-02-22,2023-02,Điện thoại & Phụ kiện,Hải Phòng,4890000.0,Delivered,11,4.0,4890000.0
ORD03792,2023-03-15,2023-03,Điện thoại & Phụ kiện,Hà Nội,4900000.0,Delivered,13,1.0,4900000.0
ORD03793,2023-02-15,2023-02,Điện thoại & Phụ kiện,Đà Nẵng,4060000.0,Returned,6,0.0,0.0
ORD03794,2023-01-13,2023-01,Mỹ phẩm,TP.HCM,4200000.0,Delivered,10,5.0,4200000.0
ORD03795,2023-06-14,2023-06,Điện thoại & Phụ kiện,Hà Nội,4110000.0,Delivered,4,4.0,4110000.0
ORD03796,2023-04-12,2023-04,Thời trang,Hà Nội,2830000.0,Delivered,1,5.0,2830000.0
ORD03797,2023-10-07,2023-10,Điện thoại & Phụ kiện,Cần Thơ,3420000.0,Delivered,5,2.0,3420000.0
ORD03798,2023-09-15,2023-09,Mỹ phẩm,TP.HCM,4790000.0,Returned,13,0.0,0.0
ORD03799,2023-12-03,2023-12,Nhà cửa & Đời sống,Hải Phòng,4550000.0,Delivered,1,4.0,4550000.0
ORD03800,2023-12-22,2023-12,Thời trang,TP.HCM,4070000.0,Delivered,1,4.0,4070000.0
ORD03801,2023-05-18,2023-05,Điện thoại & Phụ kiện,TP.HCM,1480000.0,Returned,11,0.0,0.0
ORD03802,2023-06-12,2023-06,Điện thoại & Phụ kiện,Hà Nội,1120000.0,Delivered,5,1.0,1120000.0
ORD03803,2023-04-21,2023-04,Điện thoại & Phụ kiện,Cần Thơ,2510000.0,Delivered,5,2.0,2510000.0
ORD03804,2023-04-12,2023-04,Điện thoại & Phụ kiện,Cần Thơ,1260000.0,Delivered,7,5.0,1260000.0
ORD03805,2023-01-17,2023-01,Thời trang,TP.HCM,2230000.0,Delivered,2,3.0,2230000.0
ORD03806,2023-09-25,2023-09,Thời trang,TP.HCM,4930000.0,Canceled,6,0.0,0.0
ORD03807,2023-07-01,2023-07,Nhà cửa & Đời sống,Đà Nẵng,260000.0,Delivered,2,4.0,260000.0
ORD03808,2023-01-24,2023-01,Điện thoại & Phụ kiện,Hà Nội,1880000.0,Returned,13,0.0,0.0
ORD03809,2023-01-29,2023-01,Thời trang,Hải Phòng,2330000.0,Delivered,10,3.0,2330000.0
ORD03810,2023-06-20,2023-06,Thời trang,Hải Phòng,2790000.0,Delivered,5,5.0,2790000.0
ORD03811,2023-08-16,2023-08,Thời trang,Cần Thơ,4990000.0,Delivered,4,5.0,4990000.0
ORD03812,2023-07-07,2023-07,Điện thoại & Phụ kiện,Hà Nội,3220000.0,Delivered,11,5.0,3220000.0
ORD03813,2023-12-12,2023-12,Thời trang,Cần Thơ,3580000.0,Delivered,10,5.0,3580000.0
ORD03814,2023-08-18,2023-08,Thời trang,Hải Phòng,1430000.0,Delivered,5,2.0,1430000.0
ORD03815,2023-11-17,2023-11,Mỹ phẩm,TP.HCM,1230000.0,Canceled,2,0.0,0.0
ORD03816,2023-12-06,2023-12,Nhà cửa & Đời sống,Hà Nội,4500000.0,Delivered,8,1.0,4500000.0
ORD03817,2023-04-29,2023-04,Điện thoại & Phụ kiện,Hà Nội,1410000.0,Delivered,8,5.0,1410000.0
ORD03818,2023-06-05,2023-06,Điện thoại & Phụ kiện,Đà Nẵng,1480000.0,Returned,6,0.0,0.0
ORD03819,2023-09-29,2023-09,Thời trang,TP.HCM,3740000.0,Returned,3,0.0,0.0
ORD03820,2023-06-24,2023-06,Thời trang,TP.HCM,2410000.0,Delivered,4,5.0,2410000.0
ORD03821,2023-04-14,2023-04,Điện thoại & Phụ kiện,Cần Thơ,4670000.0,Returned,1,0.0,0.0
ORD03822,2023-04-02,2023-04,Mỹ phẩm,Hà Nội,3840000.0,Delivered,9,2.0,3840000.0
ORD03823,2023-07-05,2023-07,Nhà cửa & Đời sống,Cần Thơ,1010000.0,Delivered,10,4.0,1010000.0
ORD03824,2023-10-10,2023-10,Nhà cửa & Đời sống,TP.HCM,2760000.0,Canceled,5,0.0,0.0
ORD03825,2023-06-30,2023-06,Điện thoại & Phụ kiện,Đà Nẵng,1080000.0,Canceled,8,0.0,0.0
ORD03826,2023-06-19,2023-06,Mỹ phẩm,Hà Nội,2160000.0,Canceled,3,0.0,0.0
ORD03827,2023-07-06,2023-07,Mỹ phẩm,TP.HCM,170000.0,Canceled,4,0.0,0.0
ORD03828,2023-06-24,2023-06,Thời trang,Đà Nẵng,4770000.0,Delivered,4,5.0,4770000.0
ORD03829,2023-08-10,2023-08,Thời trang,Hải Phòng,3790000.0,Delivered,8,5.0,3790000.0
ORD03830,2023-08-21,2023-08,Mỹ phẩm,TP.HCM,4520000.0,Delivered,12,4.0,4520000.0
ORD03831,2023-06-11,2023-06,Thời trang,Hải Phòng,4140000.0,Delivered,9,1.0,4140000.0
ORD03832,2023-05-14,2023-05,Điện thoại & Phụ kiện,Cần Thơ,3300000.0,Delivered,3,2.0,3300000.0
ORD03833,2023-08-12,2023-08,Thời trang,Hải Phòng,1020000.0,Delivered,7,4.0,1020000.0
ORD03834,2023-06-02,2023-06,Thời trang,TP.HCM,4170000.0,Canceled,9,0.0,0.0
ORD03835,2023-02-02,2023-02,Điện thoại & Phụ kiện,Hải Phòng,1670000.0,Canceled,2,0.0,0.0
ORD03836,2023-02-24,2023-02,Nhà cửa & Đời sống,Hà Nội,3690000.0,Delivered,4,4.0,3690000.0
ORD03837,2023-01-07,2023-01,Thời trang,TP.HCM,1080000.0,Delivered,3,5.0,1080000.0
ORD03838,2023-09-01,2023-09,Thời trang,Đà Nẵng,2340000.0,Delivered,8,4.0,2340000.0
ORD03839,2023-11-09,2023-11,Điện thoại & Phụ kiện,Hải Phòng,3490000.0,Delivered,4,5.0,3490000.0
ORD03840,2023-05-06,2023-05,Thời trang,Hà Nội,4500000.0,Returned,9,0.0,0.0
ORD03841,2023-01-12,2023-01,Điện thoại & Phụ kiện,Cần Thơ,2170000.0,Delivered,1,1.0,2170000.0
ORD03842,2023-01-16,2023-01,Điện thoại & Phụ kiện,Cần Thơ,820000.0,Delivered,1,5.0,820000.0
ORD03843,2023-07-27,2023-07,Thời trang,Hải Phòng,4880000.0,Returned,4,0.0,0.0
ORD03844,2023-02-12,2023-02,Thời trang,Cần Thơ,4100000.0,Returned,3,0.0,0.0
ORD03845,2023-05-15,2023-05,Thời trang,Đà Nẵng,680000.0,Delivered,3,1.0,680000.0
ORD03846,2023-08-16,2023-08,Điện thoại & Phụ kiện,TP.HCM,2960000.0,Delivered,10,4.0,2960000.0
ORD03847,2023-04-21,2023-04,Thời trang,Hà Nội,730000.0,Canceled,12,0.0,0.0
ORD03848,2023-11-03,2023-11,Điện thoại & Phụ kiện,Hải Phòng,2650000.0,Delivered,2,4.0,2650000.0
ORD03849,2023-06-09,2023-06,Nhà cửa & Đời sống,Cần Thơ,570000.0,Canceled,10,0.0,0.0
ORD03850,2023-11-27,2023-11,Thời trang,TP.HCM,2880000.0,Delivered,10,2.0,2880000.0
ORD03851,2023-09-21,2023-09,Thời trang,Đà Nẵng,2070000.0,Delivered,2,3.0,2070000.0
ORD03852,2023-08-13,2023-08,Điện thoại & Phụ kiện,Cần Thơ,1670000.0,Delivered,8,1.0,1670000.0
ORD03853,2023-08-05,2023-08,Điện thoại & Phụ kiện,Cần Thơ,3200000.0,Delivered,1,5.0,3200000.0
ORD03854,2023-02-14,2023-02,Nhà cửa & Đời sống,Hà Nội,160000.0,Delivered,8,5.0,160000.0
ORD03855,2023-08-02,2023-08,Điện thoại & Phụ kiện,Đà Nẵng,2570000.0,Delivered,10,4.0,2570000.0
ORD03856,2023-02-28,2023-02,Thời trang,Đà Nẵng,3770000.0,Delivered,3,2.0,3770000.0
ORD03857,2023-05-12,2023-05,Thời trang,Hải Phòng,2410000.0,Delivered,2,4.0,2410000.0
ORD03858,2023-04-14,2023-04,Điện thoại & Phụ kiện,Hà Nội,1150000.0,Delivered,9,3.0,1150000.0
ORD03859,2023-07-14,2023-07,Mỹ phẩm,Hải Phòng,4680000.0,Delivered,5,5.0,4680000.0
ORD03860,2023-06-06,2023-06,Thời trang,Hà Nội,1070000.0,Returned,5,0.0,0.0
ORD03861,2023-04-08,2023-04,Điện thoại & Phụ kiện,Đà Nẵng,2770000.0,Delivered,13,5.0,2770000.0
ORD03862,2023-08-14,2023-08,Điện thoại & Phụ kiện,Hà Nội,690000.0,Delivered,6,5.0,690000.0
ORD03863,2023-07-24,2023-07,Điện thoại & Phụ kiện,Hà Nội,3170000.0,Delivered,4,5.0,3170000.0
ORD03864,2023-03-20,2023-03,Mỹ phẩm,Hà Nội,4200000.0,Canceled,7,0.0,0.0
ORD03865,2023-05-04,2023-05,Thời trang,TP.HCM,1490000.0,Delivered,7,3.0,1490000.0
ORD03866,2023-08-06,2023-08,Điện thoại & Phụ kiện,TP.HCM,4060000.0,Delivered,11,4.0,4060000.0
ORD03867,2023-01-04,2023-01,Điện thoại & Phụ kiện,Đà Nẵng,3370000.0,Delivered,9,2.0,3370000.0
ORD03868,2023-03-31,2023-03,Thời trang,Hà Nội,4730000.0,Delivered,6,4.0,4730000.0
ORD03869,2023-04-14,2023-04,Thời trang,Đà Nẵng,1990000.0,Delivered,13,3.0,1990000.0
ORD03870,2023-04-29,2023-04,Thời trang,TP.HCM,1340000.0,Delivered,1,2.0,1340000.0
ORD03871,2023-05-13,2023-05,Điện thoại & Phụ kiện,Hà Nội,4220000.0,Delivered,9,4.0,4220000.0
ORD03872,2023-11-08,2023-11,Điện thoại & Phụ kiện,Hải Phòng,1720000.0,Delivered,12,2.0,1720000.0
ORD03873,2023-04-06,2023-04,Thời trang,TP.HCM,690000.0,Delivered,13,3.0,690000.0
ORD03874,2023-11-27,2023-11,Nhà cửa & Đời sống,TP.HCM,4220000.0,Delivered,10,5.0,4220000.0
ORD03875,2023-05-23,2023-05,Điện thoại & Phụ kiện,TP.HCM,400000.0,Delivered,9,3.0,400000.0
ORD03876,2023-10-15,2023-10,Thời trang,Hà Nội,3420000.0,Delivered,5,1.0,3420000.0
ORD03877,2023-01-28,2023-01,Thời trang,Cần Thơ,850000.0,Delivered,7,2.0,850000.0
ORD03878,2023-10-05,2023-10,Thời trang,Hải Phòng,2520000.0,Delivered,1,3.0,2520000.0
ORD03879,2023-08-21,2023-08,Điện thoại & Phụ kiện,Hải Phòng,3260000.0,Delivered,4,5.0,3260000.0
ORD03880,2023-01-17,2023-01,Mỹ phẩm,Đà Nẵng,2670000.0,Returned,12,0.0,0.0
ORD03881,2023-02-28,2023-02,Thời trang,Hà Nội,4260000.0,Delivered,10,3.0,4260000.0
ORD03882,2023-03-31,2023-03,Thời trang,TP.HCM,4650000.0,Delivered,4,4.0,4650000.0
ORD03883,2023-07-18,2023-07,Điện thoại & Phụ kiện,Cần Thơ,1990000.0,Delivered,5,3.0,1990000.0
ORD03884,2023-12-28,2023-12,Điện thoại & Phụ kiện,Hà Nội,4980000.0,Delivered,6,5.0,4980000.0
ORD03885,2023-01-26,2023-01,Điện thoại & Phụ kiện,Hà Nội,3860000.0,Delivered,4,3.0,3860000.0
ORD03886,2023-01-25,2023-01,Mỹ phẩm,Cần Thơ,3240000.0,Delivered,6,1.0,3240000.0
ORD03887,2023-10-28,2023-10,Điện thoại & Phụ kiện,TP.HCM,3050000.0,Delivered,10,4.0,3050000.0
ORD03888,2023-12-05,2023-12,Thời trang,Hà Nội,1860000.0,Returned,7,0.0,0.0
ORD03889,2023-09-24,2023-09,Điện thoại & Phụ kiện,Hải Phòng,4980000.0,Delivered,3,5.0,4980000.0
ORD03890,2023-06-30,2023-06,Thời trang,Hải Phòng,2970000.0,Delivered,9,3.0,2970000.0
ORD03891,2023-12-26,2023-12,Thời trang,Cần Thơ,3030000.0,Delivered,8,3.0,3030000.0
ORD03892,2023-03-09,2023-03,Điện thoại & Phụ kiện,TP.HCM,3570000.0,Delivered,1,2.0,3570000.0
ORD03893,2023-12-17,2023-12,Điện thoại & Phụ kiện,Cần Thơ,2160000.0,Delivered,13,3.0,2160000.0
ORD03894,2023-11-17,2023-11,Điện thoại & Phụ kiện,Hà Nội,2240000.0,Delivered,2,1.0,2240000.0
ORD03895,2023-02-18,2023-02,Thời trang,Hải Phòng,3530000.0,Delivered,2,5.0,3530000.0
ORD03896,2023-06-24,2023-06,Thời trang,Đà Nẵng,1500000.0,Returned,10,0.0,0.0
ORD03897,2023-02-21,2023-02,Điện thoại & Phụ kiện,Cần Thơ,940000.0,Delivered,9,3.0,940000.0
ORD03898,2023-04-12,2023-04,Thời trang,Đà Nẵng,1910000.0,Delivered,12,4.0,1910000.0
ORD03899,2023-08-04,2023-08,Điện thoại & Phụ kiện,Đà Nẵng,3410000.0,Canceled,9,0.0,0.0
ORD03900,2023-07-07,2023-07,Điện thoại & Phụ kiện,Hải Phòng,1370000.0,Delivered,9,1.0,1370000.0
ORD03901,2023-02-26,2023-02,Điện thoại & Phụ kiện,Cần Thơ,2780000.0,Delivered,1,1.0,2780000.0
ORD03902,2023-02-16,2023-02,Mỹ phẩm,Đà Nẵng,480000.0,Delivered,7,2.0,480000.0
ORD03903,2023-06-08,2023-06,Điện thoại & Phụ kiện,Hà Nội,320000.0,Delivered,12,3.0,320000.0
ORD03904,2023-06-23,2023-06,Điện thoại & Phụ kiện,TP.HCM,2510000.0,Delivered,11,1.0,2510000.0
ORD03905,2023-08-30,2023-08,Điện thoại & Phụ kiện,TP.HCM,3750000.0,Delivered,13,3.0,3750000.0
ORD03906,2023-10-09,2023-10,Điện thoại & Phụ kiện,Hải Phòng,1160000.0,Returned,3,0.0,0.0
ORD03907,2023-08-29,2023-08,Thời trang,Cần Thơ,3570000.0,Delivered,11,3.0,3570000.0
ORD03908,2023-01-05,2023-01,Điện thoại & Phụ kiện,Cần Thơ,1510000.0,Canceled,9,0.0,0.0
ORD03909,2023-03-25,2023-03,Điện thoại & Phụ kiện,TP.HCM,1540000.0,Canceled,8,0.0,0.0
ORD03910,2023-11-04,2023-11,Thời trang,Hà Nội,2890000.0,Delivered,3,5.0,2890000.0
ORD03911,2023-12-27,2023-12,Điện thoại & Phụ kiện,TP.HCM,2540000.0,Canceled,1,0.0,0.0
ORD03912,2023-09-05,2023-09,Mỹ phẩm,TP.HCM,4510000.0,Delivered,9,3.0,4510000.0
ORD03913,2023-02-23,2023-02,Thời trang,Cần Thơ,2000000.0,Returned,13,0.0,0.0
ORD03914,2023-06-10,2023-06,Điện thoại & Phụ kiện,Đà Nẵng,2990000.0,Delivered,10,5.0,2990000.0
ORD03915,2023-08-14,2023-08,Thời trang,Hà Nội,1880000.0,Returned,1,0.0,0.0
ORD03916,2023-01-15,2023-01,Điện thoại & Phụ kiện,Cần Thơ,1210000.0,Delivered,3,5.0,1210000.0
ORD03917,2023-08-12,2023-08,Thời trang,TP.HCM,2230000.0,Canceled,13,0.0,0.0
ORD03918,2023-03-02,2023-03,Thời trang,Đà Nẵng,1470000.0,Delivered,6,5.0,1470000.0
ORD03919,2023-05-02,2023-05,Điện thoại & Phụ kiện,Hà Nội,3830000.0,Delivered,6,1.0,3830000.0
ORD03920,2023-10-04,2023-10,Thời trang,Hải Phòng,2090000.0,Delivered,11,3.0,2090000.0
ORD03921,2023-02-15,2023-02,Mỹ phẩm,Hà Nội,4140000.0,Delivered,10,1.0,4140000.0
ORD03922,2023-10-21,2023-10,Nhà cửa & Đời sống,Hà Nội,4300000.0,Delivered,4,4.0,4300000.0
ORD03923,2023-03-03,2023-03,Thời trang,TP.HCM,160000.0,Delivered,2,5.0,160000.0
ORD03924,2023-03-27,2023-03,Thời trang,TP.HCM,3550000.0,Delivered,13,5.0,3550000.0
ORD03925,2023-07-29,2023-07,Điện thoại & Phụ kiện,Hải Phòng,220000.0,Delivered,10,5.0,220000.0
ORD03926,2023-03-19,2023-03,Điện thoại & Phụ kiện,Hải Phòng,890000.0,Delivered,6,2.0,890000.0
ORD03927,2023-07-21,2023-07,Thời trang,Hải Phòng,2950000.0,Delivered,10,1.0,2950000.0
ORD03928,2023-10-29,2023-10,Điện thoại & Phụ kiện,Cần Thơ,1680000.0,Canceled,5,0.0,0.0
ORD03929,2023-08-11,2023-08,Nhà cửa & Đời sống,Cần Thơ,3980000.0,Delivered,13,2.0,3980000.0
ORD03930,2023-08-10,2023-08,Điện thoại & Phụ kiện,TP.HCM,4250000.0,Delivered,6,2.0,4250000.0
ORD03931,2023-01-03,2023-01,Điện thoại & Phụ kiện,TP.HCM,2810000.0,Delivered,7,3.0,2810000.0
ORD03932,2023-01-06,2023-01,Điện thoại & Phụ kiện,Hải Phòng,2100000.0,Canceled,11,0.0,0.0
ORD03933,2023-04-03,2023-04,Mỹ phẩm,Cần Thơ,1590000.0,Delivered,9,5.0,1590000.0
ORD03934,2023-01-08,2023-01,Thời trang,Đà Nẵng,4570000.0,Delivered,12,5.0,4570000.0
ORD03935,2023-08-23,2023-08,Thời trang,Cần Thơ,4370000.0,Delivered,12,3.0,4370000.0
ORD03936,2023-04-18,2023-04,Điện thoại & Phụ kiện,TP.HCM,3050000.0,Returned,7,0.0,0.0
ORD03937,2023-06-10,2023-06,Mỹ phẩm,Cần Thơ,3020000.0,Delivered,4,1.0,3020000.0
ORD03938,2023-07-28,2023-07,Điện thoại & Phụ kiện,TP.HCM,3430000.0,Delivered,10,5.0,3430000.0
ORD03939,2023-08-28,2023-08,Mỹ phẩm,Hải Phòng,2810000.0,Delivered,5,1.0,2810000.0
ORD03940,2023-11-27,2023-11,Thời trang,Hải Phòng,520000.0,Canceled,13,0.0,0.0
ORD03941,2023-11-29,2023-11,Điện thoại & Phụ kiện,Hải Phòng,4770000.0,Delivered,6,3.0,4770000.0
ORD03942,2023-02-19,2023-02,Thời trang,Đà Nẵng,3280000.0,Delivered,13,1.0,3280000.0
ORD03943,2023-01-11,2023-01,Thời trang,Đà Nẵng,240000.0,Delivered,9,5.0,240000.0
ORD03944,2023-12-17,2023-12,Điện thoại & Phụ kiện,TP.HCM,2570000.0,Returned,5,0.0,0.0
ORD03945,2023-06-05,2023-06,Mỹ phẩm,Hà Nội,1810000.0,Delivered,5,3.0,1810000.0
ORD03946,2023-03-11,2023-03,Thời trang,Đà Nẵng,2270000.0,Delivered,7,1.0,2270000.0
ORD03947,2023-06-18,2023-06,Điện thoại & Phụ kiện,TP.HCM,1460000.0,Delivered,2,3.0,1460000.0
ORD03948,2023-09-29,2023-09,Điện thoại & Phụ kiện,Cần Thơ,3300000.0,Delivered,3,5.0,3300000.0
ORD03949,2023-03-09,2023-03,Thời trang,Hải Phòng,2360000.0,Delivered,12,3.0,2360000.0
ORD03950,2023-12-21,2023-12,Thời trang,Hải Phòng,530000.0,Delivered,2,1.0,530000.0
ORD03951,2023-09-09,2023-09,Thời trang,Hải Phòng,290000.0,Delivered,10,5.0,290000.0
ORD03952,2023-02-17,2023-02,Thời trang,TP.HCM,1280000.0,Delivered,10,4.0,1280000.0
ORD03953,2023-07-03,2023-07,Thời trang,Hải Phòng,4630000.0,Canceled,12,0.0,0.0
ORD03954,2023-11-16,2023-11,Nhà cửa & Đời sống,Đà Nẵng,2430000.0,Delivered,2,4.0,2430000.0
ORD03955,2023-07-06,2023-07,Thời trang,Cần Thơ,4670000.0,Canceled,3,0.0,0.0
ORD03956,2023-03-31,2023-03,Mỹ phẩm,Hải Phòng,3770000.0,Delivered,6,5.0,3770000.0
ORD03957,2023-11-28,2023-11,Điện thoại & Phụ kiện,TP.HCM,3880000.0,Delivered,5,3.0,3880000.0
ORD03958,2023-05-19,2023-05,Điện thoại & Phụ kiện,Cần Thơ,4260000.0,Delivered,11,5.0,4260000.0
ORD03959,2023-12-23,2023-12,Điện thoại & Phụ kiện,Hải Phòng,3450000.0,Delivered,13,2.0,3450000.0
ORD03960,2023-03-30,2023-03,Thời trang,Hà Nội,3650000.0,Delivered,5,3.0,3650000.0
ORD03961,2023-10-01,2023-10,Mỹ phẩm,Hải Phòng,2710000.0,Delivered,2,3.0,2710000.0
ORD03962,2023-01-19,2023-01,Điện thoại & Phụ kiện,Đà Nẵng,920000.0,Canceled,2,0.0,0.0
ORD03963,2023-11-07,2023-11,Điện thoại & Phụ kiện,Cần Thơ,400000.0,Delivered,12,1.0,400000.0
ORD03964,2023-12-24,2023-12,Mỹ phẩm,Đà Nẵng,3310000.0,Delivered,1,5.0,3310000.0
ORD03965,2023-06-03,2023-06,Điện thoại & Phụ kiện,Hà Nội,2830000.0,Delivered,3,5.0,2830000.0
ORD03966,2023-09-17,2023-09,Thời trang,Hà Nội,2430000.0,Canceled,12,0.0,0.0
ORD03967,2023-04-18,2023-04,Thời trang,Đà Nẵng,370000.0,Delivered,12,1.0,370000.0
ORD03968,2023-10-12,2023-10,Mỹ phẩm,Cần Thơ,2610000.0,Canceled,11,0.0,0.0
ORD03969,2023-02-28,2023-02,Điện thoại & Phụ kiện,Hà Nội,3330000.0,Delivered,7,3.0,3330000.0
ORD03970,2023-05-05,2023-05,Điện thoại & Phụ kiện,Hà Nội,2620000.0,Canceled,11,0.0,0.0
ORD03971,2023-12-20,2023-12,Thời trang,Hải Phòng,4580000.0,Delivered,5,2.0,4580000.0
ORD03972,2023-09-30,2023-09,Nhà cửa & Đời sống,TP.HCM,2480000.0,Delivered,7,5.0,2480000.0
ORD03973,2023-04-17,2023-04,Thời trang,Hà Nội,4990000.0,Returned,9,0.0,0.0
ORD03974,2023-10-26,2023-10,Điện thoại & Phụ kiện,Cần Thơ,3790000.0,Delivered,6,1.0,3790000.0
ORD03975,2023-09-02,2023-09,Thời trang,Cần Thơ,4730000.0,Delivered,2,5.0,4730000.0
ORD03976,2023-12-02,2023-12,Nhà cửa & Đời sống,Hải Phòng,4380000.0,Delivered,1,4.0,4380000.0
ORD03977,2023-09-04,2023-09,Mỹ phẩm,Cần Thơ,3230000.0,Delivered,1,5.0,3230000.0
ORD03978,2023-01-08,2023-01,Nhà cửa & Đời sống,Hải Phòng,1840000.0,Delivered,10,1.0,1840000.0
ORD03979,2023-05-21,2023-05,Điện thoại & Phụ kiện,Hà Nội,2030000.0,Delivered,9,2.0,2030000.0
ORD03980,2023-12-28,2023-12,Điện thoại & Phụ kiện,Hà Nội,1890000.0,Delivered,6,4.0,1890000.0
ORD03981,2023-01-08,2023-01,Thời trang,Hà Nội,4290000.0,Returned,6,0.0,0.0
ORD03982,2023-12-18,2023-12,Mỹ phẩm,Hà Nội,3940000.0,Delivered,4,2.0,3940000.0
ORD03983,2023-04-04,2023-04,Điện thoại & Phụ kiện,TP.HCM,3040000.0,Delivered,12,5.0,3040000.0
ORD03984,2023-11-17,2023-11,Điện thoại & Phụ kiện,TP.HCM,2240000.0,Delivered,2,4.0,2240000.0
ORD03985,2023-02-08,2023-02,Mỹ phẩm,Hà Nội,4830000.0,Delivered,10,1.0,4830000.0
ORD03986,2023-03-22,2023-03,Điện thoại & Phụ kiện,Cần Thơ,2120000.0,Delivered,3,4.0,2120000.0
ORD03987,2023-07-06,2023-07,Điện thoại & Phụ kiện,Hải Phòng,2590000.0,Delivered,3,3.0,2590000.0
ORD03988,2023-03-25,2023-03,Thời trang,Đà Nẵng,3710000.0,Delivered,8,5.0,3710000.0
ORD03989,2023-03-29,2023-03,Thời trang,Hải Phòng,2660000.0,Returned,6,0.0,0.0
ORD03990,2023-08-30,2023-08,Mỹ phẩm,Đà Nẵng,840000.0,Returned,7,0.0,0.0
ORD03991,2023-12-08,2023-12,Điện thoại & Phụ kiện,Đà Nẵng,3530000.0,Delivered,9,4.0,3530000.0
ORD03992,2023-04-03,2023-04,Thời trang,Hà Nội,2110000.0,Delivered,1,4.0,2110000.0
ORD03993,2023-03-27,2023-03,Thời trang,Đà Nẵng,1510000.0,Canceled,2,0.0,0.0
ORD03994,2023-02-13,2023-02,Thời trang,Hà Nội,2150000.0,Delivered,9,2.0,2150000.0
ORD03995,2023-05-17,2023-05,Thời trang,TP.HCM,2080000.0,Canceled,5,0.0,0.0
ORD03996,2023-03-15,2023-03,Điện thoại & Phụ kiện,Cần Thơ,4160000.0,Canceled,4,0.0,0.0
ORD03997,2023-02-05,2023-02,Điện thoại & Phụ kiện,Đà Nẵng,1800000.0,Delivered,1,1.0,1800000.0
ORD03998,2023-04-11,2023-04,Điện thoại & Phụ kiện,Cần Thơ,4150000.0,Delivered,9,4.0,4150000.0
ORD03999,2023-06-05,2023-06,Điện thoại & Phụ kiện,Hà Nội,3250000.0,Returned,11,0.0,0.0
ORD04000,2023-09-12,2023-09,Thời trang,Đà Nẵng,2370000.0,Canceled,13,0.0,0.0
ORD04001,2023-06-20,2023-06,Mỹ phẩm,Hải Phòng,4200000.0,Delivered,9,4.0,4200000.0
ORD04002,2023-08-04,2023-08,Mỹ phẩm,TP.HCM,4490000.0,Delivered,4,2.0,4490000.0
ORD04003,2023-06-19,2023-06,Mỹ phẩm,TP.HCM,3950000.0,Canceled,9,0.0,0.0
ORD04004,2023-09-09,2023-09,Điện thoại & Phụ kiện,Đà Nẵng,4320000.0,Delivered,10,2.0,4320000.0
ORD04005,2023-12-26,2023-12,Thời trang,TP.HCM,1880000.0,Delivered,13,5.0,1880000.0
ORD04006,2023-11-18,2023-11,Điện thoại & Phụ kiện,Hải Phòng,3750000.0,Delivered,1,2.0,3750000.0
ORD04007,2023-02-24,2023-02,Điện thoại & Phụ kiện,Cần Thơ,2840000.0,Returned,5,0.0,0.0
ORD04008,2023-04-01,2023-04,Điện thoại & Phụ kiện,Hải Phòng,710000.0,Canceled,1,0.0,0.0
ORD04009,2023-10-05,2023-10,Thời trang,TP.HCM,3360000.0,Delivered,4,2.0,3360000.0
ORD04010,2023-04-11,2023-04,Nhà cửa & Đời sống,Cần Thơ,2130000.0,Delivered,12,1.0,2130000.0
ORD04011,2023-06-04,2023-06,Điện thoại & Phụ kiện,Hải Phòng,4600000.0,Delivered,5,3.0,4600000.0
ORD04012,2023-12-15,2023-12,Điện thoại & Phụ kiện,Hà Nội,4560000.0,Canceled,11,0.0,0.0
ORD04013,2023-12-30,2023-12,Mỹ phẩm,Hà Nội,3760000.0,Delivered,3,2.0,3760000.0
ORD04014,2023-05-21,2023-05,Điện thoại & Phụ kiện,Cần Thơ,1420000.0,Canceled,2,0.0,0.0
ORD04015,2023-06-22,2023-06,Mỹ phẩm,Cần Thơ,810000.0,Delivered,6,4.0,810000.0
ORD04016,2023-01-10,2023-01,Mỹ phẩm,Cần Thơ,870000.0,Canceled,11,0.0,0.0
ORD04017,2023-08-16,2023-08,Nhà cửa & Đời sống,Hà Nội,1980000.0,Canceled,13,0.0,0.0
ORD04018,2023-09-22,2023-09,Thời trang,Hải Phòng,3650000.0,Delivered,3,3.0,3650000.0
ORD04019,2023-09-05,2023-09,Thời trang,Cần Thơ,800000.0,Delivered,10,5.0,800000.0
ORD04020,2023-09-04,2023-09,Thời trang,Hà Nội,2720000.0,Delivered,1,4.0,2720000.0
ORD04021,2023-06-04,2023-06,Thời trang,Cần Thơ,3150000.0,Returned,11,0.0,0.0
ORD04022,2023-02-03,2023-02,Thời trang,Cần Thơ,550000.0,Delivered,13,2.0,550000.0
ORD04023,2023-05-09,2023-05,Điện thoại & Phụ kiện,Cần Thơ,2330000.0,Delivered,5,2.0,2330000.0
ORD04024,2023-06-09,2023-06,Thời trang,Hà Nội,3370000.0,Delivered,2,5.0,3370000.0
ORD04025,2023-03-30,2023-03,Thời trang,Hải Phòng,2590000.0,Delivered,2,4.0,2590000.0
ORD04026,2023-04-03,2023-04,Mỹ phẩm,Hà Nội,850000.0,Delivered,4,1.0,850000.0
ORD04027,2023-11-23,2023-11,Mỹ phẩm,Hà Nội,830000.0,Delivered,4,1.0,830000.0
ORD04028,2023-08-29,2023-08,Thời trang,Cần Thơ,1510000.0,Returned,4,0.0,0.0
ORD04029,2023-11-19,2023-11,Điện thoại & Phụ kiện,Đà Nẵng,820000.0,Delivered,7,5.0,820000.0
ORD04030,2023-04-27,2023-04,Mỹ phẩm,Đà Nẵng,1110000.0,Delivered,1,5.0,1110000.0
ORD04031,2023-04-04,2023-04,Thời trang,Đà Nẵng,1030000.0,Delivered,13,4.0,1030000.0
ORD04032,2023-06-12,2023-06,Mỹ phẩm,Hà Nội,780000.0,Delivered,8,1.0,780000.0
ORD04033,2023-04-09,2023-04,Nhà cửa & Đời sống,Cần Thơ,740000.0,Delivered,12,1.0,740000.0
ORD04034,2023-04-23,2023-04,Điện thoại & Phụ kiện,Đà Nẵng,2020000.0,Delivered,13,4.0,2020000.0
ORD04035,2023-12-25,2023-12,Mỹ phẩm,TP.HCM,4500000.0,Canceled,10,0.0,0.0
ORD04036,2023-04-01,2023-04,Điện thoại & Phụ kiện,TP.HCM,710000.0,Delivered,9,4.0,710000.0
ORD04037,2023-12-12,2023-12,Điện thoại & Phụ kiện,TP.HCM,290000.0,Delivered,10,2.0,290000.0
ORD04038,2023-07-25,2023-07,Thời trang,Hải Phòng,2500000.0,Delivered,13,4.0,2500000.0
ORD04039,2023-01-17,2023-01,Điện thoại & Phụ kiện,Cần Thơ,2120000.0,Canceled,6,0.0,0.0
ORD04040,2023-10-01,2023-10,Mỹ phẩm,Hà Nội,4190000.0,Delivered,4,5.0,4190000.0
ORD04041,2023-06-22,2023-06,Điện thoại & Phụ kiện,Hà Nội,3090000.0,Returned,6,0.0,0.0
ORD04042,2023-04-26,2023-04,Điện thoại & Phụ kiện,Cần Thơ,2040000.0,Delivered,10,2.0,2040000.0
ORD04043,2023-12-15,2023-12,Thời trang,Hải Phòng,4630000.0,Delivered,7,3.0,4630000.0
ORD04044,2023-06-30,2023-06,Mỹ phẩm,Cần Thơ,710000.0,Delivered,6,2.0,710000.0
ORD04045,2023-04-01,2023-04,Nhà cửa & Đời sống,Hải Phòng,1160000.0,Delivered,11,2.0,1160000.0
ORD04046,2023-03-23,2023-03,Mỹ phẩm,Đà Nẵng,1340000.0,Canceled,1,0.0,0.0
ORD04047,2023-11-20,2023-11,Thời trang,Đà Nẵng,3100000.0,Delivered,5,2.0,3100000.0
ORD04048,2023-04-24,2023-04,Điện thoại & Phụ kiện,Hải Phòng,2760000.0,Delivered,8,1.0,2760000.0
ORD04049,2023-09-14,2023-09,Điện thoại & Phụ kiện,Cần Thơ,4650000.0,Delivered,8,5.0,4650000.0
ORD04050,2023-02-27,2023-02,Điện thoại & Phụ kiện,Đà Nẵng,4860000.0,Delivered,12,1.0,4860000.0
ORD04051,2023-06-03,2023-06,Thời trang,Cần Thơ,2110000.0,Delivered,10,3.0,2110000.0
ORD04052,2023-12-31,2023-12,Thời trang,Đà Nẵng,1710000.0,Delivered,9,1.0,1710000.0
ORD04053,2023-04-26,2023-04,Thời trang,Cần Thơ,3530000.0,Delivered,4,3.0,3530000.0
ORD04054,2023-12-09,2023-12,Mỹ phẩm,Cần Thơ,3110000.0,Delivered,10,4.0,3110000.0
ORD04055,2023-09-23,2023-09,Thời trang,TP.HCM,1210000.0,Delivered,6,3.0,1210000.0
ORD04056,2023-11-11,2023-11,Điện thoại & Phụ kiện,Hải Phòng,3460000.0,Delivered,7,1.0,3460000.0
ORD04057,2023-07-22,2023-07,Điện thoại & Phụ kiện,Hà Nội,410000.0,Canceled,5,0.0,0.0
ORD04058,2023-02-10,2023-02,Mỹ phẩm,Hải Phòng,4680000.0,Delivered,11,3.0,4680000.0
ORD04059,2023-04-15,2023-04,Mỹ phẩm,Cần Thơ,1070000.0,Delivered,8,1.0,1070000.0
ORD04060,2023-07-12,2023-07,Mỹ phẩm,Cần Thơ,4810000.0,Delivered,3,3.0,4810000.0
ORD04061,2023-10-05,2023-10,Điện thoại & Phụ kiện,Hải Phòng,2560000.0,Returned,8,0.0,0.0
ORD04062,2023-12-20,2023-12,Nhà cửa & Đời sống,Cần Thơ,2700000.0,Delivered,5,5.0,2700000.0
ORD04063,2023-08-25,2023-08,Điện thoại & Phụ kiện,Đà Nẵng,2000000.0,Delivered,1,3.0,2000000.0
ORD04064,2023-08-09,2023-08,Điện thoại & Phụ kiện,Cần Thơ,380000.0,Delivered,13,2.0,380000.0
ORD04065,2023-03-09,2023-03,Nhà cửa & Đời sống,Hải Phòng,570000.0,Delivered,6,2.0,570000.0
ORD04066,2023-07-16,2023-07,Điện thoại & Phụ kiện,Hải Phòng,2590000.0,Delivered,2,2.0,2590000.0
ORD04067,2023-09-13,2023-09,Thời trang,Hải Phòng,2350000.0,Delivered,7,2.0,2350000.0
ORD04068,2023-05-19,2023-05,Điện thoại & Phụ kiện,TP.HCM,2810000.0,Delivered,9,3.0,2810000.0
ORD04069,2023-11-08,2023-11,Thời trang,TP.HCM,1620000.0,Delivered,3,1.0,1620000.0
ORD04070,2023-05-29,2023-05,Nhà cửa & Đời sống,TP.HCM,4940000.0,Delivered,10,2.0,4940000.0
ORD04071,2023-04-09,2023-04,Điện thoại & Phụ kiện,TP.HCM,3370000.0,Delivered,4,4.0,3370000.0
ORD04072,2023-03-17,2023-03,Thời trang,TP.HCM,2940000.0,Delivered,4,2.0,2940000.0
ORD04073,2023-10-09,2023-10,Điện thoại & Phụ kiện,TP.HCM,1890000.0,Canceled,4,0.0,0.0
ORD04074,2023-04-19,2023-04,Thời trang,TP.HCM,3110000.0,Delivered,3,1.0,3110000.0
ORD04075,2023-07-07,2023-07,Điện thoại & Phụ kiện,Hải Phòng,1620000.0,Returned,5,0.0,0.0
ORD04076,2023-07-18,2023-07,Điện thoại & Phụ kiện,Hà Nội,2430000.0,Delivered,9,5.0,2430000.0
ORD04077,2023-10-30,2023-10,Điện thoại & Phụ kiện,TP.HCM,320000.0,Delivered,11,2.0,320000.0
ORD04078,2023-11-23,2023-11,Điện thoại & Phụ kiện,Hải Phòng,4270000.0,Canceled,8,0.0,0.0
ORD04079,2023-06-03,2023-06,Nhà cửa & Đời sống,Hà Nội,4600000.0,Canceled,10,0.0,0.0
ORD04080,2023-02-09,2023-02,Điện thoại & Phụ kiện,TP.HCM,1030000.0,Delivered,2,2.0,1030000.0
ORD04081,2023-05-13,2023-05,Điện thoại & Phụ kiện,Hà Nội,3790000.0,Returned,12,0.0,0.0
ORD04082,2023-05-12,2023-05,Thời trang,Hà Nội,2540000.0,Delivered,9,3.0,2540000.0
ORD04083,2023-10-06,2023-10,Điện thoại & Phụ kiện,Đà Nẵng,2990000.0,Delivered,12,5.0,2990000.0
ORD04084,2023-12-28,2023-12,Mỹ phẩm,Cần Thơ,1690000.0,Delivered,10,5.0,1690000.0
ORD04085,2023-03-25,2023-03,Nhà cửa & Đời sống,Đà Nẵng,3820000.0,Delivered,2,1.0,3820000.0
ORD04086,2023-08-30,2023-08,Thời trang,Hà Nội,2940000.0,Delivered,7,2.0,2940000.0
ORD04087,2023-04-26,2023-04,Mỹ phẩm,Hải Phòng,180000.0,Delivered,5,5.0,180000.0
ORD04088,2023-04-19,2023-04,Thời trang,TP.HCM,4590000.0,Delivered,13,5.0,4590000.0
ORD04089,2023-08-09,2023-08,Điện thoại & Phụ kiện,Cần Thơ,1940000.0,Delivered,7,4.0,1940000.0
ORD04090,2023-02-10,2023-02,Thời trang,TP.HCM,3040000.0,Returned,5,0.0,0.0
ORD04091,2023-05-27,2023-05,Thời trang,Hải Phòng,1440000.0,Delivered,12,3.0,1440000.0
ORD04092,2023-04-22,2023-04,Thời trang,Cần Thơ,1190000.0,Delivered,6,4.0,1190000.0
ORD04093,2023-04-13,2023-04,Mỹ phẩm,Đà Nẵng,780000.0,Delivered,8,3.0,780000.0
ORD04094,2023-02-15,2023-02,Thời trang,Hà Nội,1450000.0,Delivered,1,1.0,1450000.0
ORD04095,2023-11-20,2023-11,Nhà cửa & Đời sống,Hải Phòng,1050000.0,Delivered,13,5.0,1050000.0
ORD04096,2023-09-28,2023-09,Mỹ phẩm,Hà Nội,1280000.0,Delivered,11,4.0,1280000.0
ORD04097,2023-07-14,2023-07,Thời trang,Hà Nội,3830000.0,Delivered,13,3.0,3830000.0
ORD04098,2023-10-07,2023-10,Thời trang,TP.HCM,2830000.0,Returned,12,0.0,0.0
ORD04099,2023-10-10,2023-10,Điện thoại & Phụ kiện,Hải Phòng,3670000.0,Delivered,1,1.0,3670000.0
ORD04100,2023-02-09,2023-02,Nhà cửa & Đời sống,Hà Nội,3750000.0,Delivered,5,1.0,3750000.0
ORD04101,2023-07-08,2023-07,Thời trang,Đà Nẵng,3470000.0,Delivered,1,5.0,3470000.0
ORD04102,2023-06-13,2023-06,Điện thoại & Phụ kiện,Cần Thơ,1860000.0,Delivered,3,5.0,1860000.0
ORD04103,2023-01-24,2023-01,Điện thoại & Phụ kiện,Hải Phòng,3700000.0,Delivered,10,3.0,3700000.0
ORD04104,2023-01-24,2023-01,Thời trang,TP.HCM,2460000.0,Delivered,9,3.0,2460000.0
ORD04105,2023-01-04,2023-01,Điện thoại & Phụ kiện,Hải Phòng,2810000.0,Delivered,13,1.0,2810000.0
ORD04106,2023-11-19,2023-11,Điện thoại & Phụ kiện,TP.HCM,2860000.0,Canceled,7,0.0,0.0
ORD04107,2023-10-17,2023-10,Thời trang,Cần Thơ,1470000.0,Delivered,12,5.0,1470000.0
ORD04108,2023-06-30,2023-06,Điện thoại & Phụ kiện,Đà Nẵng,3710000.0,Delivered,6,1.0,3710000.0
ORD04109,2023-09-05,2023-09,Thời trang,Hà Nội,1410000.0,Returned,8,0.0,0.0
ORD04110,2023-04-26,2023-04,Điện thoại & Phụ kiện,Hải Phòng,530000.0,Delivered,8,2.0,530000.0
ORD04111,2023-10-06,2023-10,Điện thoại & Phụ kiện,TP.HCM,1320000.0,Returned,6,0.0,0.0
ORD04112,2023-12-31,2023-12,Thời trang,Cần Thơ,1450000.0,Canceled,4,0.0,0.0
ORD04113,2023-03-10,2023-03,Thời trang,Hà Nội,3760000.0,Returned,4,0.0,0.0
ORD04114,2023-12-17,2023-12,Điện thoại & Phụ kiện,Cần Thơ,3820000.0,Delivered,4,5.0,3820000.0
ORD04115,2023-09-11,2023-09,Điện thoại & Phụ kiện,Đà Nẵng,1350000.0,Delivered,6,5.0,1350000.0
ORD04116,2023-06-30,2023-06,Thời trang,Hà Nội,4480000.0,Delivered,1,2.0,4480000.0
ORD04117,2023-11-14,2023-11,Điện thoại & Phụ kiện,Hà Nội,2840000.0,Delivered,12,1.0,2840000.0
ORD04118,2023-06-18,2023-06,Điện thoại & Phụ kiện,Hà Nội,730000.0,Delivered,2,4.0,730000.0
ORD04119,2023-11-09,2023-11,Điện thoại & Phụ kiện,TP.HCM,3050000.0,Canceled,6,0.0,0.0
ORD04120,2023-09-06,2023-09,Mỹ phẩm,Hà Nội,2410000.0,Delivered,11,3.0,2410000.0
ORD04121,2023-07-07,2023-07,Mỹ phẩm,Cần Thơ,600000.0,Delivered,1,4.0,600000.0
ORD04122,2023-02-23,2023-02,Mỹ phẩm,TP.HCM,1460000.0,Canceled,9,0.0,0.0
ORD04123,2023-11-22,2023-11,Mỹ phẩm,Hà Nội,1670000.0,Delivered,12,2.0,1670000.0
ORD04124,2023-12-23,2023-12,Thời trang,Cần Thơ,650000.0,Delivered,6,1.0,650000.0
ORD04125,2023-11-09,2023-11,Thời trang,Cần Thơ,900000.0,Delivered,7,5.0,900000.0
ORD04126,2023-05-18,2023-05,Thời trang,Hải Phòng,2410000.0,Delivered,12,2.0,2410000.0
ORD04127,2023-06-17,2023-06,Điện thoại & Phụ kiện,Cần Thơ,4370000.0,Delivered,1,5.0,4370000.0
ORD04128,2023-04-13,2023-04,Thời trang,Đà Nẵng,4520000.0,Delivered,8,2.0,4520000.0
ORD04129,2023-03-26,2023-03,Mỹ phẩm,Hà Nội,4080000.0,Delivered,12,2.0,4080000.0
ORD04130,2023-11-13,2023-11,Thời trang,Hà Nội,4610000.0,Canceled,12,0.0,0.0
ORD04131,2023-07-31,2023-07,Điện thoại & Phụ kiện,Hà Nội,3350000.0,Returned,12,0.0,0.0
ORD04132,2023-01-03,2023-01,Điện thoại & Phụ kiện,Cần Thơ,1370000.0,Delivered,12,2.0,1370000.0
ORD04133,2023-06-28,2023-06,Thời trang,Cần Thơ,1350000.0,Delivered,12,4.0,1350000.0
ORD04134,2023-12-08,2023-12,Thời trang,Hà Nội,3260000.0,Delivered,5,3.0,3260000.0
ORD04135,2023-10-30,2023-10,Mỹ phẩm,TP.HCM,890000.0,Delivered,5,5.0,890000.0
ORD04136,2023-11-28,2023-11,Điện thoại & Phụ kiện,TP.HCM,4830000.0,Delivered,6,2.0,4830000.0
ORD04137,2023-02-07,2023-02,Mỹ phẩm,Đà Nẵng,3860000.0,Returned,7,0.0,0.0
ORD04138,2023-08-27,2023-08,Thời trang,Hải Phòng,3660000.0,Delivered,7,4.0,3660000.0
ORD04139,2023-06-18,2023-06,Mỹ phẩm,Đà Nẵng,4160000.0,Canceled,5,0.0,0.0
ORD04140,2023-12-09,2023-12,Thời trang,Hà Nội,3420000.0,Delivered,1,4.0,3420000.0
ORD04141,2023-11-10,2023-11,Thời trang,Hà Nội,1840000.0,Returned,11,0.0,0.0
ORD04142,2023-11-02,2023-11,Thời trang,Hà Nội,1540000.0,Delivered,9,4.0,1540000.0
ORD04143,2023-01-30,2023-01,Mỹ phẩm,Hải Phòng,4500000.0,Delivered,6,5.0,4500000.0
ORD04144,2023-07-09,2023-07,Nhà cửa & Đời sống,Cần Thơ,1350000.0,Delivered,13,3.0,1350000.0
ORD04145,2023-12-23,2023-12,Điện thoại & Phụ kiện,Hải Phòng,1910000.0,Canceled,9,0.0,0.0
ORD04146,2023-01-25,2023-01,Điện thoại & Phụ kiện,Đà Nẵng,2280000.0,Delivered,11,1.0,2280000.0
ORD04147,2023-04-22,2023-04,Nhà cửa & Đời sống,Cần Thơ,4450000.0,Delivered,4,2.0,4450000.0
ORD04148,2023-07-25,2023-07,Thời trang,Cần Thơ,2870000.0,Delivered,2,4.0,2870000.0
ORD04149,2023-07-04,2023-07,Thời trang,Đà Nẵng,4940000.0,Delivered,13,2.0,4940000.0
ORD04150,2023-02-16,2023-02,Thời trang,Cần Thơ,920000.0,Delivered,13,3.0,920000.0
ORD04151,2023-08-16,2023-08,Điện thoại & Phụ kiện,TP.HCM,4320000.0,Returned,3,0.0,0.0
ORD04152,2023-02-08,2023-02,Mỹ phẩm,Đà Nẵng,4920000.0,Delivered,12,4.0,4920000.0
ORD04153,2023-01-16,2023-01,Mỹ phẩm,Đà Nẵng,1500000.0,Delivered,4,5.0,1500000.0
ORD04154,2023-01-22,2023-01,Điện thoại & Phụ kiện,TP.HCM,3430000.0,Delivered,10,4.0,3430000.0
ORD04155,2023-08-01,2023-08,Điện thoại & Phụ kiện,Hải Phòng,1040000.0,Canceled,12,0.0,0.0
ORD04156,2023-11-06,2023-11,Mỹ phẩm,Hải Phòng,3740000.0,Returned,8,0.0,0.0
ORD04157,2023-05-29,2023-05,Điện thoại & Phụ kiện,Hải Phòng,2030000.0,Delivered,3,5.0,2030000.0
ORD04158,2023-08-29,2023-08,Mỹ phẩm,Cần Thơ,1190000.0,Delivered,8,2.0,1190000.0
ORD04159,2023-09-29,2023-09,Điện thoại & Phụ kiện,TP.HCM,610000.0,Delivered,6,5.0,610000.0
ORD04160,2023-02-28,2023-02,Thời trang,Đà Nẵng,1120000.0,Delivered,4,4.0,1120000.0
ORD04161,2023-10-14,2023-10,Nhà cửa & Đời sống,Đà Nẵng,1100000.0,Delivered,7,4.0,1100000.0
ORD04162,2023-07-21,2023-07,Thời trang,Đà Nẵng,1510000.0,Delivered,11,4.0,1510000.0
ORD04163,2023-02-01,2023-02,Thời trang,Cần Thơ,2100000.0,Delivered,13,4.0,2100000.0
ORD04164,2023-06-11,2023-06,Thời trang,Cần Thơ,4670000.0,Delivered,5,4.0,4670000.0
ORD04165,2023-09-12,2023-09,Điện thoại & Phụ kiện,Hải Phòng,3280000.0,Delivered,5,5.0,3280000.0
ORD04166,2023-09-11,2023-09,Điện thoại & Phụ kiện,Cần Thơ,2080000.0,Returned,9,0.0,0.0
ORD04167,2023-01-09,2023-01,Nhà cửa & Đời sống,Hải Phòng,2930000.0,Delivered,13,3.0,2930000.0
ORD04168,2023-05-19,2023-05,Mỹ phẩm,Hải Phòng,2260000.0,Delivered,3,3.0,2260000.0
ORD04169,2023-01-10,2023-01,Thời trang,Đà Nẵng,550000.0,Delivered,10,1.0,550000.0
ORD04170,2023-08-02,2023-08,Điện thoại & Phụ kiện,Cần Thơ,370000.0,Delivered,4,2.0,370000.0
ORD04171,2023-09-30,2023-09,Điện thoại & Phụ kiện,Hải Phòng,110000.0,Delivered,5,3.0,110000.0
ORD04172,2023-11-20,2023-11,Điện thoại & Phụ kiện,TP.HCM,3920000.0,Canceled,1,0.0,0.0
ORD04173,2023-02-17,2023-02,Thời trang,TP.HCM,260000.0,Delivered,7,5.0,260000.0
ORD04174,2023-04-21,2023-04,Mỹ phẩm,Cần Thơ,3240000.0,Delivered,8,2.0,3240000.0
ORD04175,2023-06-02,2023-06,Thời trang,Đà Nẵng,4450000.0,Delivered,6,4.0,4450000.0
ORD04176,2023-05-03,2023-05,Mỹ phẩm,Đà Nẵng,3970000.0,Delivered,9,4.0,3970000.0
ORD04177,2023-12-23,2023-12,Điện thoại & Phụ kiện,Hải Phòng,860000.0,Delivered,3,5.0,860000.0
ORD04178,2023-04-12,2023-04,Điện thoại & Phụ kiện,Cần Thơ,4750000.0,Canceled,2,0.0,0.0
ORD04179,2023-08-29,2023-08,Điện thoại & Phụ kiện,TP.HCM,3960000.0,Delivered,5,3.0,3960000.0
ORD04180,2023-11-17,2023-11,Thời trang,Hải Phòng,3800000.0,Canceled,13,0.0,0.0
ORD04181,2023-07-10,2023-07,Điện thoại & Phụ kiện,Hải Phòng,1740000.0,Canceled,9,0.0,0.0
ORD04182,2023-08-05,2023-08,Nhà cửa & Đời sống,Hà Nội,1060000.0,Delivered,11,5.0,1060000.0
ORD04183,2023-02-20,2023-02,Điện thoại & Phụ kiện,Cần Thơ,1140000.0,Delivered,1,3.0,1140000.0
ORD04184,2023-10-19,2023-10,Nhà cửa & Đời sống,Hải Phòng,330000.0,Delivered,1,2.0,330000.0
ORD04185,2023-03-22,2023-03,Thời trang,TP.HCM,2090000.0,Delivered,10,2.0,2090000.0
ORD04186,2023-03-29,2023-03,Nhà cửa & Đời sống,Hà Nội,440000.0,Delivered,3,3.0,440000.0
ORD04187,2023-07-13,2023-07,Thời trang,TP.HCM,110000.0,Delivered,10,1.0,110000.0
ORD04188,2023-04-14,2023-04,Nhà cửa & Đời sống,Đà Nẵng,2980000.0,Delivered,3,1.0,2980000.0
ORD04189,2023-09-28,2023-09,Điện thoại & Phụ kiện,Hà Nội,3410000.0,Delivered,5,2.0,3410000.0
ORD04190,2023-04-06,2023-04,Mỹ phẩm,Hà Nội,3510000.0,Delivered,4,4.0,3510000.0
ORD04191,2023-07-17,2023-07,Nhà cửa & Đời sống,Hải Phòng,4700000.0,Delivered,6,3.0,4700000.0
ORD04192,2023-01-01,2023-01,Điện thoại & Phụ kiện,Đà Nẵng,1470000.0,Delivered,12,1.0,1470000.0
ORD04193,2023-06-16,2023-06,Điện thoại & Phụ kiện,Hải Phòng,3460000.0,Delivered,8,1.0,3460000.0
ORD04194,2023-05-06,2023-05,Thời trang,Cần Thơ,710000.0,Returned,8,0.0,0.0
ORD04195,2023-11-09,2023-11,Nhà cửa & Đời sống,TP.HCM,3080000.0,Delivered,11,5.0,3080000.0
ORD04196,2023-03-22,2023-03,Thời trang,TP.HCM,2060000.0,Delivered,4,4.0,2060000.0
ORD04197,2023-09-08,2023-09,Thời trang,Hải Phòng,3860000.0,Delivered,1,1.0,3860000.0
ORD04198,2023-06-18,2023-06,Điện thoại & Phụ kiện,TP.HCM,680000.0,Delivered,13,4.0,680000.0
ORD04199,2023-03-14,2023-03,Điện thoại & Phụ kiện,TP.HCM,2740000.0,Delivered,7,2.0,2740000.0
ORD04200,2023-05-21,2023-05,Mỹ phẩm,Cần Thơ,3420000.0,Returned,6,0.0,0.0
ORD04201,2023-03-11,2023-03,Điện thoại & Phụ kiện,Đà Nẵng,1970000.0,Delivered,5,5.0,1970000.0
ORD04202,2023-09-19,2023-09,Thời trang,Hà Nội,720000.0,Returned,4,0.0,0.0
ORD04203,2023-12-06,2023-12,Nhà cửa & Đời sống,Hải Phòng,3170000.0,Canceled,6,0.0,0.0
ORD04204,2023-11-04,2023-11,Điện thoại & Phụ kiện,Hải Phòng,2880000.0,Delivered,8,5.0,2880000.0
ORD04205,2023-09-02,2023-09,Thời trang,Cần Thơ,390000.0,Delivered,6,1.0,390000.0
ORD04206,2023-01-03,2023-01,Điện thoại & Phụ kiện,Cần Thơ,1800000.0,Canceled,3,0.0,0.0
ORD04207,2023-12-03,2023-12,Thời trang,Hà Nội,4610000.0,Delivered,9,2.0,4610000.0
ORD04208,2023-03-04,2023-03,Điện thoại & Phụ kiện,Đà Nẵng,300000.0,Delivered,3,3.0,300000.0
ORD04209,2023-02-18,2023-02,Mỹ phẩm,Hải Phòng,3080000.0,Delivered,4,5.0,3080000.0
ORD04210,2023-03-17,2023-03,Điện thoại & Phụ kiện,Cần Thơ,2100000.0,Delivered,13,4.0,2100000.0
ORD04211,2023-06-24,2023-06,Thời trang,Hải Phòng,1440000.0,Delivered,5,2.0,1440000.0
ORD04212,2023-04-19,2023-04,Thời trang,TP.HCM,2810000.0,Delivered,11,1.0,2810000.0
ORD04213,2023-07-02,2023-07,Điện thoại & Phụ kiện,Hải Phòng,320000.0,Returned,2,0.0,0.0
ORD04214,2023-07-11,2023-07,Mỹ phẩm,Đà Nẵng,4510000.0,Delivered,11,3.0,4510000.0
ORD04215,2023-03-06,2023-03,Điện thoại & Phụ kiện,Đà Nẵng,960000.0,Canceled,10,0.0,0.0
ORD04216,2023-12-03,2023-12,Thời trang,Hải Phòng,400000.0,Delivered,11,1.0,400000.0
ORD04217,2023-09-28,2023-09,Điện thoại & Phụ kiện,TP.HCM,1300000.0,Delivered,10,3.0,1300000.0
ORD04218,2023-04-10,2023-04,Thời trang,Đà Nẵng,780000.0,Returned,2,0.0,0.0
ORD04219,2023-02-01,2023-02,Điện thoại & Phụ kiện,Cần Thơ,1430000.0,Canceled,6,0.0,0.0
ORD04220,2023-12-18,2023-12,Thời trang,Hải Phòng,3800000.0,Delivered,2,5.0,3800000.0
ORD04221,2023-05-08,2023-05,Điện thoại & Phụ kiện,TP.HCM,4580000.0,Delivered,10,5.0,4580000.0
ORD04222,2023-12-05,2023-12,Mỹ phẩm,Cần Thơ,3240000.0,Delivered,1,4.0,3240000.0
ORD04223,2023-02-12,2023-02,Điện thoại & Phụ kiện,Hải Phòng,4210000.0,Canceled,8,0.0,0.0
ORD04224,2023-03-19,2023-03,Mỹ phẩm,TP.HCM,1550000.0,Delivered,10,5.0,1550000.0
ORD04225,2023-11-10,2023-11,Mỹ phẩm,Cần Thơ,4810000.0,Delivered,10,3.0,4810000.0
ORD04226,2023-10-16,2023-10,Điện thoại & Phụ kiện,Đà Nẵng,3420000.0,Delivered,13,4.0,3420000.0
ORD04227,2023-09-27,2023-09,Thời trang,Hải Phòng,4900000.0,Delivered,1,2.0,4900000.0
ORD04228,2023-06-11,2023-06,Điện thoại & Phụ kiện,Hải Phòng,4030000.0,Canceled,10,0.0,0.0
ORD04229,2023-07-08,2023-07,Điện thoại & Phụ kiện,Đà Nẵng,2720000.0,Delivered,6,1.0,2720000.0
ORD04230,2023-09-04,2023-09,Mỹ phẩm,Hà Nội,3020000.0,Delivered,12,4.0,3020000.0
ORD04231,2023-08-04,2023-08,Thời trang,Cần Thơ,4890000.0,Canceled,1,0.0,0.0
ORD04232,2023-11-11,2023-11,Thời trang,Đà Nẵng,4380000.0,Delivered,8,1.0,4380000.0
ORD04233,2023-12-05,2023-12,Điện thoại & Phụ kiện,Hải Phòng,950000.0,Delivered,5,5.0,950000.0
ORD04234,2023-06-17,2023-06,Điện thoại & Phụ kiện,Cần Thơ,250000.0,Returned,3,0.0,0.0
ORD04235,2023-12-05,2023-12,Điện thoại & Phụ kiện,Cần Thơ,2250000.0,Delivered,5,3.0,2250000.0
ORD04236,2023-07-12,2023-07,Mỹ phẩm,Hà Nội,1250000.0,Returned,13,0.0,0.0
ORD04237,2023-10-10,2023-10,Thời trang,Hải Phòng,1270000.0,Delivered,1,2.0,1270000.0
ORD04238,2023-12-02,2023-12,Mỹ phẩm,TP.HCM,2790000.0,Delivered,1,4.0,2790000.0
ORD04239,2023-01-13,2023-01,Điện thoại & Phụ kiện,Hà Nội,4040000.0,Delivered,12,1.0,4040000.0
ORD04240,2023-08-28,2023-08,Điện thoại & Phụ kiện,Hà Nội,4760000.0,Delivered,4,5.0,4760000.0
ORD04241,2023-11-16,2023-11,Điện thoại & Phụ kiện,TP.HCM,3520000.0,Delivered,9,4.0,3520000.0
ORD04242,2023-05-27,2023-05,Điện thoại & Phụ kiện,TP.HCM,1710000.0,Delivered,9,2.0,1710000.0
ORD04243,2023-07-23,2023-07,Điện thoại & Phụ kiện,Hà Nội,1970000.0,Delivered,1,3.0,1970000.0
ORD04244,2023-03-21,2023-03,Mỹ phẩm,Cần Thơ,1130000.0,Delivered,3,1.0,1130000.0
ORD04245,2023-02-12,2023-02,Mỹ phẩm,Đà Nẵng,1500000.0,Canceled,13,0.0,0.0
ORD04246,2023-03-30,2023-03,Thời trang,Đà Nẵng,1760000.0,Delivered,12,5.0,1760000.0
ORD04247,2023-05-28,2023-05,Thời trang,Hà Nội,3090000.0,Delivered,4,4.0,3090000.0
ORD04248,2023-04-05,2023-04,Điện thoại & Phụ kiện,Cần Thơ,370000.0,Delivered,2,2.0,370000.0
ORD04249,2023-05-31,2023-05,Mỹ phẩm,TP.HCM,4330000.0,Delivered,7,2.0,4330000.0
ORD04250,2023-01-02,2023-01,Điện thoại & Phụ kiện,Hà Nội,2810000.0,Delivered,3,4.0,2810000.0
ORD04251,2023-01-22,2023-01,Nhà cửa & Đời sống,Hải Phòng,590000.0,Canceled,1,0.0,0.0
ORD04252,2023-11-09,2023-11,Thời trang,Cần Thơ,3800000.0,Delivered,1,4.0,3800000.0
ORD04253,2023-11-24,2023-11,Điện thoại & Phụ kiện,Hải Phòng,1650000.0,Delivered,3,2.0,1650000.0
ORD04254,2023-01-07,2023-01,Nhà cửa & Đời sống,Hải Phòng,3330000.0,Delivered,6,4.0,3330000.0
ORD04255,2023-07-25,2023-07,Điện thoại & Phụ kiện,Hà Nội,3570000.0,Delivered,4,1.0,3570000.0
ORD04256,2023-04-24,2023-04,Thời trang,Cần Thơ,1300000.0,Delivered,1,5.0,1300000.0
ORD04257,2023-09-29,2023-09,Thời trang,Hải Phòng,4530000.0,Delivered,7,1.0,4530000.0
ORD04258,2023-03-24,2023-03,Điện thoại & Phụ kiện,Cần Thơ,1490000.0,Delivered,2,3.0,1490000.0
ORD04259,2023-06-28,2023-06,Thời trang,Đà Nẵng,250000.0,Canceled,12,0.0,0.0
ORD04260,2023-07-29,2023-07,Thời trang,Hải Phòng,3180000.0,Delivered,5,4.0,3180000.0
ORD04261,2023-11-24,2023-11,Mỹ phẩm,Hải Phòng,4470000.0,Delivered,8,1.0,4470000.0
ORD04262,2023-05-04,2023-05,Điện thoại & Phụ kiện,Cần Thơ,580000.0,Returned,7,0.0,0.0
ORD04263,2023-04-23,2023-04,Nhà cửa & Đời sống,Đà Nẵng,1730000.0,Delivered,11,2.0,1730000.0
ORD04264,2023-01-12,2023-01,Điện thoại & Phụ kiện,Hải Phòng,710000.0,Delivered,12,5.0,710000.0
ORD04265,2023-05-06,2023-05,Điện thoại & Phụ kiện,Hà Nội,3490000.0,Returned,8,0.0,0.0
ORD04266,2023-02-22,2023-02,Điện thoại & Phụ kiện,Cần Thơ,1630000.0,Returned,13,0.0,0.0
ORD04267,2023-11-27,2023-11,Điện thoại & Phụ kiện,Cần Thơ,3210000.0,Delivered,10,2.0,3210000.0
ORD04268,2023-10-10,2023-10,Điện thoại & Phụ kiện,Hải Phòng,3850000.0,Delivered,11,2.0,3850000.0
ORD04269,2023-05-20,2023-05,Nhà cửa & Đời sống,Đà Nẵng,3550000.0,Delivered,6,4.0,3550000.0
ORD04270,2023-04-07,2023-04,Điện thoại & Phụ kiện,Hải Phòng,1590000.0,Delivered,7,4.0,1590000.0
ORD04271,2023-01-05,2023-01,Điện thoại & Phụ kiện,TP.HCM,3850000.0,Returned,9,0.0,0.0
ORD04272,2023-02-26,2023-02,Điện thoại & Phụ kiện,Hải Phòng,820000.0,Delivered,6,1.0,820000.0
ORD04273,2023-11-30,2023-11,Mỹ phẩm,TP.HCM,780000.0,Canceled,9,0.0,0.0
ORD04274,2023-03-10,2023-03,Mỹ phẩm,Hà Nội,4740000.0,Delivered,13,2.0,4740000.0
ORD04275,2023-04-28,2023-04,Điện thoại & Phụ kiện,Cần Thơ,1860000.0,Delivered,12,5.0,1860000.0
ORD04276,2023-02-28,2023-02,Điện thoại & Phụ kiện,Cần Thơ,3630000.0,Canceled,2,0.0,0.0
ORD04277,2023-02-02,2023-02,Điện thoại & Phụ kiện,Đà Nẵng,110000.0,Delivered,13,4.0,110000.0
ORD04278,2023-11-14,2023-11,Điện thoại & Phụ kiện,Hải Phòng,3180000.0,Delivered,2,4.0,3180000.0
ORD04279,2023-02-19,2023-02,Điện thoại & Phụ kiện,Hà Nội,1280000.0,Returned,2,0.0,0.0
ORD04280,2023-01-19,2023-01,Thời trang,TP.HCM,160000.0,Delivered,6,3.0,160000.0
ORD04281,2023-08-02,2023-08,Điện thoại & Phụ kiện,Đà Nẵng,2640000.0,Delivered,2,3.0,2640000.0
ORD04282,2023-07-16,2023-07,Thời trang,Hà Nội,4930000.0,Canceled,3,0.0,0.0
ORD04283,2023-02-16,2023-02,Điện thoại & Phụ kiện,Hà Nội,4700000.0,Returned,13,0.0,0.0
ORD04284,2023-06-16,2023-06,Nhà cửa & Đời sống,TP.HCM,4130000.0,Canceled,8,0.0,0.0
ORD04285,2023-10-16,2023-10,Nhà cửa & Đời sống,TP.HCM,4870000.0,Delivered,8,5.0,4870000.0
ORD04286,2023-05-21,2023-05,Thời trang,Cần Thơ,4230000.0,Delivered,11,2.0,4230000.0
ORD04287,2023-03-25,2023-03,Điện thoại & Phụ kiện,Hải Phòng,840000.0,Delivered,12,2.0,840000.0
ORD04288,2023-07-01,2023-07,Điện thoại & Phụ kiện,Đà Nẵng,3600000.0,Delivered,4,3.0,3600000.0
ORD04289,2023-03-20,2023-03,Thời trang,Hải Phòng,2040000.0,Returned,9,0.0,0.0
ORD04290,2023-08-03,2023-08,Mỹ phẩm,Đà Nẵng,1960000.0,Delivered,8,5.0,1960000.0
ORD04291,2023-01-14,2023-01,Thời trang,Hà Nội,4590000.0,Delivered,1,3.0,4590000.0
ORD04292,2023-08-03,2023-08,Mỹ phẩm,TP.HCM,120000.0,Delivered,8,1.0,120000.0
ORD04293,2023-05-08,2023-05,Nhà cửa & Đời sống,TP.HCM,1930000.0,Returned,1,0.0,0.0
ORD04294,2023-11-06,2023-11,Điện thoại & Phụ kiện,Hà Nội,3440000.0,Canceled,4,0.0,0.0
ORD04295,2023-09-05,2023-09,Thời trang,Hà Nội,2820000.0,Delivered,10,2.0,2820000.0
ORD04296,2023-01-29,2023-01,Điện thoại & Phụ kiện,Đà Nẵng,3770000.0,Delivered,6,4.0,3770000.0
ORD04297,2023-10-07,2023-10,Điện thoại & Phụ kiện,Hà Nội,610000.0,Delivered,7,1.0,610000.0
ORD04298,2023-12-04,2023-12,Thời trang,Đà Nẵng,2720000.0,Canceled,10,0.0,0.0
ORD04299,2023-11-15,2023-11,Điện thoại & Phụ kiện,Hải Phòng,3770000.0,Delivered,13,4.0,3770000.0
ORD04300,2023-07-21,2023-07,Mỹ phẩm,TP.HCM,1420000.0,Delivered,4,5.0,1420000.0
ORD04301,2023-12-27,2023-12,Điện thoại & Phụ kiện,TP.HCM,4910000.0,Delivered,8,2.0,4910000.0
ORD04302,2023-02-26,2023-02,Thời trang,TP.HCM,2340000.0,Delivered,8,5.0,2340000.0
ORD04303,2023-08-06,2023-08,Thời trang,Hải Phòng,3190000.0,Delivered,9,1.0,3190000.0
ORD04304,2023-03-03,2023-03,Thời trang,Hải Phòng,700000.0,Returned,6,0.0,0.0
ORD04305,2023-06-06,2023-06,Điện thoại & Phụ kiện,Cần Thơ,3740000.0,Returned,4,0.0,0.0
ORD04306,2023-07-21,2023-07,Mỹ phẩm,Đà Nẵng,250000.0,Canceled,2,0.0,0.0
ORD04307,2023-01-17,2023-01,Thời trang,Đà Nẵng,2380000.0,Returned,7,0.0,0.0
ORD04308,2023-11-18,2023-11,Thời trang,Cần Thơ,2040000.0,Delivered,10,5.0,2040000.0
ORD04309,2023-01-06,2023-01,Điện thoại & Phụ kiện,TP.HCM,2600000.0,Delivered,3,4.0,2600000.0
ORD04310,2023-02-27,2023-02,Thời trang,Đà Nẵng,4520000.0,Canceled,11,0.0,0.0
ORD04311,2023-11-21,2023-11,Mỹ phẩm,Đà Nẵng,3120000.0,Delivered,13,2.0,3120000.0
ORD04312,2023-11-14,2023-11,Thời trang,TP.HCM,570000.0,Delivered,12,3.0,570000.0
ORD04313,2023-06-18,2023-06,Mỹ phẩm,Hà Nội,2440000.0,Delivered,3,4.0,2440000.0
ORD04314,2023-03-23,2023-03,Thời trang,Hà Nội,1300000.0,Delivered,3,3.0,1300000.0
ORD04315,2023-08-07,2023-08,Điện thoại & Phụ kiện,Cần Thơ,3290000.0,Delivered,4,3.0,3290000.0
ORD04316,2023-06-26,2023-06,Điện thoại & Phụ kiện,Hải Phòng,590000.0,Delivered,2,2.0,590000.0
ORD04317,2023-07-23,2023-07,Điện thoại & Phụ kiện,Đà Nẵng,4780000.0,Delivered,13,3.0,4780000.0
ORD04318,2023-03-12,2023-03,Thời trang,Đà Nẵng,500000.0,Delivered,13,4.0,500000.0
ORD04319,2023-09-23,2023-09,Mỹ phẩm,Cần Thơ,4650000.0,Canceled,5,0.0,0.0
ORD04320,2023-04-08,2023-04,Điện thoại & Phụ kiện,Cần Thơ,310000.0,Delivered,3,1.0,310000.0
ORD04321,2023-12-11,2023-12,Thời trang,Đà Nẵng,3800000.0,Delivered,10,5.0,3800000.0
ORD04322,2023-10-18,2023-10,Thời trang,TP.HCM,1910000.0,Delivered,5,1.0,1910000.0
ORD04323,2023-07-27,2023-07,Thời trang,TP.HCM,140000.0,Canceled,12,0.0,0.0
ORD04324,2023-01-02,2023-01,Điện thoại & Phụ kiện,Hải Phòng,1540000.0,Delivered,13,5.0,1540000.0
ORD04325,2023-05-04,2023-05,Điện thoại & Phụ kiện,Đà Nẵng,3660000.0,Delivered,7,1.0,3660000.0
ORD04326,2023-10-07,2023-10,Điện thoại & Phụ kiện,Đà Nẵng,870000.0,Returned,9,0.0,0.0
ORD04327,2023-03-15,2023-03,Điện thoại & Phụ kiện,Đà Nẵng,2400000.0,Delivered,2,5.0,2400000.0
ORD04328,2023-06-15,2023-06,Điện thoại & Phụ kiện,Đà Nẵng,3060000.0,Delivered,9,2.0,3060000.0
ORD04329,2023-01-22,2023-01,Điện thoại & Phụ kiện,Cần Thơ,3570000.0,Delivered,10,5.0,3570000.0
ORD04330,2023-06-03,2023-06,Thời trang,Hà Nội,4880000.0,Delivered,6,2.0,4880000.0
ORD04331,2023-10-22,2023-10,Điện thoại & Phụ kiện,Đà Nẵng,2180000.0,Returned,12,0.0,0.0
ORD04332,2023-08-07,2023-08,Nhà cửa & Đời sống,Hà Nội,1720000.0,Delivered,6,4.0,1720000.0
ORD04333,2023-06-06,2023-06,Điện thoại & Phụ kiện,TP.HCM,1770000.0,Delivered,11,1.0,1770000.0
ORD04334,2023-08-18,2023-08,Điện thoại & Phụ kiện,Hải Phòng,2870000.0,Delivered,3,1.0,2870000.0
ORD04335,2023-01-20,2023-01,Điện thoại & Phụ kiện,TP.HCM,2460000.0,Delivered,10,3.0,2460000.0
ORD04336,2023-02-10,2023-02,Điện thoại & Phụ kiện,Đà Nẵng,1850000.0,Delivered,13,5.0,1850000.0
ORD04337,2023-05-28,2023-05,Mỹ phẩm,TP.HCM,620000.0,Delivered,9,4.0,620000.0
ORD04338,2023-04-18,2023-04,Điện thoại & Phụ kiện,Cần Thơ,3580000.0,Delivered,4,1.0,3580000.0
ORD04339,2023-03-25,2023-03,Nhà cửa & Đời sống,Hà Nội,190000.0,Delivered,5,3.0,190000.0
ORD04340,2023-11-18,2023-11,Mỹ phẩm,Đà Nẵng,1550000.0,Canceled,3,0.0,0.0
ORD04341,2023-11-05,2023-11,Thời trang,Cần Thơ,2360000.0,Delivered,5,2.0,2360000.0
ORD04342,2023-10-17,2023-10,Thời trang,Hà Nội,2450000.0,Delivered,8,1.0,2450000.0
ORD04343,2023-11-19,2023-11,Thời trang,Cần Thơ,4730000.0,Delivered,8,5.0,4730000.0
ORD04344,2023-05-14,2023-05,Điện thoại & Phụ kiện,TP.HCM,2510000.0,Canceled,8,0.0,0.0
ORD04345,2023-07-26,2023-07,Thời trang,Đà Nẵng,3140000.0,Delivered,6,3.0,3140000.0
ORD04346,2023-10-10,2023-10,Điện thoại & Phụ kiện,TP.HCM,800000.0,Delivered,1,5.0,800000.0
ORD04347,2023-09-23,2023-09,Điện thoại & Phụ kiện,Hải Phòng,1670000.0,Delivered,11,2.0,1670000.0
ORD04348,2023-03-14,2023-03,Thời trang,Đà Nẵng,280000.0,Delivered,10,5.0,280000.0
ORD04349,2023-12-18,2023-12,Thời trang,TP.HCM,640000.0,Delivered,12,3.0,640000.0
ORD04350,2023-02-17,2023-02,Mỹ phẩm,Đà Nẵng,4530000.0,Delivered,6,2.0,4530000.0
ORD04351,2023-11-22,2023-11,Điện thoại & Phụ kiện,Hà Nội,2240000.0,Delivered,12,3.0,2240000.0
ORD04352,2023-08-21,2023-08,Mỹ phẩm,Đà Nẵng,4650000.0,Canceled,11,0.0,0.0
ORD04353,2023-04-10,2023-04,Điện thoại & Phụ kiện,Đà Nẵng,2180000.0,Delivered,10,3.0,2180000.0
ORD04354,2023-02-28,2023-02,Điện thoại & Phụ kiện,Hà Nội,300000.0,Delivered,7,5.0,300000.0
ORD04355,2023-09-15,2023-09,Điện thoại & Phụ kiện,TP.HCM,2910000.0,Delivered,9,1.0,2910000.0
ORD04356,2023-03-06,2023-03,Thời trang,Đà Nẵng,2580000.0,Delivered,12,1.0,2580000.0
ORD04357,2023-03-24,2023-03,Điện thoại & Phụ kiện,Cần Thơ,370000.0,Delivered,8,4.0,370000.0
ORD04358,2023-06-03,2023-06,Thời trang,Đà Nẵng,4320000.0,Delivered,11,5.0,4320000.0
ORD04359,2023-09-23,2023-09,Mỹ phẩm,TP.HCM,4260000.0,Delivered,12,5.0,4260000.0
ORD04360,2023-11-05,2023-11,Thời trang,Hà Nội,3050000.0,Delivered,8,2.0,3050000.0
ORD04361,2023-03-20,2023-03,Thời trang,TP.HCM,2200000.0,Delivered,7,3.0,2200000.0
ORD04362,2023-11-11,2023-11,Mỹ phẩm,Hải Phòng,2940000.0,Canceled,2,0.0,0.0
ORD04363,2023-05-30,2023-05,Mỹ phẩm,Đà Nẵng,290000.0,Delivered,1,5.0,290000.0
ORD04364,2023-02-17,2023-02,Thời trang,Đà Nẵng,290000.0,Canceled,2,0.0,0.0
ORD04365,2023-09-05,2023-09,Điện thoại & Phụ kiện,Hà Nội,3390000.0,Returned,6,0.0,0.0
ORD04366,2023-10-05,2023-10,Mỹ phẩm,Đà Nẵng,4050000.0,Delivered,13,1.0,4050000.0
ORD04367,2023-12-22,2023-12,Thời trang,Cần Thơ,1290000.0,Returned,2,0.0,0.0
ORD04368,2023-04-08,2023-04,Điện thoại & Phụ kiện,Cần Thơ,1060000.0,Delivered,10,3.0,1060000.0
ORD04369,2023-01-25,2023-01,Điện thoại & Phụ kiện,TP.HCM,1290000.0,Delivered,4,5.0,1290000.0
ORD04370,2023-10-11,2023-10,Mỹ phẩm,Hà Nội,340000.0,Delivered,10,5.0,340000.0
ORD04371,2023-10-28,2023-10,Điện thoại & Phụ kiện,Hải Phòng,1620000.0,Delivered,3,2.0,1620000.0
ORD04372,2023-03-09,2023-03,Nhà cửa & Đời sống,TP.HCM,2540000.0,Delivered,6,3.0,2540000.0
ORD04373,2023-01-07,2023-01,Điện thoại & Phụ kiện,Hà Nội,2690000.0,Delivered,12,4.0,2690000.0
ORD04374,2023-11-01,2023-11,Mỹ phẩm,Hà Nội,130000.0,Delivered,12,5.0,130000.0
ORD04375,2023-05-17,2023-05,Điện thoại & Phụ kiện,TP.HCM,4020000.0,Delivered,13,4.0,4020000.0
ORD04376,2023-06-13,2023-06,Thời trang,TP.HCM,1520000.0,Delivered,8,1.0,1520000.0
ORD04377,2023-03-24,2023-03,Mỹ phẩm,Đà Nẵng,2910000.0,Returned,11,0.0,0.0
ORD04378,2023-05-18,2023-05,Thời trang,Hải Phòng,3440000.0,Returned,6,0.0,0.0
ORD04379,2023-03-14,2023-03,Thời trang,Cần Thơ,3550000.0,Returned,2,0.0,0.0
ORD04380,2023-08-25,2023-08,Điện thoại & Phụ kiện,Đà Nẵng,2290000.0,Canceled,5,0.0,0.0
ORD04381,2023-02-15,2023-02,Điện thoại & Phụ kiện,Hà Nội,3360000.0,Delivered,11,2.0,3360000.0
ORD04382,2023-04-16,2023-04,Điện thoại & Phụ kiện,Hải Phòng,1690000.0,Delivered,13,2.0,1690000.0
ORD04383,2023-10-15,2023-10,Thời trang,Hải Phòng,850000.0,Delivered,6,1.0,850000.0
ORD04384,2023-09-19,2023-09,Điện thoại & Phụ kiện,TP.HCM,1080000.0,Returned,9,0.0,0.0
ORD04385,2023-06-25,2023-06,Điện thoại & Phụ kiện,Hải Phòng,1890000.0,Delivered,6,4.0,1890000.0
ORD04386,2023-06-15,2023-06,Thời trang,Hải Phòng,1360000.0,Delivered,10,4.0,1360000.0
ORD04387,2023-05-25,2023-05,Thời trang,Hà Nội,410000.0,Delivered,5,1.0,410000.0
ORD04388,2023-11-26,2023-11,Mỹ phẩm,Đà Nẵng,2740000.0,Delivered,1,4.0,2740000.0
ORD04389,2023-10-10,2023-10,Điện thoại & Phụ kiện,Hải Phòng,3430000.0,Delivered,10,5.0,3430000.0
ORD04390,2023-02-23,2023-02,Điện thoại & Phụ kiện,TP.HCM,220000.0,Delivered,5,4.0,220000.0
ORD04391,2023-06-27,2023-06,Nhà cửa & Đời sống,Đà Nẵng,4490000.0,Delivered,5,5.0,4490000.0
ORD04392,2023-09-01,2023-09,Điện thoại & Phụ kiện,TP.HCM,3890000.0,Delivered,6,2.0,3890000.0
ORD04393,2023-12-07,2023-12,Mỹ phẩm,Hải Phòng,4370000.0,Canceled,7,0.0,0.0
ORD04394,2023-05-07,2023-05,Mỹ phẩm,Đà Nẵng,4900000.0,Canceled,13,0.0,0.0
ORD04395,2023-09-28,2023-09,Mỹ phẩm,Hải Phòng,3610000.0,Delivered,13,1.0,3610000.0
ORD04396,2023-05-12,2023-05,Điện thoại & Phụ kiện,Hà Nội,3480000.0,Returned,4,0.0,0.0
ORD04397,2023-04-03,2023-04,Mỹ phẩm,Đà Nẵng,4230000.0,Canceled,7,0.0,0.0
ORD04398,2023-03-14,2023-03,Mỹ phẩm,TP.HCM,4090000.0,Delivered,5,4.0,4090000.0
ORD04399,2023-09-05,2023-09,Thời trang,Hà Nội,4050000.0,Delivered,6,3.0,4050000.0
ORD04400,2023-12-14,2023-12,Điện thoại & Phụ kiện,Cần Thơ,2110000.0,Delivered,4,2.0,2110000.0
ORD04401,2023-09-30,2023-09,Điện thoại & Phụ kiện,TP.HCM,4590000.0,Delivered,12,5.0,4590000.0
ORD04402,2023-02-12,2023-02,Điện thoại & Phụ kiện,Hải Phòng,270000.0,Delivered,8,1.0,270000.0
ORD04403,2023-02-10,2023-02,Thời trang,TP.HCM,4060000.0,Delivered,9,5.0,4060000.0
ORD04404,2023-06-19,2023-06,Thời trang,Cần Thơ,1020000.0,Canceled,2,0.0,0.0
ORD04405,2023-07-31,2023-07,Điện thoại & Phụ kiện,TP.HCM,2890000.0,Delivered,12,5.0,2890000.0
ORD04406,2023-06-17,2023-06,Thời trang,Hà Nội,3670000.0,Delivered,11,2.0,3670000.0
ORD04407,2023-02-08,2023-02,Điện thoại & Phụ kiện,TP.HCM,4050000.0,Delivered,4,3.0,4050000.0
ORD04408,2023-09-02,2023-09,Thời trang,Đà Nẵng,3250000.0,Delivered,11,2.0,3250000.0
ORD04409,2023-05-31,2023-05,Nhà cửa & Đời sống,Cần Thơ,690000.0,Delivered,8,4.0,690000.0
ORD04410,2023-04-21,2023-04,Điện thoại & Phụ kiện,TP.HCM,4860000.0,Delivered,8,5.0,4860000.0
ORD04411,2023-02-16,2023-02,Điện thoại & Phụ kiện,Cần Thơ,2230000.0,Canceled,9,0.0,0.0
ORD04412,2023-03-04,2023-03,Điện thoại & Phụ kiện,Hà Nội,1090000.0,Canceled,3,0.0,0.0
ORD04413,2023-08-13,2023-08,Thời trang,Đà Nẵng,100000.0,Delivered,1,4.0,100000.0
ORD04414,2023-03-10,2023-03,Mỹ phẩm,Hải Phòng,520000.0,Delivered,9,4.0,520000.0
ORD04415,2023-10-26,2023-10,Nhà cửa & Đời sống,TP.HCM,3200000.0,Delivered,1,4.0,3200000.0
ORD04416,2023-10-17,2023-10,Điện thoại & Phụ kiện,Hà Nội,1770000.0,Canceled,3,0.0,0.0
ORD04417,2023-10-23,2023-10,Nhà cửa & Đời sống,Cần Thơ,2010000.0,Delivered,3,2.0,2010000.0
ORD04418,2023-07-22,2023-07,Điện thoại & Phụ kiện,Cần Thơ,430000.0,Delivered,9,3.0,430000.0
ORD04419,2023-03-02,2023-03,Thời trang,Hà Nội,430000.0,Returned,1,0.0,0.0
ORD04420,2023-11-14,2023-11,Điện thoại & Phụ kiện,TP.HCM,1850000.0,Canceled,7,0.0,0.0
ORD04421,2023-11-10,2023-11,Mỹ phẩm,Hải Phòng,4260000.0,Delivered,2,1.0,4260000.0
ORD04422,2023-06-10,2023-06,Thời trang,TP.HCM,2050000.0,Delivered,7,1.0,2050000.0
ORD04423,2023-11-27,2023-11,Thời trang,Đà Nẵng,4950000.0,Delivered,1,2.0,4950000.0
ORD04424,2023-01-16,2023-01,Mỹ phẩm,TP.HCM,1670000.0,Canceled,13,0.0,0.0
ORD04425,2023-12-04,2023-12,Điện thoại & Phụ kiện,Đà Nẵng,2540000.0,Delivered,10,5.0,2540000.0
ORD04426,2023-04-04,2023-04,Điện thoại & Phụ kiện,Cần Thơ,3750000.0,Delivered,10,4.0,3750000.0
ORD04427,2023-10-31,2023-10,Mỹ phẩm,Đà Nẵng,3490000.0,Delivered,8,2.0,3490000.0
ORD04428,2023-05-18,2023-05,Điện thoại & Phụ kiện,Hải Phòng,3550000.0,Delivered,10,3.0,3550000.0
ORD04429,2023-12-04,2023-12,Điện thoại & Phụ kiện,Hà Nội,3440000.0,Delivered,13,5.0,3440000.0
ORD04430,2023-02-07,2023-02,Thời trang,Đà Nẵng,800000.0,Delivered,10,3.0,800000.0
ORD04431,2023-05-07,2023-05,Thời trang,TP.HCM,3360000.0,Delivered,2,5.0,3360000.0
ORD04432,2023-10-02,2023-10,Điện thoại & Phụ kiện,Đà Nẵng,1230000.0,Delivered,3,1.0,1230000.0
ORD04433,2023-06-13,2023-06,Điện thoại & Phụ kiện,Cần Thơ,2940000.0,Delivered,8,5.0,2940000.0
ORD04434,2023-11-15,2023-11,Điện thoại & Phụ kiện,Đà Nẵng,4160000.0,Delivered,3,1.0,4160000.0
ORD04435,2023-03-18,2023-03,Thời trang,Hải Phòng,4270000.0,Delivered,1,4.0,4270000.0
ORD04436,2023-06-23,2023-06,Mỹ phẩm,Đà Nẵng,4770000.0,Delivered,9,2.0,4770000.0
ORD04437,2023-12-24,2023-12,Nhà cửa & Đời sống,Hải Phòng,1520000.0,Delivered,8,1.0,1520000.0
ORD04438,2023-11-17,2023-11,Thời trang,TP.HCM,1060000.0,Canceled,4,0.0,0.0
ORD04439,2023-04-01,2023-04,Điện thoại & Phụ kiện,Cần Thơ,3180000.0,Delivered,8,5.0,3180000.0
ORD04440,2023-08-26,2023-08,Nhà cửa & Đời sống,Hà Nội,4100000.0,Delivered,5,3.0,4100000.0
ORD04441,2023-09-21,2023-09,Thời trang,TP.HCM,3290000.0,Delivered,3,1.0,3290000.0
ORD04442,2023-06-28,2023-06,Điện thoại & Phụ kiện,TP.HCM,2210000.0,Delivered,1,3.0,2210000.0
ORD04443,2023-07-28,2023-07,Nhà cửa & Đời sống,Hà Nội,3260000.0,Canceled,13,0.0,0.0
ORD04444,2023-03-14,2023-03,Mỹ phẩm,Đà Nẵng,1940000.0,Delivered,10,2.0,1940000.0
ORD04445,2023-04-17,2023-04,Mỹ phẩm,Đà Nẵng,2140000.0,Returned,5,0.0,0.0
ORD04446,2023-12-11,2023-12,Mỹ phẩm,Đà Nẵng,3730000.0,Delivered,11,4.0,3730000.0
ORD04447,2023-10-22,2023-10,Điện thoại & Phụ kiện,Cần Thơ,2250000.0,Delivered,6,5.0,2250000.0
ORD04448,2023-10-11,2023-10,Điện thoại & Phụ kiện,TP.HCM,2550000.0,Delivered,4,5.0,2550000.0
ORD04449,2023-12-19,2023-12,Thời trang,Hải Phòng,2480000.0,Canceled,7,0.0,0.0
ORD04450,2023-07-01,2023-07,Điện thoại & Phụ kiện,Hà Nội,3020000.0,Returned,3,0.0,0.0
ORD04451,2023-02-06,2023-02,Thời trang,TP.HCM,4000000.0,Delivered,7,4.0,4000000.0
ORD04452,2023-05-17,2023-05,Mỹ phẩm,Đà Nẵng,170000.0,Delivered,1,1.0,170000.0
ORD04453,2023-12-04,2023-12,Mỹ phẩm,Hà Nội,4800000.0,Delivered,7,2.0,4800000.0
ORD04454,2023-02-25,2023-02,Thời trang,Hải Phòng,870000.0,Canceled,1,0.0,0.0
ORD04455,2023-07-06,2023-07,Mỹ phẩm,TP.HCM,3330000.0,Delivered,13,2.0,3330000.0
ORD04456,2023-12-07,2023-12,Mỹ phẩm,TP.HCM,2860000.0,Delivered,11,2.0,2860000.0
ORD04457,2023-09-15,2023-09,Thời trang,Cần Thơ,4540000.0,Delivered,1,4.0,4540000.0
ORD04458,2023-02-27,2023-02,Điện thoại & Phụ kiện,TP.HCM,2110000.0,Delivered,2,2.0,2110000.0
ORD04459,2023-12-29,2023-12,Điện thoại & Phụ kiện,TP.HCM,2230000.0,Delivered,2,1.0,2230000.0
ORD04460,2023-05-03,2023-05,Điện thoại & Phụ kiện,Hải Phòng,1030000.0,Delivered,4,3.0,1030000.0
ORD04461,2023-07-07,2023-07,Điện thoại & Phụ kiện,Hải Phòng,4870000.0,Canceled,13,0.0,0.0
ORD04462,2023-08-18,2023-08,Điện thoại & Phụ kiện,Hà Nội,4730000.0,Delivered,1,5.0,4730000.0
ORD04463,2023-06-17,2023-06,Điện thoại & Phụ kiện,Đà Nẵng,840000.0,Delivered,4,1.0,840000.0
ORD04464,2023-04-24,2023-04,Thời trang,Hải Phòng,4790000.0,Delivered,2,3.0,4790000.0
ORD04465,2023-09-09,2023-09,Nhà cửa & Đời sống,Hà Nội,1660000.0,Delivered,4,2.0,1660000.0
ORD04466,2023-04-17,2023-04,Điện thoại & Phụ kiện,TP.HCM,1620000.0,Delivered,4,1.0,1620000.0
ORD04467,2023-02-06,2023-02,Mỹ phẩm,Hà Nội,4510000.0,Canceled,9,0.0,0.0
ORD04468,2023-12-01,2023-12,Thời trang,Hà Nội,1510000.0,Returned,9,0.0,0.0
ORD04469,2023-04-02,2023-04,Điện thoại & Phụ kiện,Hà Nội,870000.0,Returned,1,0.0,0.0
ORD04470,2023-01-18,2023-01,Nhà cửa & Đời sống,Hà Nội,3310000.0,Canceled,5,0.0,0.0
ORD04471,2023-12-20,2023-12,Thời trang,Hải Phòng,1910000.0,Delivered,7,1.0,1910000.0
ORD04472,2023-03-04,2023-03,Điện thoại & Phụ kiện,Đà Nẵng,4700000.0,Delivered,4,5.0,4700000.0
ORD04473,2023-05-30,2023-05,Mỹ phẩm,Hà Nội,2040000.0,Delivered,12,2.0,2040000.0
ORD04474,2023-05-19,2023-05,Điện thoại & Phụ kiện,Cần Thơ,1670000.0,Delivered,5,2.0,1670000.0
ORD04475,2023-07-05,2023-07,Thời trang,TP.HCM,1550000.0,Delivered,2,4.0,1550000.0
ORD04476,2023-07-04,2023-07,Điện thoại & Phụ kiện,TP.HCM,630000.0,Delivered,3,2.0,630000.0
ORD04477,2023-07-24,2023-07,Mỹ phẩm,TP.HCM,3650000.0,Canceled,7,0.0,0.0
ORD04478,2023-09-17,2023-09,Thời trang,TP.HCM,2860000.0,Returned,10,0.0,0.0
ORD04479,2023-08-02,2023-08,Thời trang,TP.HCM,3180000.0,Returned,13,0.0,0.0
ORD04480,2023-09-13,2023-09,Điện thoại & Phụ kiện,Hà Nội,920000.0,Delivered,7,1.0,920000.0
ORD04481,2023-05-15,2023-05,Thời trang,Đà Nẵng,4090000.0,Returned,4,0.0,0.0
ORD04482,2023-03-02,2023-03,Mỹ phẩm,Cần Thơ,1650000.0,Delivered,12,2.0,1650000.0
ORD04483,2023-12-29,2023-12,Thời trang,Hải Phòng,130000.0,Delivered,1,3.0,130000.0
ORD04484,2023-11-06,2023-11,Thời trang,Cần Thơ,3200000.0,Delivered,1,1.0,3200000.0
ORD04485,2023-03-29,2023-03,Thời trang,Hải Phòng,2800000.0,Delivered,4,2.0,2800000.0
ORD04486,2023-11-20,2023-11,Mỹ phẩm,Hải Phòng,730000.0,Returned,4,0.0,0.0
ORD04487,2023-07-26,2023-07,Thời trang,Cần Thơ,4580000.0,Delivered,6,4.0,4580000.0
ORD04488,2023-05-09,2023-05,Mỹ phẩm,Hà Nội,1210000.0,Delivered,7,5.0,1210000.0
ORD04489,2023-11-07,2023-11,Mỹ phẩm,TP.HCM,2480000.0,Delivered,9,5.0,2480000.0
ORD04490,2023-01-03,2023-01,Thời trang,Hà Nội,1530000.0,Canceled,9,0.0,0.0
ORD04491,2023-08-30,2023-08,Điện thoại & Phụ kiện,TP.HCM,3830000.0,Delivered,10,5.0,3830000.0
ORD04492,2023-05-01,2023-05,Thời trang,Đà Nẵng,290000.0,Delivered,12,1.0,290000.0
ORD04493,2023-04-12,2023-04,Mỹ phẩm,Hải Phòng,730000.0,Delivered,12,5.0,730000.0
ORD04494,2023-02-07,2023-02,Điện thoại & Phụ kiện,Cần Thơ,2980000.0,Delivered,5,4.0,2980000.0
ORD04495,2023-12-07,2023-12,Thời trang,Đà Nẵng,900000.0,Delivered,10,2.0,900000.0
ORD04496,2023-05-13,2023-05,Mỹ phẩm,TP.HCM,2060000.0,Delivered,11,2.0,2060000.0
ORD04497,2023-07-21,2023-07,Điện thoại & Phụ kiện,Hà Nội,3910000.0,Delivered,3,2.0,3910000.0
ORD04498,2023-12-14,2023-12,Thời trang,Cần Thơ,780000.0,Returned,3,0.0,0.0
ORD04499,2023-01-21,2023-01,Điện thoại & Phụ kiện,Hải Phòng,1950000.0,Canceled,6,0.0,0.0
ORD04500,2023-08-30,2023-08,Điện thoại & Phụ kiện,Đà Nẵng,1760000.0,Delivered,1,1.0,1760000.0
ORD04501,2023-04-19,2023-04,Mỹ phẩm,Hải Phòng,2140000.0,Delivered,7,4.0,2140000.0
ORD04502,2023-10-30,2023-10,Điện thoại & Phụ kiện,TP.HCM,1730000.0,Delivered,3,2.0,1730000.0
ORD04503,2023-03-25,2023-03,Điện thoại & Phụ kiện,Hải Phòng,1030000.0,Canceled,5,0.0,0.0
ORD04504,2023-03-24,2023-03,Mỹ phẩm,Hà Nội,2580000.0,Delivered,7,3.0,2580000.0
ORD04505,2023-10-18,2023-10,Điện thoại & Phụ kiện,Đà Nẵng,770000.0,Delivered,7,5.0,770000.0
ORD04506,2023-03-10,2023-03,Nhà cửa & Đời sống,Đà Nẵng,3520000.0,Returned,9,0.0,0.0
ORD04507,2023-05-09,2023-05,Nhà cửa & Đời sống,Hà Nội,300000.0,Delivered,1,2.0,300000.0
ORD04508,2023-07-15,2023-07,Điện thoại & Phụ kiện,Hải Phòng,3280000.0,Delivered,3,2.0,3280000.0
ORD04509,2023-05-20,2023-05,Điện thoại & Phụ kiện,Hà Nội,940000.0,Returned,9,0.0,0.0
ORD04510,2023-10-10,2023-10,Mỹ phẩm,Cần Thơ,3990000.0,Delivered,8,1.0,3990000.0
ORD04511,2023-11-08,2023-11,Thời trang,Hà Nội,330000.0,Delivered,2,5.0,330000.0
ORD04512,2023-08-22,2023-08,Điện thoại & Phụ kiện,Hải Phòng,1200000.0,Delivered,8,1.0,1200000.0
ORD04513,2023-01-23,2023-01,Mỹ phẩm,Hà Nội,4460000.0,Delivered,8,1.0,4460000.0
ORD04514,2023-06-02,2023-06,Điện thoại & Phụ kiện,TP.HCM,3600000.0,Delivered,2,2.0,3600000.0
ORD04515,2023-10-04,2023-10,Mỹ phẩm,Hà Nội,920000.0,Delivered,8,4.0,920000.0
ORD04516,2023-03-02,2023-03,Điện thoại & Phụ kiện,Hà Nội,3670000.0,Delivered,3,5.0,3670000.0
ORD04517,2023-11-15,2023-11,Điện thoại & Phụ kiện,Hải Phòng,4690000.0,Delivered,7,1.0,4690000.0
ORD04518,2023-02-21,2023-02,Điện thoại & Phụ kiện,Cần Thơ,870000.0,Delivered,13,3.0,870000.0
ORD04519,2023-12-10,2023-12,Nhà cửa & Đời sống,Cần Thơ,4430000.0,Delivered,9,2.0,4430000.0
ORD04520,2023-06-02,2023-06,Thời trang,Hải Phòng,3890000.0,Delivered,4,4.0,3890000.0
ORD04521,2023-08-25,2023-08,Mỹ phẩm,Hải Phòng,1490000.0,Canceled,11,0.0,0.0
ORD04522,2023-11-07,2023-11,Điện thoại & Phụ kiện,Hải Phòng,4490000.0,Delivered,6,2.0,4490000.0
ORD04523,2023-10-29,2023-10,Điện thoại & Phụ kiện,TP.HCM,3850000.0,Delivered,9,1.0,3850000.0
ORD04524,2023-02-01,2023-02,Điện thoại & Phụ kiện,Đà Nẵng,2800000.0,Delivered,11,2.0,2800000.0
ORD04525,2023-02-24,2023-02,Thời trang,Hà Nội,3480000.0,Delivered,11,4.0,3480000.0
ORD04526,2023-12-18,2023-12,Thời trang,Hải Phòng,4850000.0,Delivered,5,4.0,4850000.0
ORD04527,2023-02-05,2023-02,Thời trang,Hải Phòng,4330000.0,Delivered,12,3.0,4330000.0
ORD04528,2023-04-20,2023-04,Điện thoại & Phụ kiện,Hải Phòng,1780000.0,Delivered,1,3.0,1780000.0
ORD04529,2023-06-26,2023-06,Nhà cửa & Đời sống,Cần Thơ,2060000.0,Canceled,3,0.0,0.0
ORD04530,2023-12-28,2023-12,Điện thoại & Phụ kiện,Hải Phòng,4620000.0,Delivered,11,3.0,4620000.0
ORD04531,2023-11-10,2023-11,Nhà cửa & Đời sống,Hà Nội,2710000.0,Canceled,9,0.0,0.0
ORD04532,2023-10-22,2023-10,Điện thoại & Phụ kiện,Hải Phòng,2240000.0,Delivered,3,3.0,2240000.0
ORD04533,2023-12-02,2023-12,Thời trang,Hà Nội,760000.0,Delivered,11,4.0,760000.0
ORD04534,2023-04-07,2023-04,Điện thoại & Phụ kiện,TP.HCM,2380000.0,Returned,11,0.0,0.0
ORD04535,2023-08-01,2023-08,Thời trang,Đà Nẵng,1700000.0,Delivered,10,1.0,1700000.0
ORD04536,2023-11-13,2023-11,Thời trang,Cần Thơ,4360000.0,Delivered,2,5.0,4360000.0
ORD04537,2023-05-17,2023-05,Thời trang,Hà Nội,1310000.0,Delivered,4,3.0,1310000.0
ORD04538,2023-01-06,2023-01,Thời trang,TP.HCM,1580000.0,Delivered,5,1.0,1580000.0
ORD04539,2023-04-19,2023-04,Mỹ phẩm,Đà Nẵng,3490000.0,Delivered,7,5.0,3490000.0
ORD04540,2023-02-04,2023-02,Thời trang,Đà Nẵng,2020000.0,Delivered,7,2.0,2020000.0
ORD04541,2023-02-08,2023-02,Mỹ phẩm,Đà Nẵng,2400000.0,Returned,9,0.0,0.0
ORD04542,2023-05-30,2023-05,Điện thoại & Phụ kiện,Hà Nội,1200000.0,Delivered,13,1.0,1200000.0
ORD04543,2023-04-28,2023-04,Thời trang,TP.HCM,1540000.0,Canceled,8,0.0,0.0
ORD04544,2023-09-18,2023-09,Thời trang,Hải Phòng,2300000.0,Delivered,13,1.0,2300000.0
ORD04545,2023-03-28,2023-03,Điện thoại & Phụ kiện,TP.HCM,4010000.0,Delivered,2,5.0,4010000.0
ORD04546,2023-03-17,2023-03,Thời trang,TP.HCM,730000.0,Delivered,12,2.0,730000.0
ORD04547,2023-11-09,2023-11,Điện thoại & Phụ kiện,TP.HCM,1350000.0,Delivered,8,3.0,1350000.0
ORD04548,2023-08-02,2023-08,Điện thoại & Phụ kiện,Hà Nội,2270000.0,Delivered,8,1.0,2270000.0
ORD04549,2023-10-12,2023-10,Điện thoại & Phụ kiện,Hà Nội,2930000.0,Delivered,5,4.0,2930000.0
ORD04550,2023-08-27,2023-08,Điện thoại & Phụ kiện,Hà Nội,3630000.0,Canceled,13,0.0,0.0
ORD04551,2023-06-14,2023-06,Thời trang,TP.HCM,4830000.0,Delivered,3,4.0,4830000.0
ORD04552,2023-03-28,2023-03,Thời trang,Hà Nội,4060000.0,Delivered,9,5.0,4060000.0
ORD04553,2023-05-21,2023-05,Nhà cửa & Đời sống,Đà Nẵng,2450000.0,Delivered,12,1.0,2450000.0
ORD04554,2023-06-09,2023-06,Mỹ phẩm,Hà Nội,4940000.0,Returned,7,0.0,0.0
ORD04555,2023-02-15,2023-02,Điện thoại & Phụ kiện,Cần Thơ,220000.0,Delivered,1,3.0,220000.0
ORD04556,2023-04-22,2023-04,Mỹ phẩm,Hà Nội,4310000.0,Delivered,8,1.0,4310000.0
ORD04557,2023-02-14,2023-02,Mỹ phẩm,Hà Nội,1620000.0,Delivered,10,2.0,1620000.0
ORD04558,2023-09-04,2023-09,Thời trang,Hà Nội,2480000.0,Delivered,13,5.0,2480000.0
ORD04559,2023-04-14,2023-04,Thời trang,Hà Nội,1990000.0,Delivered,5,1.0,1990000.0
ORD04560,2023-03-26,2023-03,Nhà cửa & Đời sống,Cần Thơ,1600000.0,Delivered,6,3.0,1600000.0
ORD04561,2023-05-14,2023-05,Thời trang,Hải Phòng,950000.0,Delivered,9,2.0,950000.0
ORD04562,2023-04-18,2023-04,Nhà cửa & Đời sống,Hà Nội,300000.0,Delivered,10,3.0,300000.0
ORD04563,2023-01-18,2023-01,Điện thoại & Phụ kiện,Đà Nẵng,1910000.0,Canceled,8,0.0,0.0
ORD04564,2023-04-04,2023-04,Điện thoại & Phụ kiện,Cần Thơ,3280000.0,Delivered,11,3.0,3280000.0
ORD04565,2023-05-30,2023-05,Thời trang,Hải Phòng,1670000.0,Delivered,3,5.0,1670000.0
ORD04566,2023-09-03,2023-09,Thời trang,Hà Nội,4680000.0,Delivered,13,1.0,4680000.0
ORD04567,2023-10-16,2023-10,Mỹ phẩm,Hải Phòng,4610000.0,Delivered,5,3.0,4610000.0
ORD04568,2023-07-28,2023-07,Nhà cửa & Đời sống,Đà Nẵng,4900000.0,Delivered,4,4.0,4900000.0
ORD04569,2023-05-06,2023-05,Điện thoại & Phụ kiện,Cần Thơ,3760000.0,Delivered,1,4.0,3760000.0
ORD04570,2023-08-23,2023-08,Điện thoại & Phụ kiện,Cần Thơ,850000.0,Delivered,5,1.0,850000.0
ORD04571,2023-05-02,2023-05,Mỹ phẩm,Hải Phòng,3380000.0,Delivered,10,4.0,3380000.0
ORD04572,2023-05-18,2023-05,Thời trang,Hà Nội,4250000.0,Canceled,7,0.0,0.0
ORD04573,2023-04-25,2023-04,Điện thoại & Phụ kiện,TP.HCM,2120000.0,Delivered,1,5.0,2120000.0
ORD04574,2023-06-11,2023-06,Thời trang,Cần Thơ,2380000.0,Delivered,4,1.0,2380000.0
ORD04575,2023-07-20,2023-07,Mỹ phẩm,TP.HCM,1610000.0,Delivered,6,2.0,1610000.0
ORD04576,2023-08-22,2023-08,Mỹ phẩm,Cần Thơ,2720000.0,Delivered,11,4.0,2720000.0
ORD04577,2023-01-28,2023-01,Thời trang,Hà Nội,810000.0,Delivered,12,4.0,810000.0
ORD04578,2023-01-11,2023-01,Điện thoại & Phụ kiện,Hà Nội,2340000.0,Delivered,9,3.0,2340000.0
ORD04579,2023-07-25,2023-07,Nhà cửa & Đời sống,Cần Thơ,4820000.0,Delivered,11,2.0,4820000.0
ORD04580,2023-06-16,2023-06,Thời trang,Hải Phòng,3940000.0,Delivered,8,3.0,3940000.0
ORD04581,2023-09-04,2023-09,Thời trang,Hà Nội,1400000.0,Delivered,2,1.0,1400000.0
ORD04582,2023-02-16,2023-02,Điện thoại & Phụ kiện,Hà Nội,3690000.0,Canceled,11,0.0,0.0
ORD04583,2023-09-03,2023-09,Mỹ phẩm,Đà Nẵng,370000.0,Delivered,3,4.0,370000.0
ORD04584,2023-05-07,2023-05,Điện thoại & Phụ kiện,Hà Nội,3080000.0,Delivered,10,5.0,3080000.0
ORD04585,2023-05-27,2023-05,Điện thoại & Phụ kiện,Đà Nẵng,1060000.0,Delivered,13,1.0,1060000.0
ORD04586,2023-04-28,2023-04,Thời trang,Hà Nội,550000.0,Delivered,5,1.0,550000.0
ORD04587,2023-06-01,2023-06,Điện thoại & Phụ kiện,Hà Nội,100000.0,Delivered,11,2.0,100000.0
ORD04588,2023-03-13,2023-03,Thời trang,Hải Phòng,1750000.0,Delivered,7,3.0,1750000.0
ORD04589,2023-12-29,2023-12,Điện thoại & Phụ kiện,Hải Phòng,2540000.0,Delivered,3,4.0,2540000.0
ORD04590,2023-05-17,2023-05,Thời trang,Hà Nội,2280000.0,Delivered,12,4.0,2280000.0
ORD04591,2023-06-24,2023-06,Điện thoại & Phụ kiện,Cần Thơ,1110000.0,Delivered,7,5.0,1110000.0
ORD04592,2023-10-16,2023-10,Điện thoại & Phụ kiện,Cần Thơ,3000000.0,Delivered,5,2.0,3000000.0
ORD04593,2023-01-19,2023-01,Điện thoại & Phụ kiện,Hà Nội,4670000.0,Delivered,10,1.0,4670000.0
ORD04594,2023-07-14,2023-07,Nhà cửa & Đời sống,Cần Thơ,2130000.0,Returned,6,0.0,0.0
ORD04595,2023-11-26,2023-11,Mỹ phẩm,Hà Nội,2110000.0,Delivered,6,4.0,2110000.0
ORD04596,2023-06-24,2023-06,Điện thoại & Phụ kiện,Hải Phòng,630000.0,Delivered,11,3.0,630000.0
ORD04597,2023-12-20,2023-12,Mỹ phẩm,TP.HCM,4910000.0,Delivered,11,5.0,4910000.0
ORD04598,2023-05-21,2023-05,Thời trang,Đà Nẵng,2890000.0,Delivered,12,1.0,2890000.0
ORD04599,2023-09-03,2023-09,Nhà cửa & Đời sống,Cần Thơ,4210000.0,Canceled,4,0.0,0.0
ORD04600,2023-04-03,2023-04,Điện thoại & Phụ kiện,Cần Thơ,2870000.0,Delivered,12,1.0,2870000.0
ORD04601,2023-08-27,2023-08,Thời trang,Hải Phòng,250000.0,Delivered,8,3.0,250000.0
ORD04602,2023-07-24,2023-07,Điện thoại & Phụ kiện,Cần Thơ,220000.0,Delivered,9,4.0,220000.0
ORD04603,2023-02-17,2023-02,Điện thoại & Phụ kiện,Hà Nội,3650000.0,Delivered,2,4.0,3650000.0
ORD04604,2023-09-02,2023-09,Nhà cửa & Đời sống,Hà Nội,3650000.0,Delivered,9,2.0,3650000.0
ORD04605,2023-11-16,2023-11,Thời trang,TP.HCM,3270000.0,Delivered,11,2.0,3270000.0
ORD04606,2023-11-13,2023-11,Điện thoại & Phụ kiện,TP.HCM,4360000.0,Delivered,12,4.0,4360000.0
ORD04607,2023-10-22,2023-10,Điện thoại & Phụ kiện,TP.HCM,960000.0,Delivered,4,1.0,960000.0
ORD04608,2023-05-08,2023-05,Mỹ phẩm,Hà Nội,870000.0,Delivered,6,3.0,870000.0
ORD04609,2023-12-10,2023-12,Thời trang,TP.HCM,4250000.0,Returned,7,0.0,0.0
ORD04610,2023-10-09,2023-10,Điện thoại & Phụ kiện,TP.HCM,760000.0,Delivered,4,3.0,760000.0
ORD04611,2023-01-17,2023-01,Nhà cửa & Đời sống,Hà Nội,3560000.0,Delivered,8,5.0,3560000.0
ORD04612,2023-03-12,2023-03,Điện thoại & Phụ kiện,Hải Phòng,2200000.0,Canceled,13,0.0,0.0
ORD04613,2023-09-26,2023-09,Điện thoại & Phụ kiện,Cần Thơ,2230000.0,Returned,10,0.0,0.0
ORD04614,2023-11-21,2023-11,Nhà cửa & Đời sống,Đà Nẵng,1940000.0,Delivered,8,4.0,1940000.0
ORD04615,2023-10-09,2023-10,Điện thoại & Phụ kiện,Hà Nội,4580000.0,Delivered,1,2.0,4580000.0
ORD04616,2023-11-01,2023-11,Điện thoại & Phụ kiện,Hà Nội,4620000.0,Delivered,8,4.0,4620000.0
ORD04617,2023-01-07,2023-01,Thời trang,Đà Nẵng,4420000.0,Delivered,10,5.0,4420000.0
ORD04618,2023-11-10,2023-11,Mỹ phẩm,Đà Nẵng,420000.0,Canceled,12,0.0,0.0
ORD04619,2023-11-01,2023-11,Điện thoại & Phụ kiện,TP.HCM,1240000.0,Delivered,3,4.0,1240000.0
ORD04620,2023-04-13,2023-04,Nhà cửa & Đời sống,Đà Nẵng,2840000.0,Delivered,5,2.0,2840000.0
ORD04621,2023-11-05,2023-11,Mỹ phẩm,Cần Thơ,4290000.0,Canceled,10,0.0,0.0
ORD04622,2023-07-12,2023-07,Điện thoại & Phụ kiện,Cần Thơ,2070000.0,Delivered,8,4.0,2070000.0
ORD04623,2023-08-29,2023-08,Mỹ phẩm,Cần Thơ,3890000.0,Returned,11,0.0,0.0
ORD04624,2023-03-03,2023-03,Điện thoại & Phụ kiện,Cần Thơ,1520000.0,Returned,6,0.0,0.0
ORD04625,2023-01-17,2023-01,Thời trang,Cần Thơ,2370000.0,Delivered,4,1.0,2370000.0
ORD04626,2023-06-20,2023-06,Mỹ phẩm,TP.HCM,1290000.0,Delivered,4,3.0,1290000.0
ORD04627,2023-01-25,2023-01,Nhà cửa & Đời sống,Hà Nội,3620000.0,Delivered,12,1.0,3620000.0
ORD04628,2023-09-08,2023-09,Điện thoại & Phụ kiện,Đà Nẵng,330000.0,Returned,4,0.0,0.0
ORD04629,2023-09-10,2023-09,Thời trang,Hà Nội,360000.0,Returned,6,0.0,0.0
ORD04630,2023-07-26,2023-07,Thời trang,Đà Nẵng,4420000.0,Delivered,7,2.0,4420000.0
ORD04631,2023-01-29,2023-01,Điện thoại & Phụ kiện,TP.HCM,840000.0,Delivered,13,1.0,840000.0
ORD04632,2023-04-27,2023-04,Điện thoại & Phụ kiện,TP.HCM,2500000.0,Delivered,5,2.0,2500000.0
ORD04633,2023-10-09,2023-10,Điện thoại & Phụ kiện,Hải Phòng,320000.0,Canceled,10,0.0,0.0
ORD04634,2023-05-24,2023-05,Thời trang,Hải Phòng,1700000.0,Delivered,8,4.0,1700000.0
ORD04635,2023-01-25,2023-01,Thời trang,TP.HCM,500000.0,Delivered,7,5.0,500000.0
ORD04636,2023-11-06,2023-11,Điện thoại & Phụ kiện,TP.HCM,2470000.0,Delivered,8,4.0,2470000.0
ORD04637,2023-06-05,2023-06,Mỹ phẩm,Đà Nẵng,2480000.0,Delivered,4,2.0,2480000.0
ORD04638,2023-03-14,2023-03,Mỹ phẩm,TP.HCM,650000.0,Canceled,8,0.0,0.0
ORD04639,2023-04-30,2023-04,Thời trang,Hà Nội,4220000.0,Delivered,13,3.0,4220000.0
ORD04640,2023-11-08,2023-11,Điện thoại & Phụ kiện,Đà Nẵng,4240000.0,Delivered,6,5.0,4240000.0
ORD04641,2023-11-17,2023-11,Thời trang,TP.HCM,4580000.0,Delivered,3,5.0,4580000.0
ORD04642,2023-04-03,2023-04,Điện thoại & Phụ kiện,Đà Nẵng,1070000.0,Returned,13,0.0,0.0
ORD04643,2023-03-27,2023-03,Điện thoại & Phụ kiện,Đà Nẵng,1550000.0,Delivered,8,3.0,1550000.0
ORD04644,2023-12-02,2023-12,Mỹ phẩm,Cần Thơ,4750000.0,Delivered,13,3.0,4750000.0
ORD04645,2023-12-30,2023-12,Điện thoại & Phụ kiện,Hải Phòng,2710000.0,Delivered,7,5.0,2710000.0
ORD04646,2023-04-28,2023-04,Điện thoại & Phụ kiện,Đà Nẵng,4450000.0,Delivered,10,3.0,4450000.0
ORD04647,2023-08-21,2023-08,Điện thoại & Phụ kiện,Đà Nẵng,490000.0,Delivered,5,5.0,490000.0
ORD04648,2023-07-18,2023-07,Điện thoại & Phụ kiện,Cần Thơ,2020000.0,Delivered,11,1.0,2020000.0
ORD04649,2023-07-25,2023-07,Điện thoại & Phụ kiện,TP.HCM,2480000.0,Delivered,4,3.0,2480000.0
ORD04650,2023-12-05,2023-12,Nhà cửa & Đời sống,Đà Nẵng,510000.0,Delivered,1,4.0,510000.0
ORD04651,2023-05-27,2023-05,Điện thoại & Phụ kiện,Cần Thơ,2310000.0,Delivered,10,2.0,2310000.0
ORD04652,2023-09-28,2023-09,Điện thoại & Phụ kiện,Hà Nội,2050000.0,Delivered,3,5.0,2050000.0
ORD04653,2023-05-19,2023-05,Điện thoại & Phụ kiện,Cần Thơ,2970000.0,Delivered,2,3.0,2970000.0
ORD04654,2023-06-30,2023-06,Nhà cửa & Đời sống,Hải Phòng,190000.0,Delivered,8,3.0,190000.0
ORD04655,2023-01-30,2023-01,Thời trang,Hải Phòng,2440000.0,Delivered,8,5.0,2440000.0
ORD04656,2023-02-26,2023-02,Điện thoại & Phụ kiện,TP.HCM,3340000.0,Canceled,12,0.0,0.0
ORD04657,2023-08-20,2023-08,Mỹ phẩm,TP.HCM,2740000.0,Delivered,5,3.0,2740000.0
ORD04658,2023-05-26,2023-05,Điện thoại & Phụ kiện,Hải Phòng,780000.0,Delivered,5,1.0,780000.0
ORD04659,2023-02-17,2023-02,Điện thoại & Phụ kiện,Hải Phòng,4540000.0,Delivered,11,2.0,4540000.0
ORD04660,2023-07-13,2023-07,Điện thoại & Phụ kiện,Đà Nẵng,1480000.0,Canceled,4,0.0,0.0
ORD04661,2023-08-12,2023-08,Điện thoại & Phụ kiện,Hải Phòng,3640000.0,Delivered,1,3.0,3640000.0
ORD04662,2023-05-16,2023-05,Điện thoại & Phụ kiện,TP.HCM,2280000.0,Delivered,1,2.0,2280000.0
ORD04663,2023-01-22,2023-01,Thời trang,Hải Phòng,2050000.0,Delivered,13,5.0,2050000.0
ORD04664,2023-01-06,2023-01,Điện thoại & Phụ kiện,TP.HCM,830000.0,Delivered,6,5.0,830000.0
ORD04665,2023-07-23,2023-07,Thời trang,Hà Nội,1120000.0,Delivered,4,5.0,1120000.0
ORD04666,2023-08-27,2023-08,Điện thoại & Phụ kiện,Hải Phòng,2340000.0,Delivered,4,4.0,2340000.0
ORD04667,2023-07-04,2023-07,Điện thoại & Phụ kiện,TP.HCM,1320000.0,Canceled,3,0.0,0.0
ORD04668,2023-12-26,2023-12,Thời trang,Cần Thơ,1110000.0,Delivered,9,5.0,1110000.0
ORD04669,2023-10-19,2023-10,Nhà cửa & Đời sống,Đà Nẵng,2730000.0,Returned,3,0.0,0.0
ORD04670,2023-12-01,2023-12,Điện thoại & Phụ kiện,TP.HCM,4420000.0,Delivered,8,5.0,4420000.0
ORD04671,2023-08-08,2023-08,Thời trang,Hải Phòng,4170000.0,Canceled,2,0.0,0.0
ORD04672,2023-04-26,2023-04,Điện thoại & Phụ kiện,Hải Phòng,4960000.0,Delivered,4,4.0,4960000.0
ORD04673,2023-11-09,2023-11,Điện thoại & Phụ kiện,Hà Nội,1700000.0,Delivered,1,1.0,1700000.0
ORD04674,2023-02-18,2023-02,Điện thoại & Phụ kiện,Cần Thơ,2420000.0,Delivered,11,2.0,2420000.0
ORD04675,2023-06-22,2023-06,Điện thoại & Phụ kiện,TP.HCM,2840000.0,Canceled,5,0.0,0.0
ORD04676,2023-03-23,2023-03,Điện thoại & Phụ kiện,Cần Thơ,2670000.0,Delivered,2,5.0,2670000.0
ORD04677,2023-11-18,2023-11,Điện thoại & Phụ kiện,Hà Nội,3200000.0,Delivered,11,1.0,3200000.0
ORD04678,2023-11-29,2023-11,Mỹ phẩm,Đà Nẵng,1480000.0,Delivered,13,3.0,1480000.0
ORD04679,2023-02-14,2023-02,Điện thoại & Phụ kiện,Cần Thơ,2360000.0,Returned,1,0.0,0.0
ORD04680,2023-12-01,2023-12,Thời trang,Hà Nội,2820000.0,Delivered,1,3.0,2820000.0
ORD04681,2023-01-20,2023-01,Điện thoại & Phụ kiện,TP.HCM,4350000.0,Delivered,2,4.0,4350000.0
ORD04682,2023-08-09,2023-08,Thời trang,Đà Nẵng,3260000.0,Returned,5,0.0,0.0
ORD04683,2023-05-03,2023-05,Thời trang,Hải Phòng,3960000.0,Returned,12,0.0,0.0
ORD04684,2023-08-22,2023-08,Điện thoại & Phụ kiện,Hà Nội,950000.0,Delivered,9,2.0,950000.0
ORD04685,2023-08-09,2023-08,Điện thoại & Phụ kiện,Hải Phòng,3000000.0,Canceled,6,0.0,0.0
ORD04686,2023-11-19,2023-11,Mỹ phẩm,Đà Nẵng,4780000.0,Delivered,12,3.0,4780000.0
ORD04687,2023-12-05,2023-12,Mỹ phẩm,Hà Nội,2260000.0,Delivered,4,4.0,2260000.0
ORD04688,2023-01-03,2023-01,Điện thoại & Phụ kiện,Hà Nội,3680000.0,Canceled,3,0.0,0.0
ORD04689,2023-07-01,2023-07,Điện thoại & Phụ kiện,Đà Nẵng,750000.0,Canceled,8,0.0,0.0
ORD04690,2023-07-25,2023-07,Mỹ phẩm,TP.HCM,2660000.0,Delivered,3,1.0,2660000.0
ORD04691,2023-11-16,2023-11,Điện thoại & Phụ kiện,Hà Nội,1440000.0,Delivered,1,3.0,1440000.0
ORD04692,2023-02-09,2023-02,Thời trang,Đà Nẵng,4130000.0,Delivered,4,3.0,4130000.0
ORD04693,2023-02-28,2023-02,Điện thoại & Phụ kiện,Cần Thơ,4360000.0,Canceled,11,0.0,0.0
ORD04694,2023-03-03,2023-03,Điện thoại & Phụ kiện,Hải Phòng,3840000.0,Returned,13,0.0,0.0
ORD04695,2023-05-12,2023-05,Thời trang,Hà Nội,3990000.0,Delivered,5,2.0,3990000.0
ORD04696,2023-03-01,2023-03,Thời trang,Cần Thơ,640000.0,Canceled,5,0.0,0.0
ORD04697,2023-11-27,2023-11,Điện thoại & Phụ kiện,Hà Nội,3650000.0,Delivered,5,1.0,3650000.0
ORD04698,2023-05-02,2023-05,Thời trang,TP.HCM,2520000.0,Delivered,8,3.0,2520000.0
ORD04699,2023-04-17,2023-04,Mỹ phẩm,Đà Nẵng,2610000.0,Delivered,8,5.0,2610000.0
ORD04700,2023-04-06,2023-04,Thời trang,Hà Nội,300000.0,Delivered,12,3.0,300000.0
ORD04701,2023-12-13,2023-12,Điện thoại & Phụ kiện,Đà Nẵng,3160000.0,Delivered,13,5.0,3160000.0
ORD04702,2023-08-23,2023-08,Thời trang,Hà Nội,4390000.0,Returned,4,0.0,0.0
ORD04703,2023-03-03,2023-03,Mỹ phẩm,TP.HCM,1720000.0,Delivered,9,5.0,1720000.0
ORD04704,2023-09-13,2023-09,Mỹ phẩm,TP.HCM,3650000.0,Delivered,1,2.0,3650000.0
ORD04705,2023-02-18,2023-02,Thời trang,Cần Thơ,2730000.0,Canceled,5,0.0,0.0
ORD04706,2023-12-14,2023-12,Điện thoại & Phụ kiện,TP.HCM,770000.0,Delivered,5,4.0,770000.0
ORD04707,2023-06-08,2023-06,Mỹ phẩm,Đà Nẵng,1160000.0,Delivered,5,5.0,1160000.0
ORD04708,2023-05-04,2023-05,Thời trang,TP.HCM,4090000.0,Delivered,8,5.0,4090000.0
ORD04709,2023-11-13,2023-11,Điện thoại & Phụ kiện,Hà Nội,760000.0,Canceled,9,0.0,0.0
ORD04710,2023-07-26,2023-07,Thời trang,TP.HCM,2080000.0,Delivered,3,4.0,2080000.0
ORD04711,2023-02-17,2023-02,Điện thoại & Phụ kiện,Đà Nẵng,2010000.0,Delivered,9,1.0,2010000.0
ORD04712,2023-05-16,2023-05,Thời trang,Hà Nội,110000.0,Delivered,13,3.0,110000.0
ORD04713,2023-07-20,2023-07,Điện thoại & Phụ kiện,Cần Thơ,2660000.0,Returned,11,0.0,0.0
ORD04714,2023-09-07,2023-09,Thời trang,Cần Thơ,4510000.0,Delivered,8,5.0,4510000.0
ORD04715,2023-11-10,2023-11,Nhà cửa & Đời sống,Cần Thơ,100000.0,Delivered,3,4.0,100000.0
ORD04716,2023-12-23,2023-12,Mỹ phẩm,Hà Nội,3670000.0,Delivered,2,1.0,3670000.0
ORD04717,2023-11-14,2023-11,Nhà cửa & Đời sống,Cần Thơ,1240000.0,Delivered,4,1.0,1240000.0
ORD04718,2023-10-22,2023-10,Nhà cửa & Đời sống,TP.HCM,4000000.0,Delivered,13,5.0,4000000.0
ORD04719,2023-11-10,2023-11,Điện thoại & Phụ kiện,Hà Nội,970000.0,Returned,12,0.0,0.0
ORD04720,2023-07-28,2023-07,Thời trang,Hà Nội,2060000.0,Delivered,2,5.0,2060000.0
ORD04721,2023-12-21,2023-12,Thời trang,Hà Nội,4780000.0,Canceled,4,0.0,0.0
ORD04722,2023-07-30,2023-07,Mỹ phẩm,Hải Phòng,1010000.0,Canceled,5,0.0,0.0
ORD04723,2023-07-11,2023-07,Điện thoại & Phụ kiện,Đà Nẵng,2830000.0,Delivered,2,1.0,2830000.0
ORD04724,2023-02-13,2023-02,Nhà cửa & Đời sống,Hải Phòng,3530000.0,Delivered,12,1.0,3530000.0
ORD04725,2023-01-29,2023-01,Thời trang,Hải Phòng,1690000.0,Returned,8,0.0,0.0
ORD04726,2023-02-28,2023-02,Mỹ phẩm,Hải Phòng,1820000.0,Canceled,1,0.0,0.0
ORD04727,2023-03-12,2023-03,Điện thoại & Phụ kiện,Đà Nẵng,420000.0,Delivered,3,3.0,420000.0
ORD04728,2023-04-02,2023-04,Điện thoại & Phụ kiện,Hải Phòng,4670000.0,Delivered,7,2.0,4670000.0
ORD04729,2023-09-22,2023-09,Mỹ phẩm,Cần Thơ,820000.0,Delivered,10,4.0,820000.0
ORD04730,2023-08-08,2023-08,Điện thoại & Phụ kiện,Hà Nội,4420000.0,Delivered,1,3.0,4420000.0
ORD04731,2023-08-03,2023-08,Mỹ phẩm,Hà Nội,4260000.0,Delivered,13,5.0,4260000.0
ORD04732,2023-10-04,2023-10,Điện thoại & Phụ kiện,TP.HCM,4900000.0,Returned,11,0.0,0.0
ORD04733,2023-03-05,2023-03,Thời trang,Cần Thơ,4640000.0,Delivered,2,2.0,4640000.0
ORD04734,2023-12-12,2023-12,Điện thoại & Phụ kiện,Đà Nẵng,2050000.0,Canceled,3,0.0,0.0
ORD04735,2023-10-19,2023-10,Thời trang,Hà Nội,2930000.0,Delivered,2,2.0,2930000.0
ORD04736,2023-09-02,2023-09,Thời trang,Hải Phòng,960000.0,Delivered,2,2.0,960000.0
ORD04737,2023-03-03,2023-03,Điện thoại & Phụ kiện,TP.HCM,3180000.0,Delivered,12,2.0,3180000.0
ORD04738,2023-11-28,2023-11,Điện thoại & Phụ kiện,TP.HCM,2330000.0,Delivered,11,3.0,2330000.0
ORD04739,2023-06-19,2023-06,Điện thoại & Phụ kiện,Hà Nội,530000.0,Delivered,6,5.0,530000.0
ORD04740,2023-09-26,2023-09,Thời trang,Cần Thơ,3450000.0,Delivered,7,1.0,3450000.0
ORD04741,2023-09-24,2023-09,Thời trang,TP.HCM,4480000.0,Delivered,6,1.0,4480000.0
ORD04742,2023-02-23,2023-02,Mỹ phẩm,Hà Nội,1470000.0,Delivered,11,3.0,1470000.0
ORD04743,2023-01-16,2023-01,Thời trang,Cần Thơ,2790000.0,Returned,6,0.0,0.0
ORD04744,2023-01-08,2023-01,Thời trang,Hà Nội,3680000.0,Canceled,9,0.0,0.0
ORD04745,2023-04-14,2023-04,Điện thoại & Phụ kiện,Hà Nội,450000.0,Delivered,8,2.0,450000.0
ORD04746,2023-02-28,2023-02,Điện thoại & Phụ kiện,Cần Thơ,430000.0,Canceled,8,0.0,0.0
ORD04747,2023-11-09,2023-11,Điện thoại & Phụ kiện,Cần Thơ,970000.0,Delivered,6,3.0,970000.0
ORD04748,2023-02-09,2023-02,Nhà cửa & Đời sống,Cần Thơ,1550000.0,Delivered,5,4.0,1550000.0
ORD04749,2023-08-25,2023-08,Mỹ phẩm,Hà Nội,250000.0,Delivered,9,4.0,250000.0
ORD04750,2023-04-04,2023-04,Điện thoại & Phụ kiện,TP.HCM,2420000.0,Delivered,12,4.0,2420000.0
ORD04751,2023-08-10,2023-08,Thời trang,Đà Nẵng,4300000.0,Delivered,2,5.0,4300000.0
ORD04752,2023-07-23,2023-07,Mỹ phẩm,Đà Nẵng,500000.0,Delivered,7,3.0,500000.0
ORD04753,2023-05-18,2023-05,Thời trang,Hà Nội,2640000.0,Delivered,6,4.0,2640000.0
ORD04754,2023-10-27,2023-10,Điện thoại & Phụ kiện,Hà Nội,2900000.0,Delivered,7,3.0,2900000.0
ORD04755,2023-07-26,2023-07,Điện thoại & Phụ kiện,TP.HCM,1350000.0,Returned,12,0.0,0.0
ORD04756,2023-12-02,2023-12,Thời trang,Cần Thơ,170000.0,Returned,4,0.0,0.0
ORD04757,2023-03-22,2023-03,Nhà cửa & Đời sống,Hà Nội,4810000.0,Delivered,9,3.0,4810000.0
ORD04758,2023-08-06,2023-08,Thời trang,Hải Phòng,4770000.0,Delivered,7,5.0,4770000.0
ORD04759,2023-01-02,2023-01,Điện thoại & Phụ kiện,Cần Thơ,3770000.0,Delivered,2,5.0,3770000.0
ORD04760,2023-06-27,2023-06,Điện thoại & Phụ kiện,Hà Nội,3590000.0,Canceled,13,0.0,0.0
ORD04761,2023-12-12,2023-12,Mỹ phẩm,Hải Phòng,3490000.0,Delivered,4,4.0,3490000.0
ORD04762,2023-10-06,2023-10,Mỹ phẩm,TP.HCM,4110000.0,Delivered,5,5.0,4110000.0
ORD04763,2023-05-26,2023-05,Thời trang,Hải Phòng,3330000.0,Delivered,2,1.0,3330000.0
ORD04764,2023-11-14,2023-11,Thời trang,Hà Nội,1850000.0,Delivered,10,2.0,1850000.0
ORD04765,2023-08-12,2023-08,Điện thoại & Phụ kiện,Đà Nẵng,2370000.0,Delivered,8,3.0,2370000.0
ORD04766,2023-03-03,2023-03,Mỹ phẩm,Hà Nội,4630000.0,Delivered,1,1.0,4630000.0
ORD04767,2023-10-21,2023-10,Mỹ phẩm,Đà Nẵng,3320000.0,Canceled,3,0.0,0.0
ORD04768,2023-08-27,2023-08,Điện thoại & Phụ kiện,TP.HCM,4110000.0,Delivered,1,3.0,4110000.0
ORD04769,2023-07-14,2023-07,Mỹ phẩm,TP.HCM,3760000.0,Delivered,5,3.0,3760000.0
ORD04770,2023-06-15,2023-06,Điện thoại & Phụ kiện,Cần Thơ,4970000.0,Delivered,8,5.0,4970000.0
ORD04771,2023-08-10,2023-08,Điện thoại & Phụ kiện,Cần Thơ,270000.0,Delivered,7,3.0,270000.0
ORD04772,2023-03-02,2023-03,Điện thoại & Phụ kiện,Đà Nẵng,650000.0,Delivered,9,3.0,650000.0
ORD04773,2023-05-09,2023-05,Điện thoại & Phụ kiện,Đà Nẵng,4160000.0,Delivered,2,2.0,4160000.0
ORD04774,2023-06-22,2023-06,Điện thoại & Phụ kiện,TP.HCM,440000.0,Canceled,12,0.0,0.0
ORD04775,2023-06-05,2023-06,Thời trang,Hải Phòng,3990000.0,Delivered,8,1.0,3990000.0
ORD04776,2023-04-20,2023-04,Thời trang,Đà Nẵng,1270000.0,Canceled,8,0.0,0.0
ORD04777,2023-09-26,2023-09,Thời trang,Đà Nẵng,2910000.0,Canceled,6,0.0,0.0
ORD04778,2023-12-22,2023-12,Điện thoại & Phụ kiện,Hải Phòng,2630000.0,Canceled,3,0.0,0.0
ORD04779,2023-10-05,2023-10,Điện thoại & Phụ kiện,Cần Thơ,2220000.0,Delivered,2,1.0,2220000.0
ORD04780,2023-03-15,2023-03,Thời trang,Cần Thơ,700000.0,Delivered,8,2.0,700000.0
ORD04781,2023-07-26,2023-07,Điện thoại & Phụ kiện,Đà Nẵng,970000.0,Delivered,6,5.0,970000.0
ORD04782,2023-10-06,2023-10,Điện thoại & Phụ kiện,Cần Thơ,2800000.0,Delivered,4,4.0,2800000.0
ORD04783,2023-11-22,2023-11,Mỹ phẩm,Cần Thơ,3560000.0,Delivered,5,2.0,3560000.0
ORD04784,2023-12-06,2023-12,Mỹ phẩm,Cần Thơ,410000.0,Canceled,5,0.0,0.0
ORD04785,2023-12-23,2023-12,Mỹ phẩm,TP.HCM,4050000.0,Returned,13,0.0,0.0
ORD04786,2023-12-06,2023-12,Thời trang,Hà Nội,1420000.0,Canceled,9,0.0,0.0
ORD04787,2023-07-23,2023-07,Điện thoại & Phụ kiện,Đà Nẵng,730000.0,Delivered,13,2.0,730000.0
ORD04788,2023-06-10,2023-06,Thời trang,Đà Nẵng,2080000.0,Delivered,13,2.0,2080000.0
ORD04789,2023-01-28,2023-01,Điện thoại & Phụ kiện,TP.HCM,2650000.0,Delivered,9,3.0,2650000.0
ORD04790,2023-09-14,2023-09,Thời trang,Hà Nội,3510000.0,Delivered,8,3.0,3510000.0
ORD04791,2023-06-14,2023-06,Điện thoại & Phụ kiện,Hà Nội,1640000.0,Canceled,8,0.0,0.0
ORD04792,2023-03-04,2023-03,Mỹ phẩm,TP.HCM,4720000.0,Delivered,12,3.0,4720000.0
ORD04793,2023-01-22,2023-01,Điện thoại & Phụ kiện,Hải Phòng,2400000.0,Delivered,2,2.0,2400000.0
ORD04794,2023-03-11,2023-03,Nhà cửa & Đời sống,Hải Phòng,3100000.0,Canceled,3,0.0,0.0
ORD04795,2023-04-06,2023-04,Mỹ phẩm,Hà Nội,440000.0,Delivered,8,1.0,440000.0
ORD04796,2023-06-12,2023-06,Thời trang,Hải Phòng,350000.0,Returned,13,0.0,0.0
ORD04797,2023-03-20,2023-03,Mỹ phẩm,Hải Phòng,320000.0,Delivered,5,3.0,320000.0
ORD04798,2023-01-05,2023-01,Thời trang,Hải Phòng,1500000.0,Canceled,7,0.0,0.0
ORD04799,2023-11-12,2023-11,Mỹ phẩm,Hà Nội,4830000.0,Delivered,8,4.0,4830000.0
ORD04800,2023-04-30,2023-04,Thời trang,Hải Phòng,3960000.0,Delivered,6,1.0,3960000.0
ORD04801,2023-10-29,2023-10,Mỹ phẩm,Đà Nẵng,2940000.0,Delivered,5,4.0,2940000.0
ORD04802,2023-06-27,2023-06,Thời trang,Hà Nội,4590000.0,Delivered,8,4.0,4590000.0
ORD04803,2023-06-25,2023-06,Nhà cửa & Đời sống,TP.HCM,3290000.0,Canceled,1,0.0,0.0
ORD04804,2023-08-05,2023-08,Thời trang,Hải Phòng,1650000.0,Delivered,1,3.0,1650000.0
ORD04805,2023-02-25,2023-02,Thời trang,Cần Thơ,4800000.0,Returned,1,0.0,0.0
ORD04806,2023-07-06,2023-07,Mỹ phẩm,Hà Nội,4290000.0,Canceled,3,0.0,0.0
ORD04807,2023-08-20,2023-08,Mỹ phẩm,TP.HCM,1220000.0,Delivered,10,1.0,1220000.0
ORD04808,2023-09-12,2023-09,Thời trang,Đà Nẵng,3990000.0,Delivered,13,2.0,3990000.0
ORD04809,2023-04-14,2023-04,Điện thoại & Phụ kiện,TP.HCM,1480000.0,Delivered,12,2.0,1480000.0
ORD04810,2023-03-18,2023-03,Thời trang,Hải Phòng,4310000.0,Delivered,6,4.0,4310000.0
ORD04811,2023-08-18,2023-08,Nhà cửa & Đời sống,Cần Thơ,3830000.0,Delivered,6,3.0,3830000.0
ORD04812,2023-09-15,2023-09,Mỹ phẩm,Hải Phòng,4270000.0,Delivered,5,3.0,4270000.0
ORD04813,2023-09-21,2023-09,Mỹ phẩm,TP.HCM,2180000.0,Delivered,13,2.0,2180000.0
ORD04814,2023-11-27,2023-11,Điện thoại & Phụ kiện,Hà Nội,3320000.0,Delivered,13,5.0,3320000.0
ORD04815,2023-07-01,2023-07,Thời trang,Cần Thơ,3730000.0,Delivered,7,1.0,3730000.0
ORD04816,2023-09-13,2023-09,Thời trang,Cần Thơ,4390000.0,Returned,5,0.0,0.0
ORD04817,2023-02-07,2023-02,Mỹ phẩm,TP.HCM,4910000.0,Delivered,2,1.0,4910000.0
ORD04818,2023-06-25,2023-06,Điện thoại & Phụ kiện,Hải Phòng,950000.0,Canceled,4,0.0,0.0
ORD04819,2023-01-27,2023-01,Mỹ phẩm,TP.HCM,2940000.0,Delivered,1,5.0,2940000.0
ORD04820,2023-10-03,2023-10,Thời trang,Cần Thơ,690000.0,Delivered,7,1.0,690000.0
ORD04821,2023-05-20,2023-05,Điện thoại & Phụ kiện,TP.HCM,630000.0,Canceled,4,0.0,0.0
ORD04822,2023-10-26,2023-10,Điện thoại & Phụ kiện,Cần Thơ,1020000.0,Delivered,13,5.0,1020000.0
ORD04823,2023-10-14,2023-10,Điện thoại & Phụ kiện,Hải Phòng,3340000.0,Delivered,4,1.0,3340000.0
ORD04824,2023-04-01,2023-04,Thời trang,Hà Nội,4670000.0,Delivered,13,5.0,4670000.0
ORD04825,2023-03-02,2023-03,Điện thoại & Phụ kiện,Hà Nội,4670000.0,Delivered,4,4.0,4670000.0
ORD04826,2023-12-31,2023-12,Điện thoại & Phụ kiện,TP.HCM,3820000.0,Delivered,3,2.0,3820000.0
ORD04827,2023-12-13,2023-12,Mỹ phẩm,Cần Thơ,2740000.0,Delivered,8,2.0,2740000.0
ORD04828,2023-06-12,2023-06,Điện thoại & Phụ kiện,Hà Nội,3910000.0,Delivered,4,5.0,3910000.0
ORD04829,2023-12-17,2023-12,Điện thoại & Phụ kiện,Cần Thơ,2220000.0,Canceled,8,0.0,0.0
ORD04830,2023-05-23,2023-05,Thời trang,Hải Phòng,3420000.0,Canceled,9,0.0,0.0
ORD04831,2023-09-10,2023-09,Thời trang,TP.HCM,190000.0,Delivered,1,3.0,190000.0
ORD04832,2023-09-26,2023-09,Mỹ phẩm,Cần Thơ,3670000.0,Delivered,4,1.0,3670000.0
ORD04833,2023-10-18,2023-10,Thời trang,TP.HCM,2120000.0,Delivered,6,5.0,2120000.0
ORD04834,2023-07-06,2023-07,Mỹ phẩm,Cần Thơ,2050000.0,Canceled,8,0.0,0.0
ORD04835,2023-10-31,2023-10,Thời trang,Cần Thơ,670000.0,Delivered,6,5.0,670000.0
ORD04836,2023-10-18,2023-10,Điện thoại & Phụ kiện,Hải Phòng,2650000.0,Delivered,12,1.0,2650000.0
ORD04837,2023-03-27,2023-03,Điện thoại & Phụ kiện,TP.HCM,2320000.0,Delivered,6,4.0,2320000.0
ORD04838,2023-06-15,2023-06,Thời trang,Đà Nẵng,3780000.0,Delivered,10,4.0,3780000.0
ORD04839,2023-04-24,2023-04,Điện thoại & Phụ kiện,Cần Thơ,1890000.0,Delivered,4,4.0,1890000.0
ORD04840,2023-12-22,2023-12,Mỹ phẩm,Cần Thơ,4270000.0,Delivered,9,1.0,4270000.0
ORD04841,2023-07-02,2023-07,Thời trang,Hà Nội,3710000.0,Delivered,7,1.0,3710000.0
ORD04842,2023-07-26,2023-07,Điện thoại & Phụ kiện,TP.HCM,440000.0,Delivered,11,3.0,440000.0
ORD04843,2023-09-13,2023-09,Điện thoại & Phụ kiện,Đà Nẵng,3680000.0,Delivered,6,1.0,3680000.0
ORD04844,2023-08-23,2023-08,Điện thoại & Phụ kiện,Hải Phòng,1120000.0,Delivered,1,1.0,1120000.0
ORD04845,2023-12-21,2023-12,Thời trang,Đà Nẵng,1700000.0,Canceled,2,0.0,0.0
ORD04846,2023-01-03,2023-01,Thời trang,Hải Phòng,2090000.0,Delivered,12,3.0,2090000.0
ORD04847,2023-07-27,2023-07,Thời trang,Đà Nẵng,1690000.0,Delivered,6,5.0,1690000.0
ORD04848,2023-07-16,2023-07,Điện thoại & Phụ kiện,Đà Nẵng,1920000.0,Delivered,11,2.0,1920000.0
ORD04849,2023-12-07,2023-12,Thời trang,TP.HCM,3620000.0,Delivered,1,2.0,3620000.0
ORD04850,2023-05-05,2023-05,Mỹ phẩm,Hà Nội,1450000.0,Delivered,11,5.0,1450000.0
ORD04851,2023-05-18,2023-05,Điện thoại & Phụ kiện,Đà Nẵng,4390000.0,Delivered,5,4.0,4390000.0
ORD04852,2023-12-05,2023-12,Thời trang,Cần Thơ,4070000.0,Delivered,1,1.0,4070000.0
ORD04853,2023-01-25,2023-01,Nhà cửa & Đời sống,Cần Thơ,2350000.0,Delivered,13,3.0,2350000.0
ORD04854,2023-03-09,2023-03,Điện thoại & Phụ kiện,Cần Thơ,4010000.0,Delivered,3,3.0,4010000.0
ORD04855,2023-03-02,2023-03,Thời trang,Hà Nội,2520000.0,Delivered,12,4.0,2520000.0
ORD04856,2023-01-29,2023-01,Điện thoại & Phụ kiện,Đà Nẵng,1150000.0,Returned,12,0.0,0.0
ORD04857,2023-01-19,2023-01,Thời trang,Hải Phòng,800000.0,Delivered,12,4.0,800000.0
ORD04858,2023-06-20,2023-06,Điện thoại & Phụ kiện,Hải Phòng,860000.0,Delivered,7,5.0,860000.0
ORD04859,2023-03-15,2023-03,Nhà cửa & Đời sống,TP.HCM,630000.0,Delivered,5,4.0,630000.0
ORD04860,2023-03-02,2023-03,Mỹ phẩm,Hà Nội,2860000.0,Delivered,12,2.0,2860000.0
ORD04861,2023-06-02,2023-06,Mỹ phẩm,Đà Nẵng,1200000.0,Delivered,10,4.0,1200000.0
ORD04862,2023-10-03,2023-10,Mỹ phẩm,Cần Thơ,2330000.0,Returned,1,0.0,0.0
ORD04863,2023-02-17,2023-02,Thời trang,Hà Nội,840000.0,Delivered,1,4.0,840000.0
ORD04864,2023-07-30,2023-07,Thời trang,Hà Nội,230000.0,Delivered,8,5.0,230000.0
ORD04865,2023-12-09,2023-12,Mỹ phẩm,Đà Nẵng,4680000.0,Delivered,11,2.0,4680000.0
ORD04866,2023-05-19,2023-05,Nhà cửa & Đời sống,TP.HCM,2670000.0,Delivered,13,1.0,2670000.0
ORD04867,2023-04-20,2023-04,Thời trang,TP.HCM,4910000.0,Returned,9,0.0,0.0
ORD04868,2023-07-02,2023-07,Nhà cửa & Đời sống,TP.HCM,1980000.0,Delivered,7,1.0,1980000.0
ORD04869,2023-01-28,2023-01,Thời trang,Cần Thơ,3730000.0,Delivered,13,5.0,3730000.0
ORD04870,2023-07-16,2023-07,Thời trang,Cần Thơ,2480000.0,Delivered,3,4.0,2480000.0
ORD04871,2023-07-10,2023-07,Thời trang,Đà Nẵng,4100000.0,Delivered,12,1.0,4100000.0
ORD04872,2023-11-11,2023-11,Điện thoại & Phụ kiện,TP.HCM,3430000.0,Delivered,6,5.0,3430000.0
ORD04873,2023-02-20,2023-02,Điện thoại & Phụ kiện,Đà Nẵng,4820000.0,Delivered,3,5.0,4820000.0
ORD04874,2023-05-29,2023-05,Điện thoại & Phụ kiện,TP.HCM,3130000.0,Delivered,10,1.0,3130000.0
ORD04875,2023-09-25,2023-09,Thời trang,Hà Nội,1000000.0,Delivered,4,5.0,1000000.0
ORD04876,2023-02-19,2023-02,Điện thoại & Phụ kiện,Hải Phòng,4010000.0,Delivered,12,1.0,4010000.0
ORD04877,2023-09-03,2023-09,Thời trang,Hải Phòng,1930000.0,Delivered,4,2.0,1930000.0
ORD04878,2023-04-23,2023-04,Nhà cửa & Đời sống,TP.HCM,260000.0,Delivered,3,3.0,260000.0
ORD04879,2023-06-19,2023-06,Điện thoại & Phụ kiện,Đà Nẵng,4620000.0,Delivered,10,2.0,4620000.0
ORD04880,2023-06-15,2023-06,Thời trang,Cần Thơ,210000.0,Delivered,6,1.0,210000.0
ORD04881,2023-01-14,2023-01,Điện thoại & Phụ kiện,TP.HCM,1750000.0,Canceled,5,0.0,0.0
ORD04882,2023-07-22,2023-07,Điện thoại & Phụ kiện,TP.HCM,1550000.0,Delivered,11,4.0,1550000.0
ORD04883,2023-10-15,2023-10,Mỹ phẩm,Cần Thơ,2910000.0,Delivered,9,3.0,2910000.0
ORD04884,2023-07-08,2023-07,Thời trang,TP.HCM,4880000.0,Returned,9,0.0,0.0
ORD04885,2023-06-04,2023-06,Mỹ phẩm,Hà Nội,460000.0,Delivered,3,5.0,460000.0
ORD04886,2023-02-24,2023-02,Điện thoại & Phụ kiện,Cần Thơ,790000.0,Canceled,13,0.0,0.0
ORD04887,2023-07-01,2023-07,Thời trang,Hà Nội,1780000.0,Delivered,9,2.0,1780000.0
ORD04888,2023-07-29,2023-07,Điện thoại & Phụ kiện,Hải Phòng,3440000.0,Returned,13,0.0,0.0
ORD04889,2023-03-16,2023-03,Điện thoại & Phụ kiện,Cần Thơ,1790000.0,Delivered,12,3.0,1790000.0
ORD04890,2023-10-04,2023-10,Điện thoại & Phụ kiện,Cần Thơ,2620000.0,Delivered,3,3.0,2620000.0
ORD04891,2023-05-13,2023-05,Điện thoại & Phụ kiện,Đà Nẵng,3550000.0,Delivered,4,3.0,3550000.0
ORD04892,2023-12-09,2023-12,Điện thoại & Phụ kiện,Đà Nẵng,4690000.0,Returned,1,0.0,0.0
ORD04893,2023-02-28,2023-02,Điện thoại & Phụ kiện,Cần Thơ,3060000.0,Delivered,5,3.0,3060000.0
ORD04894,2023-12-11,2023-12,Nhà cửa & Đời sống,Hải Phòng,4400000.0,Delivered,12,5.0,4400000.0
ORD04895,2023-07-01,2023-07,Điện thoại & Phụ kiện,TP.HCM,1510000.0,Delivered,9,5.0,1510000.0
ORD04896,2023-12-05,2023-12,Điện thoại & Phụ kiện,Đà Nẵng,3940000.0,Returned,2,0.0,0.0
ORD04897,2023-11-17,2023-11,Điện thoại & Phụ kiện,Hải Phòng,2820000.0,Delivered,4,2.0,2820000.0
ORD04898,2023-03-05,2023-03,Thời trang,Hải Phòng,2340000.0,Delivered,10,3.0,2340000.0
ORD04899,2023-11-23,2023-11,Điện thoại & Phụ kiện,Đà Nẵng,1920000.0,Delivered,2,2.0,1920000.0
ORD04900,2023-09-17,2023-09,Mỹ phẩm,TP.HCM,2300000.0,Delivered,8,3.0,2300000.0
ORD04901,2023-07-12,2023-07,Nhà cửa & Đời sống,Đà Nẵng,620000.0,Delivered,9,5.0,620000.0
ORD04902,2023-05-23,2023-05,Điện thoại & Phụ kiện,Hải Phòng,1270000.0,Delivered,3,4.0,1270000.0
ORD04903,2023-04-14,2023-04,Thời trang,Hà Nội,3740000.0,Returned,13,0.0,0.0
ORD04904,2023-08-02,2023-08,Điện thoại & Phụ kiện,Đà Nẵng,1680000.0,Delivered,9,1.0,1680000.0
ORD04905,2023-08-30,2023-08,Thời trang,Hải Phòng,4550000.0,Returned,6,0.0,0.0
ORD04906,2023-07-28,2023-07,Thời trang,Đà Nẵng,1450000.0,Delivered,6,1.0,1450000.0
ORD04907,2023-04-03,2023-04,Điện thoại & Phụ kiện,Hải Phòng,4230000.0,Delivered,7,2.0,4230000.0
ORD04908,2023-05-22,2023-05,Điện thoại & Phụ kiện,TP.HCM,860000.0,Delivered,12,5.0,860000.0
ORD04909,2023-04-22,2023-04,Thời trang,Hải Phòng,3450000.0,Delivered,5,4.0,3450000.0
ORD04910,2023-02-28,2023-02,Thời trang,Cần Thơ,4590000.0,Delivered,6,5.0,4590000.0
ORD04911,2023-02-12,2023-02,Điện thoại & Phụ kiện,Hà Nội,540000.0,Delivered,11,5.0,540000.0
ORD04912,2023-07-26,2023-07,Thời trang,Hải Phòng,270000.0,Returned,1,0.0,0.0
ORD04913,2023-09-25,2023-09,Thời trang,Đà Nẵng,3640000.0,Delivered,3,3.0,3640000.0
ORD04914,2023-10-23,2023-10,Mỹ phẩm,Đà Nẵng,4380000.0,Canceled,12,0.0,0.0
ORD04915,2023-04-28,2023-04,Điện thoại & Phụ kiện,Hải Phòng,4120000.0,Delivered,9,5.0,4120000.0
ORD04916,2023-01-20,2023-01,Mỹ phẩm,Cần Thơ,2140000.0,Delivered,12,4.0,2140000.0
ORD04917,2023-08-10,2023-08,Thời trang,Hải Phòng,3330000.0,Delivered,5,1.0,3330000.0
ORD04918,2023-06-15,2023-06,Điện thoại & Phụ kiện,TP.HCM,920000.0,Delivered,5,1.0,920000.0
ORD04919,2023-05-11,2023-05,Thời trang,Cần Thơ,590000.0,Delivered,8,4.0,590000.0
ORD04920,2023-06-05,2023-06,Thời trang,Hải Phòng,2900000.0,Canceled,11,0.0,0.0
ORD04921,2023-07-03,2023-07,Nhà cửa & Đời sống,Hà Nội,1750000.0,Returned,11,0.0,0.0
ORD04922,2023-03-31,2023-03,Điện thoại & Phụ kiện,Cần Thơ,2520000.0,Delivered,13,2.0,2520000.0
ORD04923,2023-04-04,2023-04,Thời trang,Hải Phòng,3860000.0,Returned,2,0.0,0.0
ORD04924,2023-01-13,2023-01,Điện thoại & Phụ kiện,Hà Nội,4880000.0,Delivered,13,2.0,4880000.0
ORD04925,2023-11-18,2023-11,Nhà cửa & Đời sống,Hải Phòng,1730000.0,Delivered,7,1.0,1730000.0
ORD04926,2023-10-20,2023-10,Điện thoại & Phụ kiện,TP.HCM,3330000.0,Delivered,9,3.0,3330000.0
ORD04927,2023-08-18,2023-08,Nhà cửa & Đời sống,Đà Nẵng,650000.0,Delivered,7,2.0,650000.0
ORD04928,2023-11-18,2023-11,Nhà cửa & Đời sống,Hải Phòng,480000.0,Delivered,12,3.0,480000.0
ORD04929,2023-10-19,2023-10,Điện thoại & Phụ kiện,Cần Thơ,3280000.0,Delivered,5,2.0,3280000.0
ORD04930,2023-01-26,2023-01,Mỹ phẩm,Hải Phòng,1370000.0,Delivered,13,4.0,1370000.0
ORD04931,2023-03-16,2023-03,Nhà cửa & Đời sống,Hải Phòng,4000000.0,Delivered,6,3.0,4000000.0
ORD04932,2023-12-30,2023-12,Điện thoại & Phụ kiện,Hải Phòng,1310000.0,Delivered,4,2.0,1310000.0
ORD04933,2023-10-26,2023-10,Thời trang,Hải Phòng,2560000.0,Delivered,12,4.0,2560000.0
ORD04934,2023-05-30,2023-05,Thời trang,Cần Thơ,1950000.0,Delivered,7,1.0,1950000.0
ORD04935,2023-05-28,2023-05,Điện thoại & Phụ kiện,Cần Thơ,2170000.0,Delivered,1,5.0,2170000.0
ORD04936,2023-01-08,2023-01,Điện thoại & Phụ kiện,Hải Phòng,3240000.0,Canceled,4,0.0,0.0
ORD04937,2023-01-29,2023-01,Điện thoại & Phụ kiện,Đà Nẵng,3130000.0,Delivered,3,4.0,3130000.0
ORD04938,2023-10-23,2023-10,Điện thoại & Phụ kiện,Hải Phòng,3980000.0,Delivered,13,1.0,3980000.0
ORD04939,2023-07-28,2023-07,Thời trang,Cần Thơ,2480000.0,Delivered,4,3.0,2480000.0
ORD04940,2023-05-08,2023-05,Điện thoại & Phụ kiện,TP.HCM,2240000.0,Delivered,1,2.0,2240000.0
ORD04941,2023-12-06,2023-12,Mỹ phẩm,Hải Phòng,3010000.0,Delivered,12,3.0,3010000.0
ORD04942,2023-04-26,2023-04,Mỹ phẩm,Hải Phòng,2330000.0,Delivered,13,4.0,2330000.0
ORD04943,2023-05-24,2023-05,Điện thoại & Phụ kiện,Hải Phòng,970000.0,Delivered,2,2.0,970000.0
ORD04944,2023-11-14,2023-11,Thời trang,Hải Phòng,340000.0,Delivered,12,5.0,340000.0
ORD04945,2023-08-23,2023-08,Thời trang,Hà Nội,4380000.0,Delivered,11,5.0,4380000.0
ORD04946,2023-01-07,2023-01,Nhà cửa & Đời sống,Hải Phòng,2290000.0,Canceled,13,0.0,0.0
ORD04947,2023-02-14,2023-02,Điện thoại & Phụ kiện,Cần Thơ,2840000.0,Delivered,9,4.0,2840000.0
ORD04948,2023-08-27,2023-08,Điện thoại & Phụ kiện,Cần Thơ,1440000.0,Returned,7,0.0,0.0
ORD04949,2023-06-04,2023-06,Nhà cửa & Đời sống,Hà Nội,4510000.0,Delivered,13,3.0,4510000.0
ORD04950,2023-06-30,2023-06,Nhà cửa & Đời sống,Hải Phòng,2420000.0,Returned,6,0.0,0.0
ORD04951,2023-08-03,2023-08,Mỹ phẩm,Đà Nẵng,4740000.0,Delivered,2,1.0,4740000.0
ORD04952,2023-03-29,2023-03,Mỹ phẩm,Hải Phòng,750000.0,Delivered,1,1.0,750000.0
ORD04953,2023-09-13,2023-09,Điện thoại & Phụ kiện,Cần Thơ,890000.0,Delivered,2,5.0,890000.0
ORD04954,2023-03-14,2023-03,Thời trang,TP.HCM,4320000.0,Delivered,7,1.0,4320000.0
ORD04955,2023-06-28,2023-06,Điện thoại & Phụ kiện,TP.HCM,2640000.0,Canceled,2,0.0,0.0
ORD04956,2023-07-31,2023-07,Điện thoại & Phụ kiện,Đà Nẵng,1340000.0,Delivered,3,5.0,1340000.0
ORD04957,2023-10-20,2023-10,Mỹ phẩm,Hải Phòng,1550000.0,Delivered,8,4.0,1550000.0
ORD04958,2023-08-22,2023-08,Điện thoại & Phụ kiện,Hà Nội,1120000.0,Delivered,7,5.0,1120000.0
ORD04959,2023-08-27,2023-08,Thời trang,Hải Phòng,3940000.0,Delivered,12,5.0,3940000.0
ORD04960,2023-08-11,2023-08,Nhà cửa & Đời sống,Đà Nẵng,4560000.0,Delivered,11,3.0,4560000.0
ORD04961,2023-04-29,2023-04,Điện thoại & Phụ kiện,Đà Nẵng,3960000.0,Canceled,11,0.0,0.0
ORD04962,2023-11-09,2023-11,Nhà cửa & Đời sống,Đà Nẵng,3920000.0,Delivered,11,2.0,3920000.0
ORD04963,2023-09-21,2023-09,Nhà cửa & Đời sống,TP.HCM,2860000.0,Returned,9,0.0,0.0
ORD04964,2023-07-26,2023-07,Thời trang,Hải Phòng,3910000.0,Returned,12,0.0,0.0
ORD04965,2023-04-05,2023-04,Điện thoại & Phụ kiện,Hải Phòng,1330000.0,Canceled,4,0.0,0.0
ORD04966,2023-08-10,2023-08,Điện thoại & Phụ kiện,Hà Nội,4230000.0,Delivered,7,2.0,4230000.0
ORD04967,2023-10-03,2023-10,Thời trang,Đà Nẵng,2760000.0,Delivered,1,1.0,2760000.0
ORD04968,2023-08-19,2023-08,Điện thoại & Phụ kiện,Đà Nẵng,2870000.0,Delivered,11,3.0,2870000.0
ORD04969,2023-11-05,2023-11,Điện thoại & Phụ kiện,Cần Thơ,1200000.0,Returned,11,0.0,0.0
ORD04970,2023-04-29,2023-04,Nhà cửa & Đời sống,Cần Thơ,3900000.0,Returned,2,0.0,0.0
ORD04971,2023-09-25,2023-09,Điện thoại & Phụ kiện,TP.HCM,3220000.0,Delivered,7,3.0,3220000.0
ORD04972,2023-09-30,2023-09,Mỹ phẩm,Hải Phòng,980000.0,Delivered,2,3.0,980000.0
ORD04973,2023-03-05,2023-03,Điện thoại & Phụ kiện,Hà Nội,3960000.0,Canceled,6,0.0,0.0
ORD04974,2023-10-25,2023-10,Thời trang,Hà Nội,1670000.0,Delivered,13,2.0,1670000.0
ORD04975,2023-12-16,2023-12,Nhà cửa & Đời sống,Đà Nẵng,2250000.0,Delivered,10,2.0,2250000.0
ORD04976,2023-01-11,2023-01,Điện thoại & Phụ kiện,Hà Nội,3930000.0,Returned,12,0.0,0.0
ORD04977,2023-04-08,2023-04,Điện thoại & Phụ kiện,Đà Nẵng,3100000.0,Canceled,9,0.0,0.0
ORD04978,2023-03-12,2023-03,Thời trang,Hải Phòng,450000.0,Returned,11,0.0,0.0
ORD04979,2023-12-30,2023-12,Mỹ phẩm,Hà Nội,960000.0,Delivered,5,3.0,960000.0
ORD04980,2023-02-27,2023-02,Thời trang,Đà Nẵng,1270000.0,Delivered,10,2.0,1270000.0
ORD04981,2023-10-17,2023-10,Điện thoại & Phụ kiện,Hải Phòng,3370000.0,Delivered,7,5.0,3370000.0
ORD04982,2023-09-08,2023-09,Điện thoại & Phụ kiện,Hải Phòng,4570000.0,Delivered,13,4.0,4570000.0
ORD04983,2023-10-03,2023-10,Nhà cửa & Đời sống,Đà Nẵng,1910000.0,Delivered,1,3.0,1910000.0
ORD04984,2023-02-19,2023-02,Nhà cửa & Đời sống,Đà Nẵng,770000.0,Canceled,8,0.0,0.0
ORD04985,2023-12-24,2023-12,Thời trang,TP.HCM,4430000.0,Returned,9,0.0,0.0
ORD04986,2023-08-04,2023-08,Mỹ phẩm,Hải Phòng,3680000.0,Delivered,13,1.0,3680000.0
ORD04987,2023-02-21,2023-02,Thời trang,Đà Nẵng,1680000.0,Delivered,5,3.0,1680000.0
ORD04988,2023-09-28,2023-09,Thời trang,Hải Phòng,2940000.0,Delivered,6,2.0,2940000.0
ORD04989,2023-03-25,2023-03,Điện thoại & Phụ kiện,Hà Nội,4520000.0,Delivered,13,1.0,4520000.0
ORD04990,2023-10-20,2023-10,Thời trang,Cần Thơ,1730000.0,Delivered,11,1.0,1730000.0
ORD04991,2023-05-06,2023-05,Thời trang,Cần Thơ,4700000.0,Delivered,8,1.0,4700000.0
ORD04992,2023-10-23,2023-10,Điện thoại & Phụ kiện,Đà Nẵng,3700000.0,Delivered,4,4.0,3700000.0
ORD04993,2023-03-13,2023-03,Thời trang,Đà Nẵng,820000.0,Canceled,2,0.0,0.0
ORD04994,2023-10-23,2023-10,Mỹ phẩm,Hải Phòng,1280000.0,Delivered,10,1.0,1280000.0
ORD04995,2023-08-24,2023-08,Thời trang,Đà Nẵng,3500000.0,Delivered,8,2.0,3500000.0
ORD04996,2023-02-25,2023-02,Thời trang,Hải Phòng,2040000.0,Delivered,2,1.0,2040000.0
ORD04997,2023-12-26,2023-12,Nhà cửa & Đời sống,Đà Nẵng,980000.0,Delivered,5,1.0,980000.0
ORD04998,2023-04-20,2023-04,Điện thoại & Phụ kiện,Hải Phòng,3540000.0,Returned,13,0.0,0.0
ORD04999,2023-07-11,2023-07,Thời trang,Đà Nẵng,850000.0,Delivered,6,3.0,850000.0
ORD05000,2023-04-03,2023-04,Mỹ phẩm,TP.HCM,2300000.0,Returned,5,0.0,0.0
